{"$schema":"http://schema.management.azure.com/schemas/2015-01-01/deploymentTemplate.json#","contentVersion":"1.0.0.0","parameters":{"workspaceName":{"type":"string","metadata":"Workspace name","defaultValue":"mgdc-synapse-ag"},"Microsoft365":{"type":"string"},"AzureDataLakeStorage":{"type":"string"}},"variables":{"workspaceId":"[concat('Microsoft.Synapse/workspaces/', parameters('workspaceName'))]"},"resources":[{"name":"[concat(parameters('workspaceName'), '/Sites_Permissions_SPGroups')]","type":"Microsoft.Synapse/workspaces/pipelines","apiVersion":"2019-06-01-preview","properties":{"activities":[{"name":"GetSites","type":"Copy","dependsOn":[],"policy":{"timeout":"0.12:00:00","retry":0,"retryIntervalInSeconds":30,"secureOutput":false,"secureInput":false},"userProperties":[],"typeProperties":{"source":{"type":"Office365Source","dateFilterColumn":"SnapshotDate","startTime":{"value":"@pipeline().parameters.StartTime","type":"Expression"},"endTime":{"value":"@pipeline().parameters.EndTime","type":"Expression"},"outputColumns":[{"name":"ptenant"},{"name":"Id"},{"name":"Url"},{"name":"ArchiveState"},{"name":"RootWeb"},{"name":"WebCount"},{"name":"StorageQuota"},{"name":"StorageUsed"},{"name":"StorageMetrics"},{"name":"GroupId"},{"name":"GeoLocation"},{"name":"IsInRecycleBin"},{"name":"RecycleBinItemCount"},{"name":"RecycleBinItemSize"},{"name":"SecondStageRecycleBinStorageUsage"},{"name":"IsTeamsConnectedSite"},{"name":"IsTeamsChannelSite"},{"name":"TeamsChannelType"},{"name":"IsCommunicationSite"},{"name":"IsHubSite"},{"name":"HubSiteId"},{"name":"IsOneDrive"},{"name":"BlockAccessFromUnmanagedDevices"},{"name":"BlockDownloadOfAllFilesOnUnmanagedDevices"},{"name":"BlockDownloadOfViewableFilesOnUnmanagedDevices"},{"name":"IsExternalSharingEnabled"},{"name":"Privacy"},{"name":"ShareByEmailEnabled"},{"name":"ShareByLinkEnabled"},{"name":"SiteConnectedToPrivateGroup"},{"name":"SensitivityLabelInfo"},{"name":"Classification"},{"name":"IBMode"},{"name":"IBSegments"},{"name":"RelatedGroupId"},{"name":"Owner"},{"name":"SecondaryContact"},{"name":"ReadLocked"},{"name":"ReadOnly"},{"name":"CreatedTime"},{"name":"LastSecurityModifiedDate"},{"name":"Operation"},{"name":"LastUserAccessDate"},{"name":"SnapshotDate"}]},"sink":{"type":"BinarySink","storeSettings":{"type":"AzureBlobFSWriteSettings"}},"enableStaging":false},"inputs":[{"referenceName":"Site_Perms_Sites_Source3","type":"DatasetReference","parameters":{}}],"outputs":[{"referenceName":"Site_Perms_Sites_Target3","type":"DatasetReference","parameters":{"StartTime":{"value":"@pipeline().parameters.StartTime","type":"Expression"},"EndTime":{"value":"@pipeline().parameters.EndTime","type":"Expression"},"RunId":{"value":"@pipeline().RunId","type":"Expression"},"StorageContainerName":{"value":"@pipeline().parameters.StorageContainerName","type":"Expression"}}}]},{"name":"GetPermissions","type":"Copy","dependsOn":[],"policy":{"timeout":"0.12:00:00","retry":0,"retryIntervalInSeconds":30,"secureOutput":false,"secureInput":false},"userProperties":[],"typeProperties":{"source":{"type":"Office365Source","dateFilterColumn":"SnapshotDate","startTime":{"value":"@pipeline().parameters.StartTime","type":"Expression"},"endTime":{"value":"@pipeline().parameters.EndTime","type":"Expression"},"outputColumns":[{"name":"ptenant"},{"name":"SiteId"},{"name":"WebId"},{"name":"ListId"},{"name":"ItemType"},{"name":"ItemURL"},{"name":"FileExtension"},{"name":"RoleDefinition"},{"name":"LinkId"},{"name":"ScopeId"},{"name":"LinkScope"},{"name":"SharedWithCount"},{"name":"SharedWithCountV2"},{"name":"SharedWith"},{"name":"Operation"},{"name":"SnapshotDate"},{"name":"ShareCreatedBy"},{"name":"ShareCreatedTime"},{"name":"ShareLastModifiedBy"},{"name":"ShareLastModifiedTime"},{"name":"ShareExpirationTime"},{"name":"TotalUserCount"}]},"sink":{"type":"BinarySink","storeSettings":{"type":"AzureBlobFSWriteSettings"}},"enableStaging":false},"inputs":[{"referenceName":"Site_Perms_Perms_Source3","type":"DatasetReference","parameters":{}}],"outputs":[{"referenceName":"Site_Perms_Perms_Target3","type":"DatasetReference","parameters":{"StartTime":{"value":"@pipeline().parameters.StartTime","type":"Expression"},"EndTime":{"value":"@pipeline().parameters.EndTime","type":"Expression"},"RunId":{"value":"@pipeline().RunId","type":"Expression"},"StorageContainerName":{"value":"@pipeline().parameters.StorageContainerName","type":"Expression"}}}]},{"name":"SitesEnhancedWithPerms","type":"SynapseNotebook","dependsOn":[{"activity":"GetSites","dependencyConditions":["Succeeded"]},{"activity":"GetPermissions","dependencyConditions":["Succeeded"]},{"activity":"GetSPOGroups","dependencyConditions":["Succeeded"]}],"policy":{"timeout":"0.12:00:00","retry":0,"retryIntervalInSeconds":30,"secureOutput":false,"secureInput":false},"userProperties":[],"typeProperties":{"notebook":{"referenceName":"SitesPermsGroupDashboard_Simplified","type":"NotebookReference"},"parameters":{"windowStartTime":{"value":{"value":"@pipeline().parameters.StartTime","type":"Expression"},"type":"string"},"windowEndTime":{"value":{"value":"@pipeline().parameters.EndTime","type":"Expression"},"type":"string"},"runId":{"value":{"value":"@pipeline().RunId","type":"Expression"},"type":"string"},"storageAccountName":{"value":{"value":"@pipeline().parameters.StorageAccountName","type":"Expression"},"type":"string"},"storageContainerName":{"value":{"value":"@pipeline().parameters.StorageContainerName","type":"Expression"},"type":"string"},"retainForHistoricTrending":{"value":{"value":"@pipeline().parameters.RetainForHistoricTrending","type":"Expression"},"type":"bool"}},"snapshot":true,"sparkPool":{"referenceName":{"value":"@pipeline().parameters.SparkPoolName","type":"Expression"},"type":"BigDataPoolReference"},"conf":{"spark.dynamicAllocation.enabled":null,"spark.dynamicAllocation.minExecutors":null,"spark.dynamicAllocation.maxExecutors":null},"numExecutors":null}},{"name":"Success","description":"this variable is just a placeholder to set result of pipeline as success.","type":"SetVariable","dependsOn":[{"activity":"ActionNotebook","dependencyConditions":["Succeeded"]},{"activity":"CreateGroupsDF","dependencyConditions":["Succeeded"]}],"policy":{"secureOutput":false,"secureInput":false},"userProperties":[],"typeProperties":{"variableName":"IsSuccess","value":true}},{"name":"GetSPOGroups","type":"Copy","dependsOn":[],"policy":{"timeout":"0.12:00:00","retry":0,"retryIntervalInSeconds":30,"secureOutput":false,"secureInput":false},"userProperties":[],"typeProperties":{"source":{"type":"Office365Source","dateFilterColumn":"SnapshotDate","startTime":{"value":"@pipeline().parameters.StartTime","type":"Expression"},"endTime":{"value":"@pipeline().parameters.EndTime","type":"Expression"},"outputColumns":[{"name":"ptenant"},{"name":"SiteId"},{"name":"GroupId"},{"name":"GroupLinkId"},{"name":"GroupType"},{"name":"DisplayName"},{"name":"Description"},{"name":"Owner"},{"name":"Members"},{"name":"Operation"},{"name":"SnapshotDate"}]},"sink":{"type":"BinarySink","storeSettings":{"type":"AzureBlobFSWriteSettings"}},"enableStaging":false},"inputs":[{"referenceName":"Sites_Perms_Groups_SPOGroups3","type":"DatasetReference","parameters":{}}],"outputs":[{"referenceName":"Site_Perms_Groups_GroupsTarget3","type":"DatasetReference","parameters":{"StartTime":{"value":"@pipeline().parameters.StartTime","type":"Expression"},"EndTime":{"value":"@pipeline().parameters.EndTime","type":"Expression"},"RunId":{"value":"@pipeline().RunId","type":"Expression"},"StorageContainerName":{"value":"@pipeline().parameters.StorageContainerName","type":"Expression"}}}]},{"name":"ActionNotebook","type":"SynapseNotebook","dependsOn":[{"activity":"SitesEnhancedWithPerms","dependencyConditions":["Succeeded"]}],"policy":{"timeout":"0.12:00:00","retry":0,"retryIntervalInSeconds":30,"secureOutput":false,"secureInput":false},"userProperties":[],"typeProperties":{"notebook":{"referenceName":"ActionDatasets","type":"NotebookReference"},"parameters":{"storageAccountName":{"value":{"value":"@pipeline().parameters.StorageAccountName","type":"Expression"},"type":"string"},"storageContainerName":{"value":{"value":"@pipeline().parameters.StorageContainerName","type":"Expression"},"type":"string"}},"snapshot":true,"sparkPool":{"referenceName":{"value":"@pipeline().parameters.SparkPoolName","type":"Expression"},"type":"BigDataPoolReference"},"conf":{}}},{"name":"CreateGroupsDF","type":"SynapseNotebook","dependsOn":[{"activity":"SitesEnhancedWithPerms","dependencyConditions":["Succeeded"]}],"policy":{"timeout":"0.12:00:00","retry":0,"retryIntervalInSeconds":30,"secureOutput":false,"secureInput":false},"userProperties":[],"typeProperties":{"notebook":{"referenceName":"ProcessGroupUsingSitesOnly","type":"NotebookReference"},"parameters":{"storageAccountName":{"value":{"value":"@pipeline().parameters.StorageAccountName","type":"Expression"},"type":"string"},"storageContainerName":{"value":{"value":"@pipeline().parameters.StorageContainerName","type":"Expression"},"type":"string"}},"snapshot":true,"sparkPool":{"referenceName":{"value":"@pipeline().parameters.SparkPoolName","type":"Expression"},"type":"BigDataPoolReference"},"conf":{}}}],"policy":{"elapsedTimeMetric":{}},"parameters":{"StartTime":{"type":"string","defaultValue":"2024-06-30T00:00:00Z"},"EndTime":{"type":"string","defaultValue":"2024-06-30T00:00:00Z"},"StorageAccountName":{"type":"string","defaultValue":"mgdcag3"},"StorageContainerName":{"type":"string","defaultValue":"oversharing-no-groups"},"SparkPoolName":{"type":"string","defaultValue":"sparkpoolag"},"RetainForHistoricTrending":{"type":"bool","defaultValue":false}},"variables":{"IsSuccess":{"type":"Boolean"},"StartDate":{"type":"String"},"DeltaDays":{"type":"Integer"}},"annotations":[],"lastPublishTime":"2024-07-02T15:18:51Z"},"dependsOn":["[concat(variables('workspaceId'), '/datasets/Site_Perms_Sites_Source3')]","[concat(variables('workspaceId'), '/datasets/Site_Perms_Sites_Target3')]","[concat(variables('workspaceId'), '/datasets/Site_Perms_Perms_Source3')]","[concat(variables('workspaceId'), '/datasets/Site_Perms_Perms_Target3')]","[concat(variables('workspaceId'), '/notebooks/SitesPermsGroupDashboard_Simplified')]","[concat(variables('workspaceId'), '/datasets/Sites_Perms_Groups_SPOGroups3')]","[concat(variables('workspaceId'), '/datasets/Site_Perms_Groups_GroupsTarget3')]","[concat(variables('workspaceId'), '/notebooks/ActionDatasets')]","[concat(variables('workspaceId'), '/notebooks/ProcessGroupUsingSitesOnly')]"]},{"name":"[concat(parameters('workspaceName'), '/Site_Perms_Sites_Source3')]","type":"Microsoft.Synapse/workspaces/datasets","apiVersion":"2019-06-01-preview","properties":{"linkedServiceName":{"referenceName":"[parameters('Microsoft365')]","type":"LinkedServiceReference"},"annotations":[],"type":"Office365Table","schema":[],"typeProperties":{"tableName":"BasicDataSet_v0.SharePointSites_v1"}},"dependsOn":[]},{"name":"[concat(parameters('workspaceName'), '/Site_Perms_Sites_Target3')]","type":"Microsoft.Synapse/workspaces/datasets","apiVersion":"2019-06-01-preview","properties":{"linkedServiceName":{"referenceName":"[parameters('AzureDataLakeStorage')]","type":"LinkedServiceReference"},"parameters":{"StartTime":{"type":"string"},"EndTime":{"type":"string"},"RunId":{"type":"string"},"StorageContainerName":{"type":"string"}},"annotations":[],"type":"Binary","typeProperties":{"location":{"type":"AzureBlobFSLocation","folderPath":{"value":"@concat('raw/sites/',formatDateTime(dataset().EndTime, 'yyyy'),'/', formatDateTime(dataset().EndTime, 'MM'),'/',formatDateTime(dataset().EndTime, 'dd'),'/',dataset().RunId)","type":"Expression"},"fileSystem":{"value":"@dataset().StorageContainerName","type":"Expression"}}}},"dependsOn":[]},{"name":"[concat(parameters('workspaceName'), '/Site_Perms_Perms_Source3')]","type":"Microsoft.Synapse/workspaces/datasets","apiVersion":"2019-06-01-preview","properties":{"linkedServiceName":{"referenceName":"[parameters('Microsoft365')]","type":"LinkedServiceReference"},"annotations":[],"type":"Office365Table","schema":[],"typeProperties":{"tableName":"BasicDataSet_v0.SharePointPermissions_v1"}},"dependsOn":[]},{"name":"[concat(parameters('workspaceName'), '/Site_Perms_Perms_Target3')]","type":"Microsoft.Synapse/workspaces/datasets","apiVersion":"2019-06-01-preview","properties":{"linkedServiceName":{"referenceName":"[parameters('AzureDataLakeStorage')]","type":"LinkedServiceReference"},"parameters":{"StartTime":{"type":"string"},"EndTime":{"type":"string"},"RunId":{"type":"string"},"StorageContainerName":{"type":"string"}},"annotations":[],"type":"Binary","typeProperties":{"location":{"type":"AzureBlobFSLocation","folderPath":{"value":"@concat('raw/permissions/',formatDateTime(dataset().EndTime, 'yyyy'),'/', formatDateTime(dataset().EndTime, 'MM'),'/',formatDateTime(dataset().EndTime, 'dd'),'/',dataset().RunId)","type":"Expression"},"fileSystem":{"value":"@dataset().StorageContainerName","type":"Expression"}}}},"dependsOn":[]},{"name":"[concat(parameters('workspaceName'), '/SitesPermsGroupDashboard_Simplified')]","type":"Microsoft.Synapse/workspaces/notebooks","apiVersion":"2019-06-01-preview","properties":{"nbformat":4,"nbformat_minor":2,"bigDataPool":{"referenceName":"sparkpoolag","type":"BigDataPoolReference"},"sessionProperties":{"driverMemory":"28g","driverCores":4,"executorMemory":"28g","executorCores":4,"numExecutors":2,"runAsWorkspaceSystemIdentity":false,"conf":{"spark.dynamicAllocation.enabled":"false","spark.dynamicAllocation.minExecutors":"2","spark.dynamicAllocation.maxExecutors":"2","spark.autotune.trackingId":"365d2e87-c49e-40c4-b399-11788d34d240"}},"metadata":{"saveOutput":true,"synapse_widget":{"version":"0.1","state":{}},"enableDebugMode":false,"language_info":{"name":"scala"},"a365ComputeOptions":{"id":"/subscriptions/11d200f8-1102-471f-9068-97780c3beaa1/resourceGroups/mgdc-pg/providers/Microsoft.Synapse/workspaces/mgdc-synapse-ag/bigDataPools/sparkpoolag","name":"sparkpoolag","type":"Spark","endpoint":"https://mgdc-synapse-ag.dev.azuresynapse.net/livyApi/versions/2019-11-01-preview/sparkPools/sparkpoolag","auth":{"type":"AAD","authResource":"https://dev.azuresynapse.net","authHeader":null},"sparkVersion":"3.4","nodeCount":3,"cores":4,"memory":28,"extraHeader":null},"sessionKeepAliveTimeout":30},"cells":[{"cell_type":"code","metadata":{"microsoft":{"language":"scala"}},"source":["%%spark\r\n","println(\"Application Id: \" + spark.sparkContext.applicationId )\r\n","println(\"Application Name: \" + spark.sparkContext.appName)"],"outputs":[],"execution_count":1},{"cell_type":"markdown","metadata":{"nteract":{"transient":{"deleting":false}}},"source":["## Set up variables\r\n","\r\n","These initial variable values come from the notebook parameters"]},{"cell_type":"code","metadata":{"jupyter":{"source_hidden":false,"outputs_hidden":false},"nteract":{"transient":{"deleting":false}}},"source":["\r\n","// var windowStartTime = \"2024-02-10T00:00:00Z\" ;\r\n","// var windowEndTime = \"2024-04-30T00:00:00Z\" ;\r\n","// var runId = \"fb52d2b9-1cb1-441c-a93d-1394a9b58c50\" ;\r\n","// var storageAccountName = \"mgdcag\" ;\r\n","// var storageContainerName = \"sites-permisions-group-details\";\r\n","// var retainForHistoricTrending = false ;\r\n","\r\n","// If start and end date are the same we are performing a full pull\r\n","val fullPull: Boolean = windowStartTime == windowEndTime\r\n","\r\n","\r\n",""],"outputs":[],"execution_count":23},{"cell_type":"code","metadata":{"jupyter":{"source_hidden":false,"outputs_hidden":false},"nteract":{"transient":{"deleting":false}}},"source":["import java.text.SimpleDateFormat\r\n","import java.time.LocalDateTime\r\n","import java.time.format.DateTimeFormatter\r\n","import java.time.temporal.ChronoUnit\r\n","import org.apache.spark.sql.types._\r\n","import org.apache.spark.sql.{DataFrame, Row, SparkSession}\r\n","\r\n","val standardDatePattern: String = \"yyyy-MM-dd'T'HH:mm:ss'Z'\"\r\n","val windowStartDateTimeLocal: LocalDateTime =\r\n","      LocalDateTime.parse(windowStartTime, DateTimeFormatter.ofPattern(standardDatePattern))\r\n","val windowEndTimeLocal: LocalDateTime =\r\n","      LocalDateTime.parse(windowEndTime, DateTimeFormatter.ofPattern(standardDatePattern))\r\n","\r\n","// set your storage account connection\r\n","\r\n","val timeDirFormatter = DateTimeFormatter.ofPattern(\"yyyy/MM/dd\")\r\n","val yearMonthDayFormat = windowStartDateTimeLocal.format(timeDirFormatter).stripSuffix(\"/\")\r\n","val yearMonthDayFormatEnd = windowEndTimeLocal.format(timeDirFormatter).stripSuffix(\"/\")\r\n","\r\n","val adls_path = f\"abfss://$storageContainerName@$storageAccountName.dfs.core.windows.net\"\r\n","\r\n","val spSites = adls_path + s\"/raw/sites/$yearMonthDayFormatEnd/$runId/\"\r\n","val spPermissions = adls_path + s\"/raw/permissions/$yearMonthDayFormatEnd/$runId/\"\r\n","val spGroups = adls_path + s\"/raw/spgroups/$yearMonthDayFormatEnd/$runId/\"\r\n","\r\n","val latestSPSitesEnhanced = adls_path + s\"/latest/sites/\"\r\n","val latestSPPermissions = adls_path + s\"/latest/permissions/\"\r\n","val latestSPGroups = adls_path + s\"/latest/spgroups/\"\r\n","val latestSPGroupMembers = adls_path + s\"/latest/spgroupmembers/\"\r\n","val latestMGDCPulls = adls_path + s\"/latest/mgdcpulls/\"\r\n","\r\n","// needed for delta - populated post note book\r\n","val latestSitesArchive = adls_path + s\"/archive/latest/sites/\"\r\n","val latestPermsArchive = adls_path + s\"/archive/latest/permissions/\"\r\n","val latestSPGroupsArchive = adls_path + s\"/archive/latest/spgroups/\"\r\n","val latestSPGroupMembersArchive = adls_path + s\"/archive/latest/spgroupmembers/\"\r\n","val latestMGDCPullsArchive = adls_path + s\"/archive/latest/mgdcpulls/\"\r\n","\r\n","// optional\r\n","val sitesArchive = adls_path + s\"/archive/sites/$yearMonthDayFormatEnd/$runId/\"\r\n","val permsArchive = adls_path + s\"/archive/permissions/$yearMonthDayFormatEnd/$runId/\"\r\n","val spgroupsArchive = adls_path + s\"/archive/spgroups/$yearMonthDayFormatEnd/$runId/\"\r\n","val spgroupMembersArchive = adls_path + s\"/archive/spgroupmembers/$yearMonthDayFormatEnd/$runId/\"\r\n","val mgdcPullsArchive = adls_path + s\"/archive/mgdcpulls/$yearMonthDayFormatEnd/$runId/\"\r\n","\r\n","\r\n","\r\n","spark.conf.set(\"mapreduce.fileoutputcommitter.marksuccessfuljobs\", \"false\")"],"outputs":[],"execution_count":24},{"cell_type":"markdown","metadata":{"nteract":{"transient":{"deleting":false}}},"source":["## Read the datasets into DFs (Data Frames)\r\n","This are the files created by the MGDC copy tool"]},{"cell_type":"code","metadata":{"jupyter":{"source_hidden":false,"outputs_hidden":false},"nteract":{"transient":{"deleting":false}}},"source":["val permissionsDF = spark\r\n","    .read\r\n","    .format(\"json\")\r\n","    .option(\"recursiveFileLookup\", \"false\")\r\n","    .load(spPermissions)"],"outputs":[],"execution_count":25},{"cell_type":"code","metadata":{"jupyter":{"source_hidden":false,"outputs_hidden":false},"nteract":{"transient":{"deleting":false}}},"source":["val sitesDF = spark\r\n","    .read\r\n","    .format(\"json\")\r\n","    .option(\"recursiveFileLookup\", \"false\")\r\n","    .load(spSites)\r\n",""],"outputs":[],"execution_count":26},{"cell_type":"code","metadata":{"jupyter":{"source_hidden":false,"outputs_hidden":false},"nteract":{"transient":{"deleting":false}}},"source":["val spGroupsDF = spark\r\n","    .read\r\n","    .format(\"json\")\r\n","    .option(\"recursiveFileLookup\", \"false\")\r\n","    .load(spGroups)\r\n",""],"outputs":[],"execution_count":27},{"cell_type":"code","metadata":{"jupyter":{"source_hidden":false,"outputs_hidden":false},"nteract":{"transient":{"deleting":false}}},"source":["val sitesCount = sitesDF.count()\r\n","println(s\"The number of sites: $sitesCount\")\r\n","\r\n","val permissionsCount = permissionsDF.count()\r\n","println(s\"The number of permissions objects: $permissionsCount\")\r\n","\r\n","val spGroupsCount = spGroupsDF.count()\r\n","println(s\"The number of sp group objects: $spGroupsCount\")\r\n","\r\n",""],"outputs":[],"execution_count":28},{"cell_type":"markdown","metadata":{"nteract":{"transient":{"deleting":false}}},"source":["# A DF for the runs\r\n","\r\n","We want to add a new dataset to inlcude details of all the runs"]},{"cell_type":"code","metadata":{"jupyter":{"source_hidden":false,"outputs_hidden":false},"nteract":{"transient":{"deleting":false}}},"source":["import org.apache.spark.sql.{SparkSession, DataFrame, Row}\r\n","import java.time.LocalDate\r\n","import java.time.format.DateTimeFormatter\r\n","\r\n","// Get today's date\r\n","val today = LocalDate.now()\r\n","\r\n","// Define the date-time formatter for the desired format\r\n","val formatter = DateTimeFormatter.ofPattern(\"yyyy-MM-dd'T'00:00:00'Z'\")\r\n","\r\n","// Format the date using the formatter\r\n","val formattedDate = today.format(formatter)\r\n","\r\n","val thisRunDF = Seq(\r\n","  (windowEndTime, formattedDate, runId, fullPull, sitesCount, permissionsCount, spGroupsCount)\r\n",").toDF(\"SnapshotDate\", \"RunDate\", \"RunId\", \"FullPull\", \"SiteObjects\", \"PermissionObject\", \"SPGroupObjects\")\r\n","\r\n","\r\n","//thisRunDF.show()\r\n","\r\n","// Create an empty DataFrame with the specified schema\r\n","var mgdcRunsDF: DataFrame = null\r\n","\r\n","try {\r\n","  // Read JSON data into a DataFrame\r\n","  val existingMgdcRunsDF = spark\r\n","    .read\r\n","    .format(\"json\")\r\n","    .option(\"recursiveFileLookup\", \"false\")\r\n","    .load(latestMGDCPullsArchive)\r\n","\r\n","    //existingMgdcRunsDF.show()\r\n","\r\n","    // need to order for the union\r\n","    val reorderedThisRunDF = thisRunDF.select(existingMgdcRunsDF.columns.map(thisRunDF(_)): _*)\r\n","\r\n","    mgdcRunsDF = existingMgdcRunsDF.union(reorderedThisRunDF)\r\n","\r\n","} catch {\r\n","  case ex: org.apache.spark.sql.AnalysisException => {\r\n","\r\n","    // Handle the case where the file doesn't exist or is empty\r\n","    println(\"JSON file does not exist or is empty. First Pull?\")\r\n","    mgdcRunsDF = thisRunDF\r\n","    }\r\n","}\r\n","\r\n","mgdcRunsDF.show()\r\n","\r\n","\r\n",""],"outputs":[],"execution_count":29},{"cell_type":"markdown","metadata":{"nteract":{"transient":{"deleting":false}}},"source":["# Enrich the Data\r\n","\r\n","Pretty sure this is called feature engineering \r\n","\r\n","## Add coloumns\r\n","### Using UDFs (User-Defined Functions):\r\n","You can define custom UDFs and use them to create new columns based on your specific logic. \r\n","\r\n","We will use this to add a boolean coloumn for OneDrive sites "]},{"cell_type":"code","metadata":{"jupyter":{"source_hidden":false,"outputs_hidden":false},"nteract":{"transient":{"deleting":false}}},"source":["import org.apache.spark.sql.functions._\r\n","import org.apache.spark.sql.types._\r\n","\r\n","// returns true if site is OneDrive\r\n","// Slighty different to the example above as I was getting scalla errors\r\n","val isOneDrive = udf((siteUrl: String) => siteUrl.contains(\"-my.sharepoint.com\"))\r\n","\r\n","val sitesDFOD = sitesDF.withColumn(\"OneDriveSite\", isOneDrive($\"Url\"))"],"outputs":[],"execution_count":30},{"cell_type":"markdown","metadata":{"nteract":{"transient":{"deleting":false}}},"source":["## Big Value Data Points\r\n","\r\n","This is where the real magic happens. With the data in the DF it's possible to work out previous version storage. What an insight, and we haven't even itterated every object.\r\n","\r\n","In the MGDC sites data set we can make the following assumption\r\n","\r\n","`PreviousVersionSize = TotalSize - TotalFileStreamSize - MetadataSize`\r\n","\r\n","With the addional data we now have we can make a far better assumption. We calcucate storage used in Drive by getting the size used by call the drives. We could probably even remove the metadata size\r\n","\r\n","`PreviousVersionSize = storageUsedInDrives - TotalFileStreamSize`\r\n","\r\n","This is just one example of what we can do with just a few extra toppings to add to this maverlous MGDC flavoured Pizza.\r\n","\r\n","We will use one of the UDFs from the start"]},{"cell_type":"code","metadata":{"jupyter":{"source_hidden":false,"outputs_hidden":false},"nteract":{"transient":{"deleting":false}}},"source":["import org.apache.spark.sql.functions._\r\n","import org.apache.spark.sql.types._\r\n","\r\n","// returns true if site is OneDrive\r\n","// Slighty different to the example above as I was getting scalla errors\r\n","val previousVersionSize = udf((totalSize: BigInt, totalFileStreamSize: BigInt, metadataSize: BigInt) => \r\n","    totalSize - totalFileStreamSize - metadataSize\r\n",")\r\n","// Assuming you have a DataFrame called \"df\"\r\n","// TotalSize - TotalFileStreamSize - MetadataSize - storageUsedPreservationHold\r\n","val sitesDFODPV = sitesDFOD\r\n","    .withColumn(\"PreviousVersionSize\", previousVersionSize($\"StorageMetrics.TotalSize\", $\"StorageMetrics.TotalFileStreamSize\", $\"StorageMetrics.MetadataSize\"))\r\n","\r\n","val pvColoumns: DataFrame = sitesDFODPV.select(\"Id\", \"OneDriveSite\", \"PreviousVersionSize\")\r\n","// using truncate = flase paramer to see full urls\r\n","pvColoumns.show(20, truncate = false)"],"outputs":[],"execution_count":31},{"cell_type":"markdown","metadata":{"nteract":{"transient":{"deleting":false}}},"source":["## Joining Permissions\r\n","\r\n","We need a way to join permissions. There are instances where a delta dataset may not contain the LinkId - So to be save we need to create a composite key.\r\n","\r\n","The working theory is that we can use `SiteId + ItemURL + RoleDefinition + LinkId`"]},{"cell_type":"code","metadata":{"jupyter":{"source_hidden":false,"outputs_hidden":false},"nteract":{"transient":{"deleting":false}}},"source":["import org.apache.spark.sql.functions.udf\r\n","import org.apache.spark.sql.DataFrame\r\n","\r\n","// Empty for permissions that are not links\r\n","val defaultLinkValue = \"\"\r\n","\r\n","// Define the UDF for creating the composite key\r\n","val createCompositeKeyLink = udf((siteId: String, itemUrl: String, roleDefinition: String, itemType: String, linkId: String) =>\r\n","  s\"$siteId-$itemUrl-$roleDefinition-$itemType-${Option(linkId).getOrElse(defaultLinkValue)}\"\r\n",")\r\n","\r\n","val createCompositeKeyNoLink = udf((siteId: String, itemUrl: String, roleDefinition: String, itemType: String) =>\r\n","  s\"$siteId-$itemUrl-$roleDefinition-$itemType-\"\r\n",")\r\n","\r\n","def createCompositeKeyForPerms(permissionsDF: DataFrame): DataFrame = {\r\n","    if (permissionsCount > 0) {\r\n","    println(s\"There are $permissionsCount items in the DataFrame.\")\r\n","    \r\n","    // Check if 'LinkId' column exists in the DataFrame\r\n","    val linkIdExists: Boolean = permissionsDF.columns.contains(\"LinkId\")\r\n","\r\n","    if (linkIdExists) {\r\n","      // Apply the UDF to create the composite key column\r\n","      return permissionsDF.withColumn(\r\n","        \"CompositeKey\",\r\n","        createCompositeKeyLink( $\"SiteId\", $\"ItemURL\", $\"RoleDefinition\", $\"ItemType\", $\"LinkId\")\r\n","      )\r\n","    } else {\r\n","      return permissionsDF.withColumn(\r\n","        \"CompositeKey\",\r\n","        createCompositeKeyNoLink( $\"SiteId\", $\"ItemURL\", $\"RoleDefinition\", $\"ItemType\")\r\n","      )\r\n","    }\r\n","  } else {\r\n","    println(\"The DataFrame is empty. No Deltas!\")\r\n","    return permissionsDF\r\n","  }\r\n","}\r\n","\r\n","val permissionsDFCK = createCompositeKeyForPerms(permissionsDF)"],"outputs":[],"execution_count":32},{"cell_type":"markdown","metadata":{"nteract":{"transient":{"deleting":false}}},"source":["## Joining SP Groups\r\n","We need a way to join groups - So to be sure we need to create a composite key.\r\n","\r\n","The working theory is that we can use `SiteId + GroupId` for SPGroups\r\n",""]},{"cell_type":"code","metadata":{"jupyter":{"source_hidden":false,"outputs_hidden":false},"nteract":{"transient":{"deleting":false}}},"source":["\r\n","// Define the UDF for creating the composite key\r\n","val createCompositeKeySPGroups = udf((siteId: String, groupId: String) =>\r\n","  s\"$siteId-$groupId\"\r\n",")\r\n","\r\n","def createCompositeKeyForSPGroups(spGroupsDF: DataFrame): DataFrame = {\r\n","    if (spGroupsCount > 0) {\r\n","    println(s\"There are $spGroupsCount items in the DataFrame.\")\r\n","    \r\n","    return spGroupsDF.withColumn(\r\n","    \"CompositeKey\",\r\n","    createCompositeKeySPGroups($\"SiteId\", $\"GroupId\")\r\n","    )\r\n","  } else {\r\n","    println(\"The DataFrame is empty. No Deltas!\")\r\n","    return spGroupsDF\r\n","  }\r\n","}\r\n","\r\n","val spGroupsDFCK = createCompositeKeyForSPGroups(spGroupsDF)"],"outputs":[],"execution_count":33},{"cell_type":"markdown","metadata":{"nteract":{"transient":{"deleting":false}}},"source":["## SP Group Everyone\r\n","\r\n","At a high level, all we really need to understand is if a group contains the everyone claim as a member. This indicates a SP group that gives a role deinfinition to all. \r\n","\r\n","We will use the membership details to add an additional coloumn to the dataset and then create a new df containing just the members. We've found the SPGroups dataset torublesome at the Power BI end"]},{"cell_type":"code","metadata":{"jupyter":{"source_hidden":false,"outputs_hidden":false},"nteract":{"transient":{"deleting":false}}},"source":["def pullOutEveryone(groupsDF: DataFrame): DataFrame = {\r\n","    if (spGroupsCount > 0) {\r\n","    \r\n","    println(s\"There are $spGroupsCount items in the DataFrame.\")\r\n","\r\n","    // Create a column 'Everyone' using Spark SQL functions\r\n","    val spGroupsDFEveryoneExternal = groupsDF.withColumn(\r\n","      \"EveryoneExceptExternalsMember\",\r\n","    expr(\"exists(Members, x -> x.Name = 'Everyone except external users')\")\r\n","    )\r\n","\r\n","    val spGroupsDFEveryone = spGroupsDFEveryoneExternal.withColumn(\r\n","      \"EveryoneMember\",\r\n","      expr(\"exists(Members, x -> x.Name = 'Everyone')\")\r\n","    ).drop(\"Members\")\r\n","\r\n","    //spGroupsDFEveryone.select(\"CompositeKey\",\"SiteId\",\"GroupId\",\"EveryoneMember\", \"EveryoneExceptExternalsMember\").show(20, truncate = false)\r\n","    return spGroupsDFEveryone\r\n","  }\r\n","  return groupsDF\r\n","}\r\n","\r\n","\r\n","def splitOutMembers(groupsDF: DataFrame): DataFrame = {\r\n","    if (spGroupsCount > 0) {\r\n","    \r\n","    println(s\"There are $spGroupsCount items in the DataFrame.\")\r\n","\r\n","    // Explode the \"Members\" array column\r\n","    val spGroupMembersExplodedDF = groupsDF.withColumn(\"Member\", explode(col(\"Members\"))).drop(\"Members\").select(\"CompositeKey\", \"GroupId\", \"SiteId\", \"Member.*\", \"Operation\", \"SnapshotDate\")  \r\n","\r\n","    return spGroupMembersExplodedDF.withColumnRenamed(\"CompositeKey\", \"GroupCompositeKey\")\r\n","  }\r\n","  return groupsDF\r\n","}\r\n","\r\n","\r\n","val spGroupsDFEveryone = pullOutEveryone(spGroupsDFCK)\r\n","\r\n","\r\n","val spGroupMembersExplodedDF = splitOutMembers(spGroupsDFCK)\r\n","\r\n",""],"outputs":[],"execution_count":34},{"cell_type":"markdown","metadata":{"nteract":{"transient":{"deleting":false}}},"source":["## Joining SP Groups Members\r\n","We need a way to join sp group members. There are instances where a member row may not contain the AADObjectID - So to be sure we need to create a composite key.\r\n","\r\n","For SPGroupMembers we use `SiteId + GroupId + AADObjectId` for SPGroups members with AAD objects or `SiteId + GroupId + Name` for special SPO claims"]},{"cell_type":"code","metadata":{"jupyter":{"source_hidden":false,"outputs_hidden":false},"nteract":{"transient":{"deleting":false}}},"source":["\r\n","// Define the UDF for creating the composite key\r\n","val createCompositeKeySPAADMember = udf((siteId: String, groupId: String, aadObjectId: String) =>\r\n","  s\"$siteId-$groupId-$aadObjectId\"\r\n",")\r\n","\r\n","val createCompositeKeySPClaimMembers = udf((siteId: String, groupId: String, name: String) =>\r\n","   s\"$siteId-$groupId-$name-spclaim\"\r\n",")\r\n","\r\n","def createCompositeKeyForSPGroupMembers(spGroupMembersDF: DataFrame): DataFrame = {\r\n","    val spGroupMembersCount = spGroupMembersDF.count()\r\n","    if (spGroupMembersCount > 0) {\r\n","    println(s\"There are $spGroupMembersCount items in the DataFrame.\")\r\n","    \r\n","    // Check if 'LinkId' column exists in the DataFrame\r\n","    val aadObjectIdExists: Boolean = spGroupMembersDF.columns.contains(\"AadObjectId\")\r\n","\r\n","    if (aadObjectIdExists) {\r\n","      // Apply the UDF to create the composite key column\r\n","      return spGroupMembersDF.withColumn(\r\n","        \"CompositeKey\",\r\n","        createCompositeKeySPAADMember( $\"SiteId\", $\"GroupId\", $\"AadObjectId\")\r\n","      )\r\n","    } else {\r\n","      return spGroupMembersDF.withColumn(\r\n","        \"CompositeKey\",\r\n","        createCompositeKeySPClaimMembers( $\"SiteId\", $\"GroupId\", $\"Name\")\r\n","      )\r\n","    }\r\n","  } else {\r\n","    println(\"The DataFrame is empty. No Deltas!\")\r\n","    return spGroupMembersDF\r\n","  }\r\n","}\r\n","\r\n","val spGroupMembersExplodedDFCK = createCompositeKeyForSPGroupMembers(spGroupMembersExplodedDF)"],"outputs":[],"execution_count":35},{"cell_type":"markdown","metadata":{"nteract":{"transient":{"deleting":false}}},"source":["## Full Pull or Delta?\r\n","\r\n","Do we need to merge the new data with the exising latest.\r\n","\r\n","If we are perofrming a full pull then we do not. If this is a delta pull then we do\r\n","\r\n","We will pull in the previous latest dataset (which will be a complete picture as of the last scan)\r\n","\r\n","```scala\r\n","// Specify the join condition based on the common key(s)\r\n","val joinCondition = Seq(\"commonKeyColumn\")\r\n","\r\n","// Perform a left-join to keep all rows from existingDF and overwrite with values from deltaDF where commonKeyColumn matches\r\n","val mergedDF = existingDF.join(deltaDF, joinCondition, \"left_outer\")\r\n","  .select(existingDF.columns.map(colName => coalesce(deltaDF(colName), existingDF(colName)).alias(colName)): _*)\r\n","\r\n","// Now, mergedDF contains the updated values from deltaDF where available, and the original values where not updated.\r\n","\r\n","```\r\n",""]},{"cell_type":"code","metadata":{"jupyter":{"source_hidden":false,"outputs_hidden":false},"nteract":{"transient":{"deleting":false}}},"source":["// This method is used for all datasets\r\n","\r\n","def createFullDF(currentDF: DataFrame, pathToExistingDF: String, joinCondition: Seq[String]): DataFrame = {\r\n","\r\n","    if (fullPull) {\r\n","        println(\"Full pull, no need to merge deltas\")\r\n","\r\n","        return currentDF\r\n","\r\n","    } else {\r\n","        println(\"Delta pull, we must merge\")\r\n","\r\n","        // we need to get this from the achive\r\n","        val existingDF =\r\n","            spark\r\n","            .read\r\n","            .format(\"json\")\r\n","            .option(\"recursiveFileLookup\", \"false\")\r\n","            .load(pathToExistingDF)\r\n","\r\n","        var currentDFRowCount = currentDF.count()\r\n","\r\n","        if (currentDFRowCount <= 0) {\r\n","            println(\"We have performed a delta but there are no deltas!\")\r\n","            println(\"Return existing!\")\r\n","            return existingDF\r\n","        }\r\n","\r\n","        // the delta will be the DF from the current pull\r\n","        val deltaDF = currentDF\r\n","        println(\"In Delta: \" + deltaDF.count())\r\n","\r\n","        // JOin condition will be site Id for sites, CompositeKey for persm\r\n","        // val joinCondition = Seq(joinConditionKeys)\r\n","\r\n","        val existingaNotInDeltaDF = existingDF.join(deltaDF, joinCondition, \"left_anti\")\r\n","        println(\"In Existing Only: \" + existingaNotInDeltaDF.count())\r\n","\r\n","        // we can use union to join the rows that are only in existing with rows from incoming delta. Essentially taking the updates from the delta\r\n","        // If row is only in existing and not delta then there is no update\r\n","        // Using `unionByName` we can use the coloumn names rather than poistions. This helps as our datasets seem to get reordered\r\n","        // We also add `allowMissingColoumns` parameter as true - missing coloumns will be filled with Null.This is also needed as sometime we have missing coloumns int he delta\r\n","\r\n","        val resultDF = existingaNotInDeltaDF.unionByName(deltaDF, true)\r\n","\r\n","        return resultDF\r\n","    }\r\n","}"],"outputs":[],"execution_count":36},{"cell_type":"markdown","metadata":{"nteract":{"transient":{"deleting":false}}},"source":["## Merge with Deltas?\r\n","\r\n","We need to drop any delete operations. Or they can be kept to see number of items deleted. Could be useful?\r\n","\r\n","Our join coniditons have been obtained from [Jose's blog](https://barreto.home.blog/2023/01/27/sharepoint-on-mgdc-faq-how-can-i-use-delta-state-datasets/) - SharePoint Product Manager"]},{"cell_type":"code","metadata":{"jupyter":{"source_hidden":false,"outputs_hidden":false},"nteract":{"transient":{"deleting":false}}},"source":["val sitesJoinConidtion = Seq(\"Id\")\r\n","val fullSitesDF: DataFrame = createFullDF(sitesDFODPV, latestSitesArchive, sitesJoinConidtion)\r\n","\r\n","val fullSitesCount = fullSitesDF.count()\r\n","println(s\"The number of sites: $fullSitesCount\")\r\n","println(\"Null Count: \" + fullSitesDF.select(\"Url\").filter(\"Url IS NULL\").count())\r\n","\r\n","val permsJoinConidtion = Seq(\"CompositeKey\")\r\n","val fullPermsDF: DataFrame = createFullDF(permissionsDFCK, latestPermsArchive, permsJoinConidtion)\r\n","\r\n","val fullPermsCount = fullPermsDF.count()\r\n","println(s\"The number of perms: $fullPermsCount\")\r\n","println(\"Null Count: \" + fullPermsDF.select(\"ItemType\").filter(\"ItemType IS NULL\").count())\r\n","\r\n","val groupsJoinConidtion = Seq(\"SiteId\", \"GroupId\")\r\n","val fullSPGroups: DataFrame = createFullDF(spGroupsDFEveryone, latestSPGroupsArchive, groupsJoinConidtion)\r\n","\r\n","val fullSPGroupsCount = fullSPGroups.count()\r\n","println(s\"The number of groups: $fullSPGroupsCount\")\r\n","println(\"Null Count: \" + fullSPGroups.select(\"DisplayName\").filter(\"DisplayName IS NULL\").count())\r\n","\r\n","\r\n","val groupMembersJoinConidtion = Seq(\"CompositeKey\")\r\n","val fullSPGroupMembers: DataFrame = createFullDF(spGroupMembersExplodedDFCK, latestSPGroupMembersArchive, groupMembersJoinConidtion)\r\n","\r\n","val fullSPGroupMembersCount = fullSPGroupMembers.count()\r\n","println(s\"The number of group members: $fullSPGroupMembersCount\")\r\n","println(\"Null Count: \" + fullSPGroupMembers.select(\"SnapshotDate\").filter(\"SnapshotDate IS NULL\").count())\r\n","\r\n",""],"outputs":[],"execution_count":37},{"cell_type":"markdown","metadata":{"nteract":{"transient":{"deleting":false}}},"source":["## SP Group role def\r\n","\r\n","We want to join the SPGroups dataset with the permissions dataset to get a role def for a group\r\n","\r\n","This allows us to understand what permissions a group and therefore it's members are assigned\r\n","\r\n","We have to do this after the datasets have been merged"]},{"cell_type":"code","metadata":{"jupyter":{"source_hidden":false,"outputs_hidden":false},"nteract":{"transient":{"deleting":false}}},"source":["import org.apache.spark.sql.expressions.UserDefinedFunction\r\n","//Get the role def for each group from the permissions dataset\r\n","\r\n","// Filter permissionsDF to include only rows where ItemType is \"Web\" these are the group permissions\r\n","val filteredPermissionsDF = fullPermsDF.filter(\"ItemType = 'Web'\")\r\n","    .select(\"SiteId\", \"SharedWith\", \"RoleDefinition\")\r\n","\r\n","// fullPermsDF.show(20)\r\n","// filteredPermissionsDF.show()\r\n","\r\n","val filteredPermissionsDFCount = filteredPermissionsDF.count()\r\n","println(s\"The number of group permissions: $filteredPermissionsDFCount\")\r\n","\r\n","val cleanedSPGroups = fullSPGroups.drop(\"RoleDefinition\", \"GroupInSharedWith\")\r\n","println(cleanedSPGroups.columns.mkString(\", \"))\r\n","\r\n","\r\n","// Merge the two DataFrames on 'SiteId'\r\n","val mergedDF = cleanedSPGroups.join(\r\n","  filteredPermissionsDF,\r\n","  cleanedSPGroups(\"SiteId\") === filteredPermissionsDF(\"SiteId\"),\r\n","  \"left_outer\"\r\n",").drop(filteredPermissionsDF(\"SiteId\")) // We need to drop existing role def coloumn)\r\n",".select(\"SiteId\", \"SharedWith\", \"RoleDefinition\", \"DisplayName\", \"GroupId\")\r\n","\r\n","var mergedDFCount = mergedDF.count()\r\n","println(s\"The number of groups: $mergedDFCount\")\r\n","\r\n","\r\n","// Create a column 'GroupInSharedWith' using Spark SQL functions\r\n","val resultDF = mergedDF.withColumn(\r\n","  \"GroupInSharedWith\",\r\n","  expr(\"exists(SharedWith, x -> x.Name = DisplayName)\")\r\n",").select(\"SiteId\", \"DisplayName\", \"GroupInSharedWith\", \"RoleDefinition\", \"GroupId\")\r\n","\r\n","// // Show or use resultDF as needed\r\n","//resultDF.orderBy(\"SiteId\", \"GroupId\").show()\r\n","\r\n","val filteredDF = resultDF.filter(\"GroupInSharedWith = true\")\r\n","\r\n","//filteredDF.show()\r\n","\r\n","var fullSPGroupsCount = cleanedSPGroups.count()\r\n","println(s\"Total groups: $fullSPGroupsCount\")\r\n","\r\n","val fullGroupsWithRoleDef = cleanedSPGroups.join(filteredDF, Seq(\"SiteId\", \"DisplayName\", \"GroupId\"), \"left_outer\")\r\n","                                        .dropDuplicates(Seq(\"SiteId\", \"DisplayName\", \"GroupId\"))\r\n","\r\n","var fullSPGroupsRDCount = fullGroupsWithRoleDef.count()\r\n","println(s\"Total RD groups: $fullSPGroupsRDCount\")\r\n","\r\n",""],"outputs":[],"execution_count":38},{"cell_type":"markdown","metadata":{"nteract":{"transient":{"deleting":false}}},"source":["## Write back to blob storage\r\n","\r\n","We need to write our new dataset back to the blobs - We will drop it in the latest folder. This will make the PowerBI end easier.\r\n","\r\n","We also need to write out blob to archive to retiain. As the latest folder it ovwer written on every new run"]},{"cell_type":"code","metadata":{"jupyter":{"source_hidden":false,"outputs_hidden":false},"nteract":{"transient":{"deleting":false}}},"source":["//val latestSitesEnhanced = adls_path + s\"/sitesenhanced/latest/\"\r\n","fullSitesDF\r\n","    .repartition(1)\r\n","    .write\r\n","    .format(\"json\")\r\n","    .mode(\"overwrite\")\r\n","    .save(latestSPSitesEnhanced)\r\n","\r\n","\r\n","fullPermsDF\r\n","    .repartition(1)\r\n","    .write\r\n","    .format(\"json\")\r\n","    .mode(\"overwrite\")\r\n","    .save(latestSPPermissions)\r\n","\r\n","fullGroupsWithRoleDef\r\n","    .repartition(1)\r\n","    .write\r\n","    .format(\"json\")\r\n","    .mode(\"overwrite\")\r\n","    .save(latestSPGroups)\r\n","\r\n","fullSPGroupMembers\r\n","    .repartition(1)\r\n","    .write\r\n","    .format(\"json\")\r\n","    .mode(\"overwrite\")\r\n","    .save(latestSPGroupMembers)\r\n","\r\n","mgdcRunsDF\r\n","    .repartition(1)\r\n","    .write\r\n","    .format(\"json\")\r\n","    .mode(\"overwrite\")\r\n","    .save(latestMGDCPulls)\r\n","\r\n","\r\n","if (retainForHistoricTrending) {\r\n","    fullSitesDF\r\n","        .repartition(1)\r\n","        .write\r\n","        .format(\"json\")\r\n","        .mode(\"overwrite\")\r\n","        .save(sitesArchive)\r\n","\r\n","    fullPermsDF\r\n","        .repartition(1)\r\n","        .write\r\n","        .format(\"json\")\r\n","        .mode(\"overwrite\")\r\n","        .save(permsArchive)\r\n","\r\n","    fullGroupsWithRoleDef\r\n","        .repartition(1)\r\n","        .write\r\n","        .format(\"json\")\r\n","        .mode(\"overwrite\")\r\n","        .save(spgroupsArchive)\r\n","\r\n","    fullSPGroupMembers\r\n","        .repartition(1)\r\n","        .write\r\n","        .format(\"json\")\r\n","        .mode(\"overwrite\")\r\n","        .save(spgroupMembersArchive)\r\n","\r\n","    mgdcRunsDF\r\n","        .repartition(1)\r\n","        .write\r\n","        .format(\"json\")\r\n","        .mode(\"overwrite\")\r\n","        .save(mgdcPullsArchive)\r\n","    }"],"outputs":[],"execution_count":39},{"cell_type":"markdown","metadata":{"nteract":{"transient":{"deleting":false}}},"source":["# Post activities\r\n","\r\n","Now that we have got new / updated data in our latest folder in the storage account. We need to move it to the archive so that it can be use in the next run.\r\n","\r\n","We need to now read in the latest and save to the archive latest (to overwrite the old latest)\r\n","\r\n","We could move this to the pipeline, using copy data tools"]},{"cell_type":"code","metadata":{"jupyter":{"source_hidden":false,"outputs_hidden":false},"nteract":{"transient":{"deleting":false}}},"source":["val permissionsLatestDF = \r\n","    spark\r\n","      .read\r\n","      .format(\"json\")\r\n","      .option(\"recursiveFileLookup\", \"false\")\r\n","      .load(latestSPPermissions)\r\n","\r\n","val sitesLatestDF = \r\n","    spark\r\n","      .read\r\n","      .format(\"json\")\r\n","      .option(\"recursiveFileLookup\", \"false\")\r\n","      .load(latestSPSitesEnhanced)\r\n","\r\n","val spGroupsLatestDF =\r\n","   spark\r\n","     .read\r\n","        .format(\"json\")\r\n","        .option(\"recursiveFileLookup\", \"false\")\r\n","        .load(latestSPGroups)\r\n","\r\n","val spGroupMembersLatestDF =\r\n","   spark\r\n","     .read\r\n","        .format(\"json\")\r\n","        .option(\"recursiveFileLookup\", \"false\")\r\n","        .load(latestSPGroupMembers)\r\n","\r\n","val mgdcRunsLatestDF =\r\n","   spark\r\n","     .read\r\n","        .format(\"json\")\r\n","        .option(\"recursiveFileLookup\", \"false\")\r\n","        .load(latestMGDCPulls)\r\n","\r\n","val latestSitesCount = sitesLatestDF.count()\r\n","println(s\"The number of sites: $latestSitesCount\")\r\n","\r\n","val latestPermissionsCount = permissionsLatestDF.count()\r\n","println(s\"The number of permissions objects: $latestPermissionsCount\")\r\n","\r\n","val latestSPGroupsCount = spGroupsLatestDF.count()\r\n","println(s\"The number of spgroup objects: $latestSPGroupsCount\")\r\n","\r\n","val latestSPGroupMembersCount = spGroupMembersLatestDF.count()\r\n","println(s\"The number of spgroup member objects: $latestSPGroupMembersCount\")\r\n","\r\n","val latestmgdcRunsCount = mgdcRunsLatestDF.count()\r\n","println(s\"The number of MGDC run objects: $latestmgdcRunsCount\")\r\n","\r\n","sitesLatestDF\r\n","        .repartition(1)\r\n","        .write\r\n","        .format(\"json\")\r\n","        .mode(\"overwrite\")\r\n","        .save(latestSitesArchive)\r\n","\r\n","permissionsLatestDF\r\n","        .repartition(1)\r\n","        .write\r\n","        .format(\"json\")\r\n","        .mode(\"overwrite\")\r\n","        .save(latestPermsArchive)\r\n","\r\n","spGroupsLatestDF\r\n","        .repartition(1)\r\n","        .write\r\n","        .format(\"json\")\r\n","        .mode(\"overwrite\")\r\n","        .save(latestSPGroupsArchive)\r\n","\r\n","spGroupMembersLatestDF\r\n","        .repartition(1)\r\n","        .write\r\n","        .format(\"json\")\r\n","        .mode(\"overwrite\")\r\n","        .save(latestSPGroupMembersArchive)\r\n","\r\n","mgdcRunsLatestDF\r\n","        .repartition(1)\r\n","        .write\r\n","        .format(\"json\")\r\n","        .mode(\"overwrite\")\r\n","        .save(latestMGDCPullsArchive)\r\n",""],"outputs":[],"execution_count":40}]},"dependsOn":[]},{"name":"[concat(parameters('workspaceName'), '/Sites_Perms_Groups_SPOGroups3')]","type":"Microsoft.Synapse/workspaces/datasets","apiVersion":"2019-06-01-preview","properties":{"linkedServiceName":{"referenceName":"[parameters('Microsoft365')]","type":"LinkedServiceReference"},"annotations":[],"type":"Office365Table","schema":[],"typeProperties":{"tableName":"BasicDataSet_v0.SharePointGroups_v1"}},"dependsOn":[]},{"name":"[concat(parameters('workspaceName'), '/Site_Perms_Groups_GroupsTarget3')]","type":"Microsoft.Synapse/workspaces/datasets","apiVersion":"2019-06-01-preview","properties":{"linkedServiceName":{"referenceName":"[parameters('AzureDataLakeStorage')]","type":"LinkedServiceReference"},"parameters":{"StartTime":{"type":"string"},"EndTime":{"type":"string"},"RunId":{"type":"string"},"StorageContainerName":{"type":"string"}},"annotations":[],"type":"Binary","typeProperties":{"location":{"type":"AzureBlobFSLocation","folderPath":{"value":"@concat('raw/spgroups/',formatDateTime(dataset().EndTime, 'yyyy'),'/', formatDateTime(dataset().EndTime, 'MM'),'/',formatDateTime(dataset().EndTime, 'dd'),'/',dataset().RunId)","type":"Expression"},"fileSystem":{"value":"@dataset().StorageContainerName","type":"Expression"}}}},"dependsOn":[]},{"name":"[concat(parameters('workspaceName'), '/ActionDatasets')]","type":"Microsoft.Synapse/workspaces/notebooks","apiVersion":"2019-06-01-preview","properties":{"nbformat":4,"nbformat_minor":2,"bigDataPool":{"referenceName":"sparkpoolag","type":"BigDataPoolReference"},"sessionProperties":{"driverMemory":"28g","driverCores":4,"executorMemory":"28g","executorCores":4,"numExecutors":2,"runAsWorkspaceSystemIdentity":false,"conf":{"spark.dynamicAllocation.enabled":"false","spark.dynamicAllocation.minExecutors":"2","spark.dynamicAllocation.maxExecutors":"2","spark.autotune.trackingId":"c3fbfd6e-9f1e-4cfc-a4fb-fa3e43e07fd9"}},"metadata":{"saveOutput":true,"enableDebugMode":false,"language_info":{"name":"scala"},"a365ComputeOptions":{"id":"/subscriptions/b3087308-e129-438c-94cf-7812be946e2b/resourceGroups/MGDC-pg/providers/Microsoft.Synapse/workspaces/grover-mgdc/bigDataPools/sparkpoolag","name":"sparkpoolag","type":"Spark","endpoint":"https://grover-mgdc.dev.azuresynapse.net/livyApi/versions/2019-11-01-preview/sparkPools/sparkpoolag","auth":{"type":"AAD","authResource":"https://dev.azuresynapse.net","authHeader":null},"sparkVersion":"3.3","nodeCount":3,"cores":4,"memory":28,"extraHeader":null},"sessionKeepAliveTimeout":30},"cells":[{"cell_type":"code","metadata":{"microsoft":{"language":"scala"}},"source":["%%spark\r\n","println(\"Application Id: \" + spark.sparkContext.applicationId )\r\n","println(\"Application Name: \" + spark.sparkContext.appName)"],"outputs":[],"execution_count":1},{"cell_type":"markdown","metadata":{"nteract":{"transient":{"deleting":false}}},"source":["## Set up variables\r\n","\r\n","These variable values come from the notebook parameters - Use these for testing"]},{"cell_type":"code","metadata":{"jupyter":{"source_hidden":false,"outputs_hidden":false},"nteract":{"transient":{"deleting":false}}},"source":["// For notebook testing\r\n","\r\n","// var storageAccountName = \"mgdcag\" ;\r\n","// var storageContainerName = \"sites-permisions-group-details\" ;\r\n","\r\n","val adls_path = f\"abfss://$storageContainerName@$storageAccountName.dfs.core.windows.net\""],"outputs":[],"execution_count":2},{"cell_type":"markdown","metadata":{"nteract":{"transient":{"deleting":false}}},"source":["# Action Datasets\r\n","\r\n","We have created a number of action datasets to help support the remidation activties.\r\n","\r\n","So far there is:\r\n","\r\n","- Sharing Links\r\n","- Everyone Permission Items\r\n","- Everyone Role in SPGroups\r\n","\r\n","These three dataset are designed to feed into scripts to perform remidiation activties"]},{"cell_type":"markdown","metadata":{"nteract":{"transient":{"deleting":false}}},"source":["## Sharing Links\r\n","\r\n","This first action dataset contains the details of all links in the tenant. The link type is inlcuded. \r\n","\r\n","`Anyone | OrgWide | SpecificPeople`\r\n","\r\n","You may not want to remdiate all links. There are two redmidation activities:\r\n","\r\n","- `Convert` - This will recreate a private link (Specific People) in the place of a public link (Anyone or OrgWide) and remove the public link\r\n","- `Remove` - This will delete a sharing link\r\n","\r\n","To achieve the above two activties we require a dataset with the following data\r\n","\r\n","| SiteId | WebId | ListId | ItemURL | LinkId | LinkScope | SharedWith | ShareCreatedBy | ShareCreatedTime |\r\n","|--------|-------|--------|---------|--------|-----------|------------|----------------|------------------|\r\n","\r\n","We can get all this data from the permissions dataset. We don't need to look up group membership shared with as we can simply recreate with the same group\r\n","\r\n","\r\n",""]},{"cell_type":"code","metadata":{"jupyter":{"source_hidden":false,"outputs_hidden":false},"nteract":{"transient":{"deleting":false}}},"source":["// Read the permission DF\r\n","\r\n","val latestSPPermissions = adls_path + s\"/latest/permissions/\"\r\n","\r\n","\r\n","val permissionsDF = spark\r\n","    .read\r\n","    .format(\"json\")\r\n","    .option(\"recursiveFileLookup\", \"false\")\r\n","    .load(latestSPPermissions)\r\n",""],"outputs":[],"execution_count":3},{"cell_type":"code","metadata":{"jupyter":{"source_hidden":false,"outputs_hidden":false},"nteract":{"transient":{"deleting":false}}},"source":["// Filter for just links\r\n","val linksDF = permissionsDF.filter($\"LinkId\".isNotNull)\r\n","\r\n","//linksDF.select(\"LinkId\").show()\r\n","\r\n","val cleanedLinksDF = linksDF.select(\"SiteId\", \"WebId\", \"ListId\", \"ItemURL\", \"LinkId\", \"LinkScope\", \"SharedWith\", \"ShareCreatedBy\", \"ShareCreatedTime\", \"ItemType\")\r\n","\r\n","cleanedLinksDF.show()\r\n",""],"outputs":[],"execution_count":4},{"cell_type":"markdown","metadata":{"nteract":{"transient":{"deleting":false}}},"source":["## Links CSV\r\n","\r\n","We actually need a CSV with the following headers to works with the links script\r\n","\r\n","`SITE,SITE URL,ITEM TYPE,ITEM URL,LINK ID`\r\n","\r\n","Sites dataset is required"]},{"cell_type":"code","metadata":{"jupyter":{"source_hidden":false,"outputs_hidden":false},"nteract":{"transient":{"deleting":false}}},"source":["val latestSites = adls_path + s\"/latest/sites/\"\r\n","\r\n","val sitesDF = spark\r\n","    .read\r\n","    .format(\"json\")\r\n","    .option(\"recursiveFileLookup\", \"false\")\r\n","    .load(latestSites)\r\n","\r\n","\r\n","var limitedColsDF = cleanedLinksDF.select(\"SiteId\", \"LinkScope\", \"ItemType\", \"ItemURL\", \"LinkId\")\r\n","\r\n","// Join limitedColsDF with sitesDF and select Name and URL columns\r\n","val joinedDF = limitedColsDF.join(sitesDF.select(\"Id\", \"Url\", \"RootWeb.Title\"), limitedColsDF(\"SiteId\") === sitesDF(\"Id\"), \"inner\")\r\n","\r\n","val finalLinksDF = joinedDF.drop(\"Id\")\r\n","    .withColumnRenamed(\"Title\", \"SITE\")\r\n","    .withColumnRenamed(\"Url\", \"SITE URL\")\r\n","    .withColumnRenamed(\"ItemType\", \"ITEM TYPE\")\r\n","    .withColumnRenamed(\"ItemUrl\", \"ITEM URL\")\r\n","    .withColumnRenamed(\"LinkId\", \"LINK ID\")\r\n","    \r\n","\r\n","finalLinksDF.show()"],"outputs":[],"execution_count":5},{"cell_type":"markdown","metadata":{"nteract":{"transient":{"deleting":false}}},"source":["## Everyone permissions\r\n","\r\n","This action dataset contains the details of all permission object that contain the `everyone` or `everyone except external users` roles. So this is broken inheritance (groups is next)\r\n","\r\n","The activity here is so simply remove\r\n","\r\n","- `Remove` - This will remove the `everyone` or `everyone except external users` role from the permission object\r\n","\r\n","To achieve this we require a dataset with the following data\r\n","\r\n","| SiteId | WebId | ListId | ItemURL | ContainsEveryone|ContainsEveryoneExceptExternalUsers|\r\n","|--------|-------|--------|---------|-----------------|-----------------------------------|\r\n","\r\n","We can get all this data from the permissions dataset\r\n","\r\n","\r\n",""]},{"cell_type":"code","metadata":{"jupyter":{"source_hidden":false,"outputs_hidden":false},"nteract":{"transient":{"deleting":false}}},"source":["import org.apache.spark.sql.functions._\r\n","import org.apache.spark.sql.Row\r\n","\r\n","// Filter for sharedWith contains \"Everyone\" or \"Everyone except external users\"\r\n","val everyoneDF = permissionsDF.filter(array_contains($\"SharedWith.Name\", \"Everyone\") || array_contains($\"SharedWith.Name\", \"Everyone except external users\"))\r\n","\r\n","//everyoneDF.select(\"SharedWith\").show()\r\n","\r\n","val cleanedEveryoneDF = everyoneDF.select(\"SiteId\", \"WebId\", \"ListId\", \"ItemURL\", \"SharedWith\", \"RoleDefinition\", \"ShareCreatedBy\", \"ItemType\")\r\n","\r\n","//cleanedEveryoneDF.select(\"SharedWith\").show(20, false)\r\n","\r\n","// Expand SharedWith, we only need to know if the permission object cotains \"everyone\" or \"Everyone except external users\"\r\n","\r\n","val containsEveryoneUDF = udf((sharedWith: Seq[Row]) => {\r\n","  sharedWith.exists(row => row.getString(row.fieldIndex(\"Name\")).toLowerCase == \"everyone\")\r\n","})\r\n","\r\n","val containsEveryoneExceptExternalsUDF = udf((sharedWith: Seq[Row]) => {\r\n","  sharedWith.exists(row => row.getString(row.fieldIndex(\"Name\")).toLowerCase == \"everyone except external users\")\r\n","})\r\n","\r\n","val sharedWithEDF = cleanedEveryoneDF.withColumn(\"ContainsEveryone\", containsEveryoneUDF($\"SharedWith\"))\r\n","\r\n","val sharedWithEEEUDF = sharedWithEDF.withColumn(\"ContainsEveryoneExceptExternalUsers\", containsEveryoneExceptExternalsUDF($\"SharedWith\"))\r\n","\r\n","val processedEveryoneDF = sharedWithEEEUDF.drop(\"SharedWith\")\r\n","\r\n","processedEveryoneDF.show()"],"outputs":[],"execution_count":6},{"cell_type":"markdown","metadata":{"nteract":{"transient":{"deleting":false}}},"source":["### Everyone Items CSV\r\n","\r\n","We actually need a CSV with the following headers to works with the everyone items script\r\n","\r\n","`SITE,ITEM TYPE,EVERYONE GROUP,ROLE DEFINITION,ITEMS,ITEM URL,SITEURL,OWNER NAME,OWNER EMAIL`\r\n",""]},{"cell_type":"code","metadata":{"jupyter":{"source_hidden":false,"outputs_hidden":false},"nteract":{"transient":{"deleting":false}}},"source":["\r\n","// Join limitedColsDF with sitesDF and select Name and URL columns\r\n","val joinedEveryoneDF = processedEveryoneDF.join(sitesDF.select(\"Id\", \"Url\", \"RootWeb.Title\"), processedEveryoneDF(\"SiteId\") === sitesDF(\"Id\"), \"inner\")\r\n","\r\n","val almostFinalEveryoneDF = joinedEveryoneDF.drop(\"Id\").drop(\"WebId\").drop(\"ListId\")\r\n","    .withColumnRenamed(\"Title\", \"SITE\")\r\n","    .withColumnRenamed(\"Url\", \"SITEURL\")\r\n","    .withColumnRenamed(\"ItemType\", \"ITEM TYPE\")\r\n","    .withColumnRenamed(\"ItemUrl\", \"ITEM URL\")\r\n","    .withColumnRenamed(\"LinkId\", \"LINK ID\")\r\n","    .withColumnRenamed(\"RoleDefinition\", \"ROLE DEFINITION\")\r\n","    .withColumnRenamed(\"ShareCreatedBy.Email\", \"OWNER EMAIL\")\r\n","    .withColumnRenamed(\"ShareCreatedBy.Name\", \"OWNER NAME\")\r\n","    .drop(\"ShareCreatedBy\")\r\n","    \r\n","\r\n","//almostFinalEveryoneDF.show()\r\n","\r\n","var everyoneItemsDF = almostFinalEveryoneDF.filter(col(\"ContainsEveryone\") === true)\r\n","val everyoneValueToAdd = \"Everyone\"\r\n","val everyoneDFWithConstantColumn = everyoneItemsDF.withColumn(\"EVERYONE GROUP\", lit(everyoneValueToAdd)).drop(\"ContainsEveryone\", \"ContainsEveryoneExceptExternalUsers\")\r\n","//everyoneDFWithConstantColumn.show()\r\n","\r\n","var everyoneExceptExternalsItemsDF = almostFinalEveryoneDF.filter(col(\"ContainsEveryoneExceptExternalUsers\") === true)\r\n","val everyoneExceptValueToAdd = \"Everyone except external users\"\r\n","val everyoneExceptDFWithConstantColumn = everyoneExceptExternalsItemsDF.withColumn(\"EVERYONE GROUP\", lit(everyoneExceptValueToAdd)).drop(\"ContainsEveryone\", \"ContainsEveryoneExceptExternalUsers\")\r\n","//everyoneExceptDFWithConstantColumn.show()\r\n","\r\n","val everyoneCSVDF = everyoneDFWithConstantColumn.union(everyoneExceptDFWithConstantColumn)\r\n","val theOne = 1\r\n","val everyoneCSV1DF = everyoneCSVDF.withColumn(\"ITEMS\", lit(theOne))\r\n","everyoneCSV1DF.show()"],"outputs":[],"execution_count":7},{"cell_type":"markdown","metadata":{"nteract":{"transient":{"deleting":false}}},"source":["## Everyone role in SP groups\r\n","\r\n","This action dataset contains the details of all SPGroup objects that contain the `everyone` or `everyone except external users` roles. This is when a site owner has just decided to add the everyone roles to the underlying SPO group.\r\n","\r\n","The activity here is so simply remove the role from the group membership\r\n","\r\n","- `Remove` - This will remove the `everyone` or `everyone except external users` role from the group membership\r\n","\r\n","To achieve this we require a dataset with the following data\r\n","\r\n","| SiteId | GroupId | DisplayName | ContainsEveryone|ContainsEveryoneExceptExternalUsers|\r\n","|--------|---------|-------------|-----------------|-----------------------------------|\r\n","\r\n","We can get all this data from the spgroups dataset"]},{"cell_type":"code","metadata":{"jupyter":{"source_hidden":false,"outputs_hidden":false},"nteract":{"transient":{"deleting":false}}},"source":["// Read the groups DF\r\n","\r\n","val latestSPGroups = adls_path + s\"/latest/spgroups/\"\r\n","\r\n","val spgroupsDF = spark\r\n","    .read\r\n","    .format(\"json\")\r\n","    .option(\"recursiveFileLookup\", \"false\")\r\n","    .load(latestSPGroups)\r\n",""],"outputs":[],"execution_count":8},{"cell_type":"code","metadata":{"jupyter":{"source_hidden":false,"outputs_hidden":false},"nteract":{"transient":{"deleting":false}}},"source":["val filteredSpgroupsDF = spgroupsDF.filter($\"EveryoneExceptExternalsMember\" === true || $\"EveryoneMember\" === true)\r\n","\r\n","val selectedSpgroupsDF = filteredSpgroupsDF.select(\"SiteId\", \"GroupId\", \"DisplayName\", \"EveryoneMember\", \"EveryoneExceptExternalsMember\")\r\n","\r\n","selectedSpgroupsDF.show()"],"outputs":[],"execution_count":9},{"cell_type":"markdown","metadata":{"nteract":{"transient":{"deleting":false}}},"source":["### Everyone Members CSV\r\n","\r\n","We actually need a CSV with the following headers to works with the everyone members script\r\n","\r\n","`Site,SiteURL,GroupName,GroupToRemove`"]},{"cell_type":"code","metadata":{"jupyter":{"source_hidden":false,"outputs_hidden":false},"nteract":{"transient":{"deleting":false}}},"source":["// Join limitedColsDF with sitesDF and select Name and URL columns\r\n","val joinedEveryoneMembersDF = selectedSpgroupsDF.join(sitesDF.select(\"Id\", \"Url\", \"RootWeb.Title\"), selectedSpgroupsDF(\"SiteId\") === sitesDF(\"Id\"), \"inner\")\r\n","\r\n","val almostFinalEveryoneMembersDF = joinedEveryoneMembersDF.drop(\"Id\").drop(\"WebId\").drop(\"ListId\")\r\n","    .withColumnRenamed(\"Title\", \"Site\")\r\n","    .withColumnRenamed(\"Url\", \"SiteUrl\")\r\n","    .withColumnRenamed(\"DisplayName\", \"GroupName\")\r\n","\r\n","\r\n","var everyoneMembersDF = almostFinalEveryoneMembersDF.filter(col(\"EveryoneMember\") === true)\r\n","//val everyoneValueToAdd = \"Everyone\"\r\n","val everyoneMembersDFWithConstantColumn = everyoneMembersDF.withColumn(\"GroupToRemove\", lit(everyoneValueToAdd)).drop(\"EveryoneMember\", \"EveryoneExceptExternalsMember\")\r\n","everyoneMembersDFWithConstantColumn.show()\r\n","\r\n","var everyoneExceptExternalsMembersDF = almostFinalEveryoneMembersDF.filter(col(\"EveryoneExceptExternalsMember\") === true)\r\n","//val everyoneExceptValueToAdd = \"Everyone except external users\"\r\n","val everyoneExceptMembersDFCC = everyoneExceptExternalsMembersDF.withColumn(\"GroupToRemove\", lit(everyoneExceptValueToAdd)).drop(\"EveryoneMember\", \"EveryoneExceptExternalsMember\")\r\n","everyoneExceptMembersDFCC.show()\r\n","\r\n","val everyoneMembersCSVDF = everyoneMembersDFWithConstantColumn.union(everyoneExceptMembersDFCC)\r\n","\r\n","everyoneMembersCSVDF.show()\r\n",""],"outputs":[],"execution_count":10},{"cell_type":"markdown","metadata":{"nteract":{"transient":{"deleting":false}}},"source":["## Export the DFs\r\n","\r\n","We now want to save these DFs to the actions folder in the storage account"]},{"cell_type":"code","metadata":{"jupyter":{"source_hidden":false,"outputs_hidden":false},"nteract":{"transient":{"deleting":false}}},"source":["// Save to blob\r\n","val linksActionDataset = adls_path + s\"/action/links/\"\r\n","val everyonePermissionsActionDataset = adls_path + s\"/action/everyone-permissions/\"\r\n","val everyoneGroupsActionDataset = adls_path + s\"/action/everyone-groups/\"\r\n","\r\n","cleanedLinksDF\r\n","    .repartition(1)\r\n","    .write\r\n","    .format(\"json\")\r\n","    .mode(\"overwrite\")\r\n","    .save(s\"$linksActionDataset/json/\")\r\n","\r\n","finalLinksDF\r\n","    .repartition(1)\r\n","    .write\r\n","    .format(\"csv\")\r\n","    .mode(\"overwrite\")\r\n","    .option(\"header\", \"true\")  // Include CSV header\r\n","    .save(s\"$linksActionDataset/csv/\")\r\n","\r\n","processedEveryoneDF\r\n","    .repartition(1)\r\n","    .write\r\n","    .format(\"json\")\r\n","    .mode(\"overwrite\")\r\n","    .save(s\"$everyonePermissionsActionDataset/json/\")\r\n","\r\n","everyoneCSV1DF\r\n","    .repartition(1)\r\n","    .write\r\n","    .format(\"csv\")\r\n","    .mode(\"overwrite\")\r\n","    .option(\"header\", \"true\")  // Include CSV header\r\n","    .save(s\"$everyonePermissionsActionDataset/csv/\")\r\n","\r\n","selectedSpgroupsDF\r\n","    .repartition(1)\r\n","    .write\r\n","    .format(\"json\")\r\n","    .mode(\"overwrite\")\r\n","    .save(s\"$everyoneGroupsActionDataset/json/\")\r\n","\r\n","everyoneMembersCSVDF\r\n","    .repartition(1)\r\n","    .write\r\n","    .format(\"csv\")\r\n","    .mode(\"overwrite\")\r\n","    .option(\"header\", \"true\")  // Include CSV header\r\n","    .save(s\"$everyoneGroupsActionDataset/csv/\")"],"outputs":[],"execution_count":11}]},"dependsOn":[]},{"name":"[concat(parameters('workspaceName'), '/ProcessGroupUsingSitesOnly')]","type":"Microsoft.Synapse/workspaces/notebooks","apiVersion":"2019-06-01-preview","properties":{"nbformat":4,"nbformat_minor":2,"bigDataPool":{"referenceName":"sparkpoolag","type":"BigDataPoolReference"},"sessionProperties":{"driverMemory":"28g","driverCores":4,"executorMemory":"28g","executorCores":4,"numExecutors":2,"runAsWorkspaceSystemIdentity":false,"conf":{"spark.dynamicAllocation.enabled":"false","spark.dynamicAllocation.minExecutors":"2","spark.dynamicAllocation.maxExecutors":"2","spark.autotune.trackingId":"6153533d-1bfb-4e12-b849-7a699677221f"}},"metadata":{"saveOutput":true,"synapse_widget":{"version":"0.1","state":{}},"enableDebugMode":false,"language_info":{"name":"scala"},"a365ComputeOptions":{"id":"/subscriptions/11d200f8-1102-471f-9068-97780c3beaa1/resourceGroups/mgdc-pg/providers/Microsoft.Synapse/workspaces/mgdc-synapse-ag/bigDataPools/sparkpoolag","name":"sparkpoolag","type":"Spark","endpoint":"https://mgdc-synapse-ag.dev.azuresynapse.net/livyApi/versions/2019-11-01-preview/sparkPools/sparkpoolag","auth":{"type":"AAD","authResource":"https://dev.azuresynapse.net","authHeader":null},"sparkVersion":"3.4","nodeCount":3,"cores":4,"memory":28,"extraHeader":null},"sessionKeepAliveTimeout":30},"cells":[{"cell_type":"code","metadata":{"microsoft":{"language":"scala"}},"source":["%%spark\r\n","println(\"Application Id: \" + spark.sparkContext.applicationId )\r\n","println(\"Application Name: \" + spark.sparkContext.appName)"],"outputs":[{"output_type":"display_data","data":{"application/vnd.livy.statement-meta+json":{"spark_pool":"sparkpoolag","statement_id":2,"statement_ids":[2],"livy_statement_state":"available","spark_jobs":null,"session_id":"5","state":"finished","normalized_state":"finished","queued_time":"2024-07-02T15:06:47.4628305Z","session_start_time":"2024-07-02T15:06:47.5190286Z","execution_start_time":"2024-07-02T15:07:31.3611275Z","execution_finish_time":"2024-07-02T15:07:32.4307552Z","parent_msg_id":"9ac71054-b2df-47f5-9908-f6bbca8611fe"},"text/plain":"StatementMeta(sparkpoolag, 5, 2, Finished, Available, Finished)"},"metadata":{}},{"name":"stdout","output_type":"stream","text":"Application Id: application_1719930495965_0002\nApplication Name: ProcessGroupUsingSitesOnly_sparkpoolag_1719932807\n"}],"execution_count":1},{"cell_type":"code","metadata":{"jupyter":{"source_hidden":false,"outputs_hidden":false},"nteract":{"transient":{"deleting":false}}},"source":["\r\n","var storageAccountName = \"mgdcag3\" ;\r\n","var storageContainerName = \"oversharing-no-groups\" ;\r\n","\r\n",""],"outputs":[{"output_type":"display_data","data":{"application/vnd.livy.statement-meta+json":{"spark_pool":"sparkpoolag","statement_id":3,"statement_ids":[3],"livy_statement_state":"available","spark_jobs":null,"session_id":"5","state":"finished","normalized_state":"finished","queued_time":"2024-07-02T15:06:47.4638555Z","session_start_time":null,"execution_start_time":"2024-07-02T15:07:32.5795891Z","execution_finish_time":"2024-07-02T15:07:33.094472Z","parent_msg_id":"e9348dc7-a489-49bc-ae1c-8596c846472f"},"text/plain":"StatementMeta(sparkpoolag, 5, 3, Finished, Available, Finished)"},"metadata":{}},{"name":"stdout","output_type":"stream","text":"storageAccountName: String = mgdcag3\nstorageContainerName: String = oversharing-no-groups\n"}],"execution_count":2},{"cell_type":"code","metadata":{"jupyter":{"source_hidden":false,"outputs_hidden":false},"nteract":{"transient":{"deleting":false}}},"source":["import java.text.SimpleDateFormat\r\n","import java.time.LocalDateTime\r\n","import java.time.format.DateTimeFormatter\r\n","import java.time.temporal.ChronoUnit\r\n","import org.apache.spark.sql.types._\r\n","import org.apache.spark.sql.{DataFrame, Row, SparkSession}\r\n","\r\n","\r\n","val adls_path = f\"abfss://$storageContainerName@$storageAccountName.dfs.core.windows.net\"\r\n","\r\n","val latestSites = adls_path + s\"/latest/sites/\"\r\n","val latestTeams = adls_path + s\"/latest/m365groups/\"\r\n","\r\n","\r\n","spark.conf.set(\"mapreduce.fileoutputcommitter.marksuccessfuljobs\", \"false\")"],"outputs":[{"output_type":"display_data","data":{"application/vnd.livy.statement-meta+json":{"spark_pool":"sparkpoolag","statement_id":4,"statement_ids":[4],"livy_statement_state":"available","spark_jobs":null,"session_id":"5","state":"finished","normalized_state":"finished","queued_time":"2024-07-02T15:06:47.4648299Z","session_start_time":null,"execution_start_time":"2024-07-02T15:07:33.218173Z","execution_finish_time":"2024-07-02T15:07:35.9779588Z","parent_msg_id":"4efd071d-eb6c-4773-b4e6-e51cbd0378db"},"text/plain":"StatementMeta(sparkpoolag, 5, 4, Finished, Available, Finished)"},"metadata":{}},{"name":"stdout","output_type":"stream","text":"import java.text.SimpleDateFormat\nimport java.time.LocalDateTime\nimport java.time.format.DateTimeFormatter\nimport java.time.temporal.ChronoUnit\nimport org.apache.spark.sql.types._\nimport org.apache.spark.sql.{DataFrame, Row, SparkSession}\nadls_path: String = abfss://oversharing-no-groups@mgdcag3.dfs.core.windows.net\nlatestSites: String = abfss://oversharing-no-groups@mgdcag3.dfs.core.windows.net/latest/sites/\nlatestTeams: String = abfss://oversharing-no-groups@mgdcag3.dfs.core.windows.net/latest/m365groups/\n"}],"execution_count":3},{"cell_type":"markdown","metadata":{"nteract":{"transient":{"deleting":false}}},"source":["## Read the datasets into DFs (Data Frames)\r\n","This are the files created by the MGDC copy tool\r\n","\r\n",""]},{"cell_type":"code","metadata":{"jupyter":{"source_hidden":false,"outputs_hidden":false},"nteract":{"transient":{"deleting":false}}},"source":["val latestSitesDF = spark\r\n","    .read\r\n","    .format(\"json\")\r\n","    .option(\"recursiveFileLookup\", \"false\")\r\n","    .load(latestSites)\r\n",""],"outputs":[{"output_type":"display_data","data":{"application/vnd.livy.statement-meta+json":{"spark_pool":"sparkpoolag","statement_id":5,"statement_ids":[5],"livy_statement_state":"available","spark_jobs":null,"session_id":"5","state":"finished","normalized_state":"finished","queued_time":"2024-07-02T15:06:47.4658543Z","session_start_time":null,"execution_start_time":"2024-07-02T15:07:36.1368613Z","execution_finish_time":"2024-07-02T15:07:44.7464889Z","parent_msg_id":"e65de239-4050-4fa0-b087-fcabec201882"},"text/plain":"StatementMeta(sparkpoolag, 5, 5, Finished, Available, Finished)"},"metadata":{}},{"name":"stdout","output_type":"stream","text":"latestSitesDF: org.apache.spark.sql.DataFrame = [ArchiveState: string, BlockAccessFromUnmanagedDevices: boolean ... 40 more fields]\n"}],"execution_count":4},{"cell_type":"markdown","metadata":{"nteract":{"transient":{"deleting":false}}},"source":["## Create a Teams dataset\r\n","\r\n","Get all sites, filter on group connected. Get group visibility, total owners and total members"]},{"cell_type":"code","metadata":{"jupyter":{"source_hidden":false,"outputs_hidden":false},"nteract":{"transient":{"deleting":false}}},"source":["val teamsDF = latestSitesDF\r\n","  .filter($\"IsTeamsConnectedSite\" === true)\r\n","  .select(\r\n","    $\"Id\",\r\n","    $\"GroupId\",\r\n","    $\"IsTeamsChannelSite\",\r\n","    $\"LastUserAccessDate\",\r\n","    $\"IsTeamsConnectedSite\",\r\n","    $\"Privacy\",\r\n","    $\"RootWeb.Title\".as(\"DisplayName\")\r\n","  )\r\n","\r\n","val m365GroupsDF = latestSitesDF\r\n","    .filter($\"IsTeamsConnectedSite\" === false && $\"GroupId\" != \"00000000-0000-0000-0000-000000000000\")\r\n","    .select(\r\n","    $\"Id\",\r\n","    $\"GroupId\",\r\n","    $\"IsTeamsChannelSite\",\r\n","    $\"LastUserAccessDate\",\r\n","    $\"IsTeamsConnectedSite\",\r\n","    $\"Privacy\",\r\n","    $\"RootWeb.Title\".as(\"DisplayName\")\r\n","  )\r\n","\r\n","val teamsM365GroupDF = teamsDF.union(m365GroupsDF)\r\n","\r\n","\r\n","// Select required columns from the joined DataFrame\r\n","//val teamsM365GroupGroupDF = joinedDF.select(teamsM365GroupDF(\"Id\"), teamsM365GroupDF(\"GroupId\"), teamsM365GroupDF(\"IsTeamsChannelSite\"), teamsM365GroupDF(\"LastUserAccessDate\"), teamsM365GroupDF(\"IsTeamsConnectedSite\"), groupDetailsDF(\"ExpirationDateTime\"), groupDetailsDF(\"Visibility\"), groupDetailsDF(\"DisplayName\"), groupDetailsDF(\"Classification\"))\r\n","\r\n","val teamsGroupsDFRe = teamsM365GroupDF\r\n","  .withColumnRenamed(\"Id\", \"SiteId\")\r\n","  .withColumnRenamed(\"IsTeamsConnectedSite\", \"IsTeamsConnectedGroup\")\r\n","  .withColumnRenamed(\"LastUserAccessDate\", \"SiteLastUserAccessDate\")\r\n","  .withColumn(\"ExpirationDateTime\", lit(null))\r\n","  .withColumn(\"Classification\", lit(null))\r\n","\r\n","teamsGroupsDFRe.filter($\"IsTeamsConnectedSite\" === false).show()"],"outputs":[{"output_type":"display_data","data":{"application/vnd.livy.statement-meta+json":{"spark_pool":"sparkpoolag","statement_id":7,"statement_ids":[7],"livy_statement_state":"available","spark_jobs":null,"session_id":"5","state":"finished","normalized_state":"finished","queued_time":"2024-07-02T15:18:11.9646734Z","session_start_time":null,"execution_start_time":"2024-07-02T15:18:12.0949508Z","execution_finish_time":"2024-07-02T15:18:16.0770075Z","parent_msg_id":"3b7e3c72-e482-4187-a2e6-39e249ddc56b"},"text/plain":"StatementMeta(sparkpoolag, 5, 7, Finished, Available, Finished)"},"metadata":{}},{"name":"stdout","output_type":"stream","text":"+--------------------+--------------------+------------------+----------------------+---------------------+-------+--------------------+------------------+--------------+\n|              SiteId|             GroupId|IsTeamsChannelSite|SiteLastUserAccessDate|IsTeamsConnectedGroup|Privacy|         DisplayName|ExpirationDateTime|Classification|\n+--------------------+--------------------+------------------+----------------------+---------------------+-------+--------------------+------------------+--------------+\n|00ef2338-1d5b-4e4...|ad0c0b98-abaa-4ff...|             false|  2023-08-30T13:49:01Z|                false|Private|        AllTheDrives|              null|          null|\n|01492eaf-5fd6-407...|00000000-0000-000...|             false|  2024-01-05T16:33:59Z|                false|   null|           migtest11|              null|          null|\n|025ec5d6-b946-454...|00000000-0000-000...|             false|  2023-09-20T14:28:32Z|                false|   null|    TestOneDriveComs|              null|          null|\n|03e91c68-63bf-476...|00000000-0000-000...|             false|  2024-02-15T09:20:47Z|                false|   null|         CarTeamSite|              null|          null|\n|06ee73c8-5c13-44a...|4a7963c8-b8ac-4fd...|             false|  2024-06-30T14:35:16Z|                false|Private|           Adoptify2|              null|          null|\n|0820beba-4578-46c...|6f77f34d-9640-421...|             false|  2024-01-29T18:42:52Z|                false|Private|        toomanylists|              null|          null|\n|08f7ccb0-b348-4a3...|00000000-0000-000...|             false|  2023-05-23T13:25:57Z|                false|   null|US Insurance Oper...|              null|          null|\n|09f0fc26-d242-4ac...|00000000-0000-000...|             false|  2023-12-22T10:56:36Z|                false|   null| Groverale Prov TEst|              null|          null|\n|0c3dd91f-1780-4df...|00000000-0000-000...|             false|  2024-06-19T11:41:46Z|                false|   null|Tenant Administra...|              null|          null|\n|0c62613e-1c32-4d0...|00000000-0000-000...|             false|  2023-11-06T11:12:01Z|                false|   null|     onedrive backup|              null|          null|\n|0d57ca3d-7232-4c7...|00000000-0000-000...|             false|  2023-09-27T14:45:18Z|                false|   null|           migtest10|              null|          null|\n|0f071568-4d5d-484...|00000000-0000-000...|             false|  2023-09-06T13:58:54Z|                false|   null|ExternalSharingPr...|              null|          null|\n|0f17e8ca-2b89-4a2...|00000000-0000-000...|             false|  2022-10-12T21:37:48Z|                false|   null|          TeraTest-0|              null|          null|\n|0fb4d6c7-d30a-4d6...|00000000-0000-000...|             false|  2022-12-13T13:49:59Z|                false|   null|            thefiles|              null|          null|\n|10a5dd5b-3ef9-451...|bc31493f-3c02-42c...|             false|  2024-05-19T21:07:45Z|                false|Private|       ProjectFalcon|              null|          null|\n|113ca1a0-7a4b-4f7...|f72ddb4a-b8bb-443...|             false|  2022-10-07T11:12:29Z|                false|Private|            Dopeski2|              null|          null|\n|114e0947-0507-410...|00000000-0000-000...|             false|  2024-06-15T16:06:17Z|                false|   null|           WhatDrive|              null|          null|\n|12e26427-aeef-4c2...|08c4b514-1797-4cc...|             false|  2024-06-15T16:06:15Z|                false|Private|              SkyDev|              null|          null|\n|181b82b4-2904-480...|06d2035e-0738-45a...|             false|  1900-01-01T00:00:00Z|                false|Private|            fakesite|              null|          null|\n|1949f735-9790-410...|407a309e-ceb3-4cb...|             false|  2024-06-15T16:06:37Z|                false|Private|       ScreenSaverPA|              null|          null|\n+--------------------+--------------------+------------------+----------------------+---------------------+-------+--------------------+------------------+--------------+\nonly showing top 20 rows\n\nteamsDF: org.apache.spark.sql.DataFrame = [Id: string, GroupId: string ... 5 more fields]\nm365GroupsDF: org.apache.spark.sql.DataFrame = [Id: string, GroupId: string ... 5 more fields]\nteamsM365GroupDF: org.apache.spark.sql.Dataset[org.apache.spark.sql.Row] = [Id: string, GroupId: string ... 5 more fields]\nteamsGroupsDFRe: org.apache.spark.sql.DataFrame = [SiteId: string, GroupId: string ... 7 more fields]\n"}],"execution_count":6},{"cell_type":"markdown","metadata":{"nteract":{"transient":{"deleting":false}}},"source":["## Expand the members from all the groups\r\n","\r\n","No longer doing this as cost outwieighs value"]},{"cell_type":"markdown","metadata":{"nteract":{"transient":{"deleting":false}}},"source":["# Write back to blob"]},{"cell_type":"code","metadata":{"jupyter":{"source_hidden":false,"outputs_hidden":false},"nteract":{"transient":{"deleting":false}}},"source":["// Write back to blob\r\n","// Teams DF is alway overwritten\r\n","teamsGroupsDFRe\r\n","    .repartition(1)\r\n","    .write\r\n","    .format(\"json\")\r\n","    .mode(\"overwrite\")\r\n","    .save(latestTeams)\r\n","\r\n",""],"outputs":[{"output_type":"display_data","data":{"application/vnd.livy.statement-meta+json":{"spark_pool":"sparkpoolag","statement_id":8,"statement_ids":[8],"livy_statement_state":"available","spark_jobs":null,"session_id":"5","state":"finished","normalized_state":"finished","queued_time":"2024-07-02T15:18:26.3035261Z","session_start_time":null,"execution_start_time":"2024-07-02T15:18:26.4375775Z","execution_finish_time":"2024-07-02T15:18:33.21415Z","parent_msg_id":"ef1e8788-6879-41a2-a59d-7d92443bd03e"},"text/plain":"StatementMeta(sparkpoolag, 5, 8, Finished, Available, Finished)"},"metadata":{}}],"execution_count":7}]},"dependsOn":[]}]}