{"$schema":"http://schema.management.azure.com/schemas/2015-01-01/deploymentTemplate.json#","contentVersion":"1.0.0.0","parameters":{"workspaceName":{"type":"string","metadata":"Workspace name","defaultValue":"synpase-mgdc-ag"},"AzureDataLakeStorage":{"type":"string"}},"variables":{"workspaceId":"[concat('Microsoft.Synapse/workspaces/', parameters('workspaceName'))]"},"resources":[{"name":"[concat(parameters('workspaceName'), '/Oversharing_LowCode_MergeOnly')]","type":"Microsoft.Synapse/workspaces/pipelines","apiVersion":"2019-06-01-preview","properties":{"activities":[{"name":"IsFullPull","type":"IfCondition","dependsOn":[],"userProperties":[],"typeProperties":{"expression":{"value":"@equals(pipeline().parameters.StartTime, pipeline().parameters.EndTime)","type":"Expression"},"ifFalseActivities":[{"name":"MergeDeltasSites_","type":"ExecuteDataFlow","dependsOn":[{"activity":"ClearLatestSite","dependencyConditions":["Succeeded"]}],"policy":{"timeout":"0.12:00:00","retry":0,"retryIntervalInSeconds":30,"secureOutput":false,"secureInput":false},"userProperties":[],"typeProperties":{"dataflow":{"referenceName":"Dataflow1","type":"DataFlowReference","parameters":{},"datasetParameters":{"IncomingSites":{"EndTime":{"value":"@pipeline().parameters.EndTime","type":"Expression"},"StorageContainerName":{"value":"@pipeline().parameters.StorageContainerName","type":"Expression"},"RunId":{"value":"@pipeline().parameters.RunId","type":"Expression"}},"LatestSitesTemp":{"StorageContainerName":{"value":"@pipeline().parameters.StorageContainerName","type":"Expression"}},"DeltaNew":{"StorageContainerName":{"value":"@pipeline().parameters.StorageContainerName","type":"Expression"}},"DeletedSitesSink":{"StorageContainerName":{"value":"@pipeline().parameters.StorageContainerName","type":"Expression"}},"AppendWithDelta":{"StorageContainerName":{"value":"@pipeline().parameters.StorageContainerName","type":"Expression"}}},"linkedServiceParameters":{}},"staging":{},"compute":{"coreCount":8,"computeType":"General"},"traceLevel":"Fine"}},{"name":"CopyLatestSitesTemp","type":"Copy","dependsOn":[{"activity":"ClearTempSites","dependencyConditions":["Succeeded"]}],"policy":{"timeout":"0.12:00:00","retry":0,"retryIntervalInSeconds":30,"secureOutput":false,"secureInput":false},"userProperties":[],"typeProperties":{"source":{"type":"JsonSource","storeSettings":{"type":"AzureBlobFSReadSettings","recursive":true,"wildcardFileName":"*.json","enablePartitionDiscovery":false},"formatSettings":{"type":"JsonReadSettings"}},"sink":{"type":"JsonSink","storeSettings":{"type":"AzureBlobFSWriteSettings"},"formatSettings":{"type":"JsonWriteSettings"}},"enableStaging":false},"inputs":[{"referenceName":"LatestSites1","type":"DatasetReference","parameters":{"StorageContainerName":{"value":"@pipeline().parameters.StorageContainerName","type":"Expression"}}}],"outputs":[{"referenceName":"LatestSitesTemp1","type":"DatasetReference","parameters":{"StorageContainerName":{"value":"@pipeline().parameters.StorageContainerName","type":"Expression"}}}]},{"name":"ClearTempSites","type":"Delete","dependsOn":[],"policy":{"timeout":"0.12:00:00","retry":0,"retryIntervalInSeconds":30,"secureOutput":false,"secureInput":false},"userProperties":[],"typeProperties":{"dataset":{"referenceName":"LatestSitesTemp1","type":"DatasetReference","parameters":{"StorageContainerName":{"value":"@pipeline().parameters.StorageContainerName","type":"Expression"}}},"enableLogging":false,"storeSettings":{"type":"AzureBlobFSReadSettings","recursive":false,"enablePartitionDiscovery":false}}},{"name":"ClearTempPermissions","type":"Delete","dependsOn":[],"policy":{"timeout":"0.12:00:00","retry":0,"retryIntervalInSeconds":30,"secureOutput":false,"secureInput":false},"userProperties":[],"typeProperties":{"dataset":{"referenceName":"LatestPermissionsTemp1","type":"DatasetReference","parameters":{"StorageContainerName":{"value":"@pipeline().parameters.StorageContainerName","type":"Expression"}}},"enableLogging":false,"storeSettings":{"type":"AzureBlobFSReadSettings","recursive":false,"enablePartitionDiscovery":false}}},{"name":"CopyLatestPermissionsTemp","type":"Copy","dependsOn":[{"activity":"ClearTempPermissions","dependencyConditions":["Succeeded"]}],"policy":{"timeout":"0.12:00:00","retry":0,"retryIntervalInSeconds":30,"secureOutput":false,"secureInput":false},"userProperties":[],"typeProperties":{"source":{"type":"JsonSource","storeSettings":{"type":"AzureBlobFSReadSettings","recursive":true,"wildcardFileName":"*.json","enablePartitionDiscovery":false},"formatSettings":{"type":"JsonReadSettings"}},"sink":{"type":"JsonSink","storeSettings":{"type":"AzureBlobFSWriteSettings"},"formatSettings":{"type":"JsonWriteSettings"}},"enableStaging":false},"inputs":[{"referenceName":"LatestPermissions1","type":"DatasetReference","parameters":{"StorageContainerName":{"value":"@pipeline().parameters.StorageContainerName","type":"Expression"}}}],"outputs":[{"referenceName":"LatestPermissionsTemp1","type":"DatasetReference","parameters":{"StorageContainerName":{"value":"@pipeline().parameters.StorageContainerName","type":"Expression"}}}]},{"name":"MergeDeltasPermissions_","type":"ExecuteDataFlow","dependsOn":[{"activity":"ClearLatestPermissions","dependencyConditions":["Succeeded"]}],"policy":{"timeout":"0.12:00:00","retry":0,"retryIntervalInSeconds":30,"secureOutput":false,"secureInput":false},"userProperties":[],"typeProperties":{"dataflow":{"referenceName":"MergePermissions","type":"DataFlowReference","parameters":{},"datasetParameters":{"IncomingPermissions":{"StorageContainerName":{"value":"@pipeline().parameters.StorageContainerName","type":"Expression"},"RunId":{"value":"@pipeline().parameters.RunId","type":"Expression"},"EndTime":{"value":"@pipeline().parameters.EndTime","type":"Expression"}},"LatestPermissionsTemp":{"StorageContainerName":{"value":"@pipeline().parameters.StorageContainerName","type":"Expression"}},"DeltaPermissions":{"StorageContainerName":{"value":"@pipeline().parameters.StorageContainerName","type":"Expression"}},"DeletedPermissionsSink":{"StorageContainerName":{"value":"@pipeline().parameters.StorageContainerName","type":"Expression"}},"AppendToDelta":{"StorageContainerName":{"value":"@pipeline().parameters.StorageContainerName","type":"Expression"}}},"linkedServiceParameters":{}},"staging":{},"compute":{"coreCount":8,"computeType":"General"},"traceLevel":"Fine"}},{"name":"ClearTempSPOGroups","type":"Delete","dependsOn":[],"policy":{"timeout":"0.12:00:00","retry":0,"retryIntervalInSeconds":30,"secureOutput":false,"secureInput":false},"userProperties":[],"typeProperties":{"dataset":{"referenceName":"LatestSPOGroupsTemp1","type":"DatasetReference","parameters":{"StorageContainerName":{"value":"@pipeline().parameters.StorageContainerName","type":"Expression"}}},"enableLogging":false,"storeSettings":{"type":"AzureBlobFSReadSettings","recursive":false,"enablePartitionDiscovery":false}}},{"name":"CopyLatestSPOGroupsTemp","type":"Copy","dependsOn":[{"activity":"ClearTempSPOGroups","dependencyConditions":["Succeeded"]}],"policy":{"timeout":"0.12:00:00","retry":0,"retryIntervalInSeconds":30,"secureOutput":false,"secureInput":false},"userProperties":[],"typeProperties":{"source":{"type":"JsonSource","storeSettings":{"type":"AzureBlobFSReadSettings","recursive":true,"wildcardFileName":"*.json","enablePartitionDiscovery":false},"formatSettings":{"type":"JsonReadSettings"}},"sink":{"type":"JsonSink","storeSettings":{"type":"AzureBlobFSWriteSettings"},"formatSettings":{"type":"JsonWriteSettings"}},"enableStaging":false},"inputs":[{"referenceName":"LatestSPOGroups1","type":"DatasetReference","parameters":{"StorageContainerName":{"value":"@pipeline().parameters.StorageContainerName","type":"Expression"}}}],"outputs":[{"referenceName":"LatestSPOGroupsTemp1","type":"DatasetReference","parameters":{"StorageContainerName":{"value":"@pipeline().parameters.StorageContainerName","type":"Expression"}}}]},{"name":"MergeDeltasSPOGroups_","type":"ExecuteDataFlow","dependsOn":[{"activity":"ClearLatestSPOGroups","dependencyConditions":["Succeeded"]}],"policy":{"timeout":"0.12:00:00","retry":0,"retryIntervalInSeconds":30,"secureOutput":false,"secureInput":false},"userProperties":[],"typeProperties":{"dataflow":{"referenceName":"MergeSPOGroups","type":"DataFlowReference","parameters":{},"datasetParameters":{"IncomingSPOGroups":{"StorageContainerName":{"value":"@pipeline().parameters.StorageContainerName","type":"Expression"},"RunId":{"value":"@pipeline().parameters.RunId","type":"Expression"},"EndTime":{"value":"@pipeline().parameters.EndTime","type":"Expression"}},"LatestSPOGroupsTemp":{"StorageContainerName":{"value":"@pipeline().parameters.StorageContainerName","type":"Expression"}},"FullSPOGroups":{"StorageContainerName":{"value":"@pipeline().parameters.StorageContainerName","type":"Expression"}},"DeletedSitesSink":{"StorageContainerName":{"value":"@pipeline().parameters.StorageContainerName","type":"Expression"}},"AppendToDelta":{"StorageContainerName":{"value":"@pipeline().parameters.StorageContainerName","type":"Expression"}}},"linkedServiceParameters":{}},"staging":{},"compute":{"coreCount":8,"computeType":"General"},"traceLevel":"Fine"}},{"name":"ClearLatestSite","type":"Delete","dependsOn":[{"activity":"CopyLatestSitesTemp","dependencyConditions":["Succeeded"]}],"policy":{"timeout":"0.12:00:00","retry":0,"retryIntervalInSeconds":30,"secureOutput":false,"secureInput":false},"userProperties":[],"typeProperties":{"dataset":{"referenceName":"LatestSites1","type":"DatasetReference","parameters":{"StorageContainerName":{"value":"@pipeline().parameters.StorageContainerName","type":"Expression"}}},"enableLogging":false,"storeSettings":{"type":"AzureBlobFSReadSettings","recursive":false,"enablePartitionDiscovery":false}}},{"name":"ClearLatestPermissions","type":"Delete","dependsOn":[{"activity":"CopyLatestPermissionsTemp","dependencyConditions":["Succeeded"]}],"policy":{"timeout":"0.12:00:00","retry":0,"retryIntervalInSeconds":30,"secureOutput":false,"secureInput":false},"userProperties":[],"typeProperties":{"dataset":{"referenceName":"LatestPermissions1","type":"DatasetReference","parameters":{"StorageContainerName":{"value":"@pipeline().parameters.StorageContainerName","type":"Expression"}}},"enableLogging":false,"storeSettings":{"type":"AzureBlobFSReadSettings","recursive":false,"enablePartitionDiscovery":false}}},{"name":"ClearLatestSPOGroups","type":"Delete","dependsOn":[{"activity":"CopyLatestSPOGroupsTemp","dependencyConditions":["Succeeded"]}],"policy":{"timeout":"0.12:00:00","retry":0,"retryIntervalInSeconds":30,"secureOutput":false,"secureInput":false},"userProperties":[],"typeProperties":{"dataset":{"referenceName":"LatestSPOGroups1","type":"DatasetReference","parameters":{"StorageContainerName":{"value":"@pipeline().parameters.StorageContainerName","type":"Expression"}}},"enableLogging":false,"storeSettings":{"type":"AzureBlobFSReadSettings","recursive":false,"enablePartitionDiscovery":false}}}],"ifTrueActivities":[{"name":"MoveSitesToLatest","type":"Copy","dependsOn":[{"activity":"DeleteLatestSites","dependencyConditions":["Succeeded"]}],"policy":{"timeout":"0.12:00:00","retry":0,"retryIntervalInSeconds":30,"secureOutput":false,"secureInput":false},"userProperties":[],"typeProperties":{"source":{"type":"BinarySource","storeSettings":{"type":"AzureBlobFSReadSettings","recursive":false,"deleteFilesAfterCompletion":false},"formatSettings":{"type":"BinaryReadSettings"}},"sink":{"type":"BinarySink","storeSettings":{"type":"AzureBlobFSWriteSettings"}},"enableStaging":false},"inputs":[{"referenceName":"Sites_Storage_Target1","type":"DatasetReference","parameters":{"StartTime":{"value":"@pipeline().parameters.StartTime","type":"Expression"},"EndTime":{"value":"@pipeline().parameters.EndTime","type":"Expression"},"StorageContainerName":{"value":"@pipeline().parameters.StorageContainerName","type":"Expression"},"RunId":{"value":"@pipeline().RunId","type":"Expression"}}}],"outputs":[{"referenceName":"LatestSitesBinary1","type":"DatasetReference","parameters":{"StorageContainerName":{"value":"@pipeline().parameters.StorageContainerName","type":"Expression"}}}]},{"name":"DeleteLatestSites","type":"Delete","dependsOn":[],"policy":{"timeout":"0.12:00:00","retry":0,"retryIntervalInSeconds":30,"secureOutput":false,"secureInput":false},"userProperties":[],"typeProperties":{"dataset":{"referenceName":"LatestSitesBinary1","type":"DatasetReference","parameters":{"StorageContainerName":{"value":"@pipeline().parameters.StorageContainerName","type":"Expression"}}},"enableLogging":false,"storeSettings":{"type":"AzureBlobFSReadSettings","recursive":true,"enablePartitionDiscovery":false}}},{"name":"CopyLatestSitesTempFull","type":"Copy","dependsOn":[{"activity":"MoveSitesToLatest","dependencyConditions":["Succeeded"]}],"policy":{"timeout":"0.12:00:00","retry":0,"retryIntervalInSeconds":30,"secureOutput":false,"secureInput":false},"userProperties":[],"typeProperties":{"source":{"type":"JsonSource","storeSettings":{"type":"AzureBlobFSReadSettings","recursive":true,"wildcardFileName":"*.json","enablePartitionDiscovery":false},"formatSettings":{"type":"JsonReadSettings"}},"sink":{"type":"JsonSink","storeSettings":{"type":"AzureBlobFSWriteSettings"},"formatSettings":{"type":"JsonWriteSettings"}},"enableStaging":false},"inputs":[{"referenceName":"LatestSites1","type":"DatasetReference","parameters":{"StorageContainerName":{"value":"@pipeline().parameters.StorageContainerName","type":"Expression"}}}],"outputs":[{"referenceName":"LatestSitesTemp1","type":"DatasetReference","parameters":{"StorageContainerName":{"value":"@pipeline().parameters.StorageContainerName","type":"Expression"}}}]},{"name":"MovePermissionsToLatest","type":"Copy","dependsOn":[{"activity":"DeleteLatestPermissions","dependencyConditions":["Succeeded"]}],"policy":{"timeout":"0.12:00:00","retry":0,"retryIntervalInSeconds":30,"secureOutput":false,"secureInput":false},"userProperties":[],"typeProperties":{"source":{"type":"BinarySource","storeSettings":{"type":"AzureBlobFSReadSettings","recursive":false,"deleteFilesAfterCompletion":false},"formatSettings":{"type":"BinaryReadSettings"}},"sink":{"type":"BinarySink","storeSettings":{"type":"AzureBlobFSWriteSettings"}},"enableStaging":false},"inputs":[{"referenceName":"Permissions_Taget1","type":"DatasetReference","parameters":{"EndTime":{"value":"@pipeline().parameters.EndTime","type":"Expression"},"StorageContainerName":{"value":"@pipeline().parameters.StorageContainerName","type":"Expression"},"RunId":{"value":"@pipeline().RunId","type":"Expression"}}}],"outputs":[{"referenceName":"LatestPermissionsBinary1","type":"DatasetReference","parameters":{"StorageContainerName":{"value":"@pipeline().parameters.StorageContainerName","type":"Expression"}}}]},{"name":"CopyLatestPermissionsTempFull","type":"Copy","dependsOn":[{"activity":"MovePermissionsToLatest","dependencyConditions":["Succeeded"]}],"policy":{"timeout":"0.12:00:00","retry":0,"retryIntervalInSeconds":30,"secureOutput":false,"secureInput":false},"userProperties":[],"typeProperties":{"source":{"type":"JsonSource","storeSettings":{"type":"AzureBlobFSReadSettings","recursive":true,"wildcardFileName":"*.json","enablePartitionDiscovery":false},"formatSettings":{"type":"JsonReadSettings"}},"sink":{"type":"JsonSink","storeSettings":{"type":"AzureBlobFSWriteSettings"},"formatSettings":{"type":"JsonWriteSettings"}},"enableStaging":false},"inputs":[{"referenceName":"LatestPermissions1","type":"DatasetReference","parameters":{"StorageContainerName":{"value":"@pipeline().parameters.StorageContainerName","type":"Expression"}}}],"outputs":[{"referenceName":"LatestPermissionsTemp1","type":"DatasetReference","parameters":{"StorageContainerName":{"value":"@pipeline().parameters.StorageContainerName","type":"Expression"}}}]},{"name":"DeleteLatestPermissions","type":"Delete","dependsOn":[],"policy":{"timeout":"0.12:00:00","retry":0,"retryIntervalInSeconds":30,"secureOutput":false,"secureInput":false},"userProperties":[],"typeProperties":{"dataset":{"referenceName":"LatestPermissionsBinary1","type":"DatasetReference","parameters":{"StorageContainerName":{"value":"@pipeline().parameters.StorageContainerName","type":"Expression"}}},"enableLogging":false,"storeSettings":{"type":"AzureBlobFSReadSettings","recursive":true,"enablePartitionDiscovery":false}}},{"name":"MoveSPOGroupsToLatest","type":"Copy","dependsOn":[{"activity":"DeleteLatestSPOGroups","dependencyConditions":["Succeeded"]}],"policy":{"timeout":"0.12:00:00","retry":0,"retryIntervalInSeconds":30,"secureOutput":false,"secureInput":false},"userProperties":[],"typeProperties":{"source":{"type":"BinarySource","storeSettings":{"type":"AzureBlobFSReadSettings","recursive":false,"deleteFilesAfterCompletion":false},"formatSettings":{"type":"BinaryReadSettings"}},"sink":{"type":"BinarySink","storeSettings":{"type":"AzureBlobFSWriteSettings"}},"enableStaging":false},"inputs":[{"referenceName":"SPOGroups_Target1","type":"DatasetReference","parameters":{"EndTime":{"value":"@pipeline().parameters.EndTime","type":"Expression"},"RunId":{"value":"@pipeline().RunId","type":"Expression"},"StorageContainerName":{"value":"@pipeline().parameters.StorageContainerName","type":"Expression"}}}],"outputs":[{"referenceName":"LatestSPOGroupsBinary1","type":"DatasetReference","parameters":{"StorageContainerName":{"value":"@pipeline().parameters.StorageContainerName","type":"Expression"}}}]},{"name":"CopyLatestSPOGroupsTempFull","type":"Copy","dependsOn":[{"activity":"MoveSPOGroupsToLatest","dependencyConditions":["Succeeded"]}],"policy":{"timeout":"0.12:00:00","retry":0,"retryIntervalInSeconds":30,"secureOutput":false,"secureInput":false},"userProperties":[],"typeProperties":{"source":{"type":"JsonSource","storeSettings":{"type":"AzureBlobFSReadSettings","recursive":true,"wildcardFileName":"*.json","enablePartitionDiscovery":false},"formatSettings":{"type":"JsonReadSettings"}},"sink":{"type":"JsonSink","storeSettings":{"type":"AzureBlobFSWriteSettings"},"formatSettings":{"type":"JsonWriteSettings"}},"enableStaging":false},"inputs":[{"referenceName":"LatestSPOGroups1","type":"DatasetReference","parameters":{"StorageContainerName":{"value":"@pipeline().parameters.StorageContainerName","type":"Expression"}}}],"outputs":[{"referenceName":"LatestSPOGroupsTemp1","type":"DatasetReference","parameters":{"StorageContainerName":{"value":"@pipeline().parameters.StorageContainerName","type":"Expression"}}}]},{"name":"DeleteLatestSPOGroups","type":"Delete","dependsOn":[],"policy":{"timeout":"0.12:00:00","retry":0,"retryIntervalInSeconds":30,"secureOutput":false,"secureInput":false},"userProperties":[],"typeProperties":{"dataset":{"referenceName":"LatestSPOGroupsBinary1","type":"DatasetReference","parameters":{"StorageContainerName":{"value":"@pipeline().parameters.StorageContainerName","type":"Expression"}}},"enableLogging":false,"storeSettings":{"type":"AzureBlobFSReadSettings","recursive":true,"enablePartitionDiscovery":false}}}]}}],"policy":{"elapsedTimeMetric":{}},"parameters":{"StartTime":{"type":"string","defaultValue":"2025-01-19T00:00:00Z"},"EndTime":{"type":"string","defaultValue":"2025-01-26T00:00:00Z"},"StorageAccountName":{"type":"string","defaultValue":"mgdcag4"},"StorageContainerName":{"type":"string","defaultValue":"spodata"},"RunId":{"type":"string"}},"annotations":[],"lastPublishTime":"2025-01-24T00:57:51Z"},"dependsOn":["[concat(variables('workspaceId'), '/dataflows/Dataflow1')]","[concat(variables('workspaceId'), '/datasets/LatestSites1')]","[concat(variables('workspaceId'), '/datasets/LatestSitesTemp1')]","[concat(variables('workspaceId'), '/datasets/LatestPermissionsTemp1')]","[concat(variables('workspaceId'), '/datasets/LatestPermissions1')]","[concat(variables('workspaceId'), '/dataflows/MergePermissions')]","[concat(variables('workspaceId'), '/datasets/LatestSPOGroupsTemp1')]","[concat(variables('workspaceId'), '/datasets/LatestSPOGroups1')]","[concat(variables('workspaceId'), '/dataflows/MergeSPOGroups')]","[concat(variables('workspaceId'), '/datasets/Sites_Storage_Target1')]","[concat(variables('workspaceId'), '/datasets/LatestSitesBinary1')]","[concat(variables('workspaceId'), '/datasets/Permissions_Taget1')]","[concat(variables('workspaceId'), '/datasets/LatestPermissionsBinary1')]","[concat(variables('workspaceId'), '/datasets/SPOGroups_Target1')]","[concat(variables('workspaceId'), '/datasets/LatestSPOGroupsBinary1')]"]},{"name":"[concat(parameters('workspaceName'), '/Dataflow1')]","type":"Microsoft.Synapse/workspaces/dataflows","apiVersion":"2019-06-01-preview","properties":{"type":"MappingDataFlow","typeProperties":{"sources":[{"dataset":{"referenceName":"IncomingSites1","type":"DatasetReference"},"name":"IncomingSites"},{"dataset":{"referenceName":"LatestSitesTemp1","type":"DatasetReference"},"name":"LatestSitesTemp"}],"sinks":[{"dataset":{"referenceName":"LatestSites1","type":"DatasetReference"},"name":"DeltaNew"},{"dataset":{"referenceName":"DeletedSitesSink1","type":"DatasetReference"},"name":"DeletedSitesSink"},{"dataset":{"referenceName":"LatestSites1","type":"DatasetReference"},"name":"AppendWithDelta"}],"transformations":[{"name":"GetSitesNotInDelta","description":"Data in latest that is not being updated"},{"name":"SplitoutDeletes"}],"scriptLines":["source(output(","          ptenant as string,","          Id as string,","          Operation as string,","          SnapshotDate as string","     ),","     allowSchemaDrift: true,","     validateSchema: false,","     ignoreNoFilesFound: false,","     documentForm: 'documentPerLine') ~> IncomingSites","source(output(","          ptenant as string,","          Id as string,","          Operation as string,","          SnapshotDate as string","     ),","     allowSchemaDrift: true,","     validateSchema: false,","     ignoreNoFilesFound: false,","     documentForm: 'documentPerLine') ~> LatestSitesTemp","LatestSitesTemp, IncomingSites exists(LatestSitesTemp@Id == IncomingSites@Id,","     negate:true,","     broadcast: 'auto')~> GetSitesNotInDelta","IncomingSites split(notEquals(Operation, \"Deleted\"),","     disjoint: false) ~> SplitoutDeletes@(AllExceptDeletes, Deletes)","SplitoutDeletes@AllExceptDeletes sink(allowSchemaDrift: true,","     validateSchema: false,","     input(","          ptenant as string,","          Id as string,","          Operation as string,","          SnapshotDate as string","     ),","     umask: 0022,","     preCommands: [],","     postCommands: ['rm  /latest/sites/_SUCCESS'],","     skipDuplicateMapInputs: true,","     skipDuplicateMapOutputs: true) ~> DeltaNew","SplitoutDeletes@Deletes sink(allowSchemaDrift: true,","     validateSchema: false,","     umask: 0022,","     preCommands: [],","     postCommands: ['rm  /deleted/sites/_SUCCESS'],","     skipDuplicateMapInputs: true,","     skipDuplicateMapOutputs: true) ~> DeletedSitesSink","GetSitesNotInDelta sink(allowSchemaDrift: true,","     validateSchema: false,","     input(","          ptenant as string,","          Id as string,","          Operation as string,","          SnapshotDate as string","     ),","     umask: 0022,","     preCommands: [],","     postCommands: ['rm  /latest/sites/_SUCCESS'],","     skipDuplicateMapInputs: true,","     skipDuplicateMapOutputs: true) ~> AppendWithDelta"]}},"dependsOn":["[concat(variables('workspaceId'), '/datasets/IncomingSites1')]","[concat(variables('workspaceId'), '/datasets/LatestSitesTemp1')]","[concat(variables('workspaceId'), '/datasets/LatestSites1')]","[concat(variables('workspaceId'), '/datasets/DeletedSitesSink1')]"]},{"name":"[concat(parameters('workspaceName'), '/LatestSites1')]","type":"Microsoft.Synapse/workspaces/datasets","apiVersion":"2019-06-01-preview","properties":{"linkedServiceName":{"referenceName":"[parameters('AzureDataLakeStorage')]","type":"LinkedServiceReference"},"parameters":{"StorageContainerName":{"type":"string"}},"annotations":[],"type":"Json","typeProperties":{"location":{"type":"AzureBlobFSLocation","folderPath":{"value":"@concat('latest/sites')","type":"Expression"},"fileSystem":{"value":"@dataset().StorageContainerName","type":"Expression"}}},"schema":{"type":"object","properties":{"ptenant":{"type":"string"},"Id":{"type":"string"},"Operation":{"type":"string"},"SnapshotDate":{"type":"string"}}}},"dependsOn":[]},{"name":"[concat(parameters('workspaceName'), '/LatestSitesTemp1')]","type":"Microsoft.Synapse/workspaces/datasets","apiVersion":"2019-06-01-preview","properties":{"linkedServiceName":{"referenceName":"[parameters('AzureDataLakeStorage')]","type":"LinkedServiceReference"},"parameters":{"StorageContainerName":{"type":"string"}},"annotations":[],"type":"Json","typeProperties":{"location":{"type":"AzureBlobFSLocation","folderPath":{"value":"@concat('temp/sites')","type":"Expression"},"fileSystem":{"value":"@dataset().StorageContainerName","type":"Expression"}}},"schema":{"type":"object","properties":{"ptenant":{"type":"string"},"Id":{"type":"string"},"Operation":{"type":"string"},"SnapshotDate":{"type":"string"}}}},"dependsOn":[]},{"name":"[concat(parameters('workspaceName'), '/LatestPermissionsTemp1')]","type":"Microsoft.Synapse/workspaces/datasets","apiVersion":"2019-06-01-preview","properties":{"linkedServiceName":{"referenceName":"[parameters('AzureDataLakeStorage')]","type":"LinkedServiceReference"},"parameters":{"StorageContainerName":{"type":"string"}},"annotations":[],"type":"Json","typeProperties":{"location":{"type":"AzureBlobFSLocation","folderPath":{"value":"@concat('temp/permissions')","type":"Expression"},"fileSystem":{"value":"@dataset().StorageContainerName","type":"Expression"}}},"schema":{"type":"object","properties":{"ptenant":{"type":"string"},"SiteId":{"type":"string"},"RoleDefinition":{"type":"string"},"LinkId":{"type":"string"},"ScopeId":{"type":"string"},"Operation":{"type":"string"},"SnapshotDate":{"type":"string"}}}},"dependsOn":[]},{"name":"[concat(parameters('workspaceName'), '/LatestPermissions1')]","type":"Microsoft.Synapse/workspaces/datasets","apiVersion":"2019-06-01-preview","properties":{"linkedServiceName":{"referenceName":"[parameters('AzureDataLakeStorage')]","type":"LinkedServiceReference"},"parameters":{"StorageContainerName":{"type":"string"}},"annotations":[],"type":"Json","typeProperties":{"location":{"type":"AzureBlobFSLocation","folderPath":{"value":"@concat('latest/permissions')","type":"Expression"},"fileSystem":{"value":"@dataset().StorageContainerName","type":"Expression"}}},"schema":{"type":"object","properties":{"ptenant":{"type":"string"},"SiteId":{"type":"string"},"RoleDefinition":{"type":"string"},"LinkId":{"type":"string"},"ScopeId":{"type":"string"},"Operation":{"type":"string"},"SnapshotDate":{"type":"string"}}}},"dependsOn":[]},{"name":"[concat(parameters('workspaceName'), '/MergePermissions')]","type":"Microsoft.Synapse/workspaces/dataflows","apiVersion":"2019-06-01-preview","properties":{"type":"MappingDataFlow","typeProperties":{"sources":[{"dataset":{"referenceName":"IncomingPermissions1","type":"DatasetReference"},"name":"IncomingPermissions"},{"dataset":{"referenceName":"LatestPermissionsTemp1","type":"DatasetReference"},"name":"LatestPermissionsTemp"}],"sinks":[{"dataset":{"referenceName":"LatestPermissions1","type":"DatasetReference"},"name":"DeltaPermissions","description":"Export data to LatestPermissions"},{"dataset":{"referenceName":"DeletedPermissionsSink1","type":"DatasetReference"},"name":"DeletedPermissionsSink"},{"dataset":{"referenceName":"LatestPermissions1","type":"DatasetReference"},"name":"AppendToDelta"}],"transformations":[{"name":"GetPermissionsNotInDelta","description":"Data in latest that is not being updated"},{"name":"SplitoutDeletes"}],"scriptLines":["source(output(","          ptenant as string,","          SiteId as string,","          RoleDefinition as string,","          LinkId as string,","          ScopeId as string,","          Operation as string,","          SnapshotDate as string","     ),","     allowSchemaDrift: true,","     validateSchema: false,","     ignoreNoFilesFound: false,","     documentForm: 'documentPerLine') ~> IncomingPermissions","source(output(","          ptenant as string,","          SiteId as string,","          RoleDefinition as string,","          LinkId as string,","          ScopeId as string,","          Operation as string,","          SnapshotDate as string","     ),","     allowSchemaDrift: true,","     validateSchema: false,","     ignoreNoFilesFound: false,","     documentForm: 'documentPerLine') ~> LatestPermissionsTemp","LatestPermissionsTemp, IncomingPermissions exists(LatestPermissionsTemp@SiteId == IncomingPermissions@SiteId","     && LatestPermissionsTemp@ScopeId == IncomingPermissions@ScopeId","     && LatestPermissionsTemp@RoleDefinition == IncomingPermissions@RoleDefinition","     && LatestPermissionsTemp@LinkId == IncomingPermissions@LinkId,","     negate:true,","     broadcast: 'auto')~> GetPermissionsNotInDelta","IncomingPermissions split(notEquals(Operation, \"Deleted\"),","     disjoint: false) ~> SplitoutDeletes@(AllExceptDeletes, Deletes)","SplitoutDeletes@AllExceptDeletes sink(allowSchemaDrift: true,","     validateSchema: false,","     input(","          ptenant as string,","          SiteId as string,","          RoleDefinition as string,","          LinkId as string,","          ScopeId as string,","          Operation as string,","          SnapshotDate as string","     ),","     umask: 0022,","     preCommands: [],","     postCommands: ['rm  /latest/permissions/_SUCCESS'],","     skipDuplicateMapInputs: true,","     skipDuplicateMapOutputs: true) ~> DeltaPermissions","SplitoutDeletes@Deletes sink(allowSchemaDrift: true,","     validateSchema: false,","     umask: 0022,","     preCommands: [],","     postCommands: ['rm  /deleted/permissions/_SUCCESS'],","     skipDuplicateMapInputs: true,","     skipDuplicateMapOutputs: true) ~> DeletedPermissionsSink","GetPermissionsNotInDelta sink(allowSchemaDrift: true,","     validateSchema: false,","     input(","          ptenant as string,","          SiteId as string,","          RoleDefinition as string,","          LinkId as string,","          ScopeId as string,","          Operation as string,","          SnapshotDate as string","     ),","     umask: 0022,","     preCommands: [],","     postCommands: ['rm  /latest/permissions/_SUCCESS'],","     skipDuplicateMapInputs: true,","     skipDuplicateMapOutputs: true) ~> AppendToDelta"]}},"dependsOn":["[concat(variables('workspaceId'), '/datasets/IncomingPermissions1')]","[concat(variables('workspaceId'), '/datasets/LatestPermissionsTemp1')]","[concat(variables('workspaceId'), '/datasets/LatestPermissions1')]","[concat(variables('workspaceId'), '/datasets/DeletedPermissionsSink1')]"]},{"name":"[concat(parameters('workspaceName'), '/LatestSPOGroupsTemp1')]","type":"Microsoft.Synapse/workspaces/datasets","apiVersion":"2019-06-01-preview","properties":{"linkedServiceName":{"referenceName":"[parameters('AzureDataLakeStorage')]","type":"LinkedServiceReference"},"parameters":{"StorageContainerName":{"type":"string"}},"annotations":[],"type":"Json","typeProperties":{"location":{"type":"AzureBlobFSLocation","folderPath":{"value":"@concat('temp/spogroups')","type":"Expression"},"fileSystem":{"value":"@dataset().StorageContainerName","type":"Expression"}}},"schema":{"type":"object","properties":{"ptenant":{"type":"string"},"SiteId":{"type":"string"},"GroupId":{"type":"integer"},"Operation":{"type":"string"},"SnapshotDate":{"type":"string"}}}},"dependsOn":[]},{"name":"[concat(parameters('workspaceName'), '/LatestSPOGroups1')]","type":"Microsoft.Synapse/workspaces/datasets","apiVersion":"2019-06-01-preview","properties":{"linkedServiceName":{"referenceName":"[parameters('AzureDataLakeStorage')]","type":"LinkedServiceReference"},"parameters":{"StorageContainerName":{"type":"string"}},"annotations":[],"type":"Json","typeProperties":{"location":{"type":"AzureBlobFSLocation","folderPath":{"value":"@concat('latest/spogroups')","type":"Expression"},"fileSystem":{"value":"@dataset().StorageContainerName","type":"Expression"}}},"schema":{"type":"object","properties":{"ptenant":{"type":"string"},"SiteId":{"type":"string"},"GroupId":{"type":"integer"},"Operation":{"type":"string"},"SnapshotDate":{"type":"string"}}}},"dependsOn":[]},{"name":"[concat(parameters('workspaceName'), '/MergeSPOGroups')]","type":"Microsoft.Synapse/workspaces/dataflows","apiVersion":"2019-06-01-preview","properties":{"type":"MappingDataFlow","typeProperties":{"sources":[{"dataset":{"referenceName":"IncomingSPOGroups1","type":"DatasetReference"},"name":"IncomingSPOGroups"},{"dataset":{"referenceName":"LatestSPOGroupsTemp1","type":"DatasetReference"},"name":"LatestSPOGroupsTemp","description":"Import data from LatestSPOGroupsTemp"}],"sinks":[{"dataset":{"referenceName":"LatestSPOGroups1","type":"DatasetReference"},"name":"FullSPOGroups"},{"dataset":{"referenceName":"DeletedSPOGroupsSink1","type":"DatasetReference"},"name":"DeletedSitesSink"},{"dataset":{"referenceName":"LatestSPOGroups1","type":"DatasetReference"},"name":"AppendToDelta"}],"transformations":[{"name":"GetSPOGroupsNotInDelta","description":"Data in latest that is not being updated"},{"name":"SplitoutDeletes"}],"scriptLines":["source(output(","          ptenant as string,","          SiteId as string,","          GroupId as integer,","          Operation as string,","          SnapshotDate as string","     ),","     allowSchemaDrift: true,","     validateSchema: false,","     ignoreNoFilesFound: false,","     documentForm: 'documentPerLine') ~> IncomingSPOGroups","source(output(","          ptenant as string,","          SiteId as string,","          GroupId as integer,","          Operation as string,","          SnapshotDate as string","     ),","     allowSchemaDrift: true,","     validateSchema: false,","     ignoreNoFilesFound: false,","     documentForm: 'documentPerLine') ~> LatestSPOGroupsTemp","LatestSPOGroupsTemp, IncomingSPOGroups exists(LatestSPOGroupsTemp@SiteId == IncomingSPOGroups@SiteId","     && LatestSPOGroupsTemp@GroupId == IncomingSPOGroups@GroupId,","     negate:true,","     broadcast: 'auto')~> GetSPOGroupsNotInDelta","IncomingSPOGroups split(notEquals(Operation, \"Deleted\"),","     disjoint: false) ~> SplitoutDeletes@(AllExceptDeletes, Deletes)","SplitoutDeletes@AllExceptDeletes sink(allowSchemaDrift: true,","     validateSchema: false,","     input(","          ptenant as string,","          SiteId as string,","          GroupId as integer,","          Operation as string,","          SnapshotDate as string","     ),","     umask: 0022,","     preCommands: [],","     postCommands: ['rm  /latest/spogroups/_SUCCESS'],","     skipDuplicateMapInputs: true,","     skipDuplicateMapOutputs: true) ~> FullSPOGroups","SplitoutDeletes@Deletes sink(allowSchemaDrift: true,","     validateSchema: false,","     umask: 0022,","     preCommands: [],","     postCommands: ['rm  /deleted/spogroups/_SUCCESS'],","     skipDuplicateMapInputs: true,","     skipDuplicateMapOutputs: true) ~> DeletedSitesSink","GetSPOGroupsNotInDelta sink(allowSchemaDrift: true,","     validateSchema: false,","     input(","          ptenant as string,","          SiteId as string,","          GroupId as integer,","          Operation as string,","          SnapshotDate as string","     ),","     umask: 0022,","     preCommands: [],","     postCommands: ['rm  /latest/spogroups/_SUCCESS'],","     skipDuplicateMapInputs: true,","     skipDuplicateMapOutputs: true) ~> AppendToDelta"]}},"dependsOn":["[concat(variables('workspaceId'), '/datasets/IncomingSPOGroups1')]","[concat(variables('workspaceId'), '/datasets/LatestSPOGroupsTemp1')]","[concat(variables('workspaceId'), '/datasets/LatestSPOGroups1')]","[concat(variables('workspaceId'), '/datasets/DeletedSPOGroupsSink1')]"]},{"name":"[concat(parameters('workspaceName'), '/Sites_Storage_Target1')]","type":"Microsoft.Synapse/workspaces/datasets","apiVersion":"2019-06-01-preview","properties":{"linkedServiceName":{"referenceName":"[parameters('AzureDataLakeStorage')]","type":"LinkedServiceReference"},"parameters":{"StartTime":{"type":"string"},"EndTime":{"type":"string"},"StorageContainerName":{"type":"string"},"RunId":{"type":"string"}},"annotations":[],"type":"Binary","typeProperties":{"location":{"type":"AzureBlobFSLocation","folderPath":{"value":"@concat('raw/sites/',formatDateTime(dataset().EndTime, 'yyyy'),'/', formatDateTime(dataset().EndTime, 'MM'),'/',formatDateTime(dataset().EndTime, 'dd'),'/',dataset().RunId)","type":"Expression"},"fileSystem":{"value":"@dataset().StorageContainerName","type":"Expression"}}}},"dependsOn":[]},{"name":"[concat(parameters('workspaceName'), '/LatestSitesBinary1')]","type":"Microsoft.Synapse/workspaces/datasets","apiVersion":"2019-06-01-preview","properties":{"linkedServiceName":{"referenceName":"[parameters('AzureDataLakeStorage')]","type":"LinkedServiceReference"},"parameters":{"StorageContainerName":{"type":"string"}},"annotations":[],"type":"Binary","typeProperties":{"location":{"type":"AzureBlobFSLocation","folderPath":"latest/sites","fileSystem":{"value":"@dataset().StorageContainerName","type":"Expression"}}}},"dependsOn":[]},{"name":"[concat(parameters('workspaceName'), '/Permissions_Taget1')]","type":"Microsoft.Synapse/workspaces/datasets","apiVersion":"2019-06-01-preview","properties":{"linkedServiceName":{"referenceName":"[parameters('AzureDataLakeStorage')]","type":"LinkedServiceReference"},"parameters":{"EndTime":{"type":"string"},"StorageContainerName":{"type":"string"},"RunId":{"type":"string"}},"annotations":[],"type":"Binary","typeProperties":{"location":{"type":"AzureBlobFSLocation","folderPath":{"value":"@concat('raw/permissions/',formatDateTime(dataset().EndTime, 'yyyy'),'/', formatDateTime(dataset().EndTime, 'MM'),'/',formatDateTime(dataset().EndTime, 'dd'),'/',dataset().RunId)","type":"Expression"},"fileSystem":{"value":"@dataset().StorageContainerName","type":"Expression"}}}},"dependsOn":[]},{"name":"[concat(parameters('workspaceName'), '/LatestPermissionsBinary1')]","type":"Microsoft.Synapse/workspaces/datasets","apiVersion":"2019-06-01-preview","properties":{"linkedServiceName":{"referenceName":"[parameters('AzureDataLakeStorage')]","type":"LinkedServiceReference"},"parameters":{"StorageContainerName":{"type":"string"}},"annotations":[],"type":"Binary","typeProperties":{"location":{"type":"AzureBlobFSLocation","folderPath":"latest/permissions","fileSystem":{"value":"@dataset().StorageContainerName","type":"Expression"}}}},"dependsOn":[]},{"name":"[concat(parameters('workspaceName'), '/SPOGroups_Target1')]","type":"Microsoft.Synapse/workspaces/datasets","apiVersion":"2019-06-01-preview","properties":{"linkedServiceName":{"referenceName":"[parameters('AzureDataLakeStorage')]","type":"LinkedServiceReference"},"parameters":{"EndTime":{"type":"string"},"RunId":{"type":"string"},"StorageContainerName":{"type":"string"}},"annotations":[],"type":"Binary","typeProperties":{"location":{"type":"AzureBlobFSLocation","folderPath":{"value":"@concat('raw/spogroups/',formatDateTime(dataset().EndTime, 'yyyy'),'/', formatDateTime(dataset().EndTime, 'MM'),'/',formatDateTime(dataset().EndTime, 'dd'),'/',dataset().RunId)","type":"Expression"},"fileSystem":{"value":"@dataset().StorageContainerName","type":"Expression"}}}},"dependsOn":[]},{"name":"[concat(parameters('workspaceName'), '/LatestSPOGroupsBinary1')]","type":"Microsoft.Synapse/workspaces/datasets","apiVersion":"2019-06-01-preview","properties":{"linkedServiceName":{"referenceName":"[parameters('AzureDataLakeStorage')]","type":"LinkedServiceReference"},"parameters":{"StorageContainerName":{"type":"string"}},"annotations":[],"type":"Binary","typeProperties":{"location":{"type":"AzureBlobFSLocation","folderPath":{"value":"@concat('latest/spogroups')","type":"Expression"},"fileSystem":{"value":"@dataset().StorageContainerName","type":"Expression"}}}},"dependsOn":[]},{"name":"[concat(parameters('workspaceName'), '/IncomingSites1')]","type":"Microsoft.Synapse/workspaces/datasets","apiVersion":"2019-06-01-preview","properties":{"linkedServiceName":{"referenceName":"[parameters('AzureDataLakeStorage')]","type":"LinkedServiceReference"},"parameters":{"EndTime":{"type":"string"},"StorageContainerName":{"type":"string"},"RunId":{"type":"string"}},"annotations":[],"type":"Json","typeProperties":{"location":{"type":"AzureBlobFSLocation","folderPath":{"value":"@concat('raw/sites/',formatDateTime(dataset().EndTime, 'yyyy'),'/', formatDateTime(dataset().EndTime, 'MM'),'/',formatDateTime(dataset().EndTime, 'dd'),'/',dataset().RunId)","type":"Expression"},"fileSystem":{"value":"@dataset().StorageContainerName","type":"Expression"}}},"schema":{"type":"object","properties":{"ptenant":{"type":"string"},"Id":{"type":"string"},"Operation":{"type":"string"},"SnapshotDate":{"type":"string"}}}},"dependsOn":[]},{"name":"[concat(parameters('workspaceName'), '/DeletedSitesSink1')]","type":"Microsoft.Synapse/workspaces/datasets","apiVersion":"2019-06-01-preview","properties":{"linkedServiceName":{"referenceName":"[parameters('AzureDataLakeStorage')]","type":"LinkedServiceReference"},"parameters":{"StorageContainerName":{"type":"string"}},"annotations":[],"type":"Json","typeProperties":{"location":{"type":"AzureBlobFSLocation","folderPath":{"value":"@concat('deleted/sites')","type":"Expression"},"fileSystem":{"value":"@dataset().StorageContainerName","type":"Expression"}}},"schema":{}},"dependsOn":[]},{"name":"[concat(parameters('workspaceName'), '/IncomingPermissions1')]","type":"Microsoft.Synapse/workspaces/datasets","apiVersion":"2019-06-01-preview","properties":{"linkedServiceName":{"referenceName":"[parameters('AzureDataLakeStorage')]","type":"LinkedServiceReference"},"parameters":{"StorageContainerName":{"type":"string"},"RunId":{"type":"string"},"EndTime":{"type":"string"}},"annotations":[],"type":"Json","typeProperties":{"location":{"type":"AzureBlobFSLocation","folderPath":{"value":"@concat('raw/permissions/',formatDateTime(dataset().EndTime, 'yyyy'),'/', formatDateTime(dataset().EndTime, 'MM'),'/',formatDateTime(dataset().EndTime, 'dd'),'/',dataset().RunId)","type":"Expression"},"fileSystem":{"value":"@dataset().StorageContainerName","type":"Expression"}}},"schema":{"type":"object","properties":{"ptenant":{"type":"string"},"SiteId":{"type":"string"},"RoleDefinition":{"type":"string"},"LinkId":{"type":"string"},"ScopeId":{"type":"string"},"Operation":{"type":"string"},"SnapshotDate":{"type":"string"}}}},"dependsOn":[]},{"name":"[concat(parameters('workspaceName'), '/DeletedPermissionsSink1')]","type":"Microsoft.Synapse/workspaces/datasets","apiVersion":"2019-06-01-preview","properties":{"linkedServiceName":{"referenceName":"[parameters('AzureDataLakeStorage')]","type":"LinkedServiceReference"},"parameters":{"StorageContainerName":{"type":"string"}},"annotations":[],"type":"Json","typeProperties":{"location":{"type":"AzureBlobFSLocation","folderPath":{"value":"@concat('deleted/permissions')","type":"Expression"},"fileSystem":{"value":"@dataset().StorageContainerName","type":"Expression"}}},"schema":{}},"dependsOn":[]},{"name":"[concat(parameters('workspaceName'), '/IncomingSPOGroups1')]","type":"Microsoft.Synapse/workspaces/datasets","apiVersion":"2019-06-01-preview","properties":{"linkedServiceName":{"referenceName":"[parameters('AzureDataLakeStorage')]","type":"LinkedServiceReference"},"parameters":{"StorageContainerName":{"type":"string"},"RunId":{"type":"string"},"EndTime":{"type":"string"}},"annotations":[],"type":"Json","typeProperties":{"location":{"type":"AzureBlobFSLocation","folderPath":{"value":"@concat('raw/spogroups/',formatDateTime(dataset().EndTime, 'yyyy'),'/', formatDateTime(dataset().EndTime, 'MM'),'/',formatDateTime(dataset().EndTime, 'dd'),'/',dataset().RunId)","type":"Expression"},"fileSystem":{"value":"@dataset().StorageContainerName","type":"Expression"}}},"schema":{"type":"object","properties":{"ptenant":{"type":"string"},"SiteId":{"type":"string"},"GroupId":{"type":"integer"},"Operation":{"type":"string"},"SnapshotDate":{"type":"string"}}}},"dependsOn":[]},{"name":"[concat(parameters('workspaceName'), '/DeletedSPOGroupsSink1')]","type":"Microsoft.Synapse/workspaces/datasets","apiVersion":"2019-06-01-preview","properties":{"linkedServiceName":{"referenceName":"[parameters('AzureDataLakeStorage')]","type":"LinkedServiceReference"},"parameters":{"StorageContainerName":{"type":"string"}},"annotations":[],"type":"Json","typeProperties":{"location":{"type":"AzureBlobFSLocation","folderPath":{"value":"@concat('deleted/spogroups')","type":"Expression"},"fileSystem":{"value":"@dataset().StorageContainerName","type":"Expression"}}},"schema":{}},"dependsOn":[]}]}