{"$schema":"http://schema.management.azure.com/schemas/2015-01-01/deploymentTemplate.json#","contentVersion":"1.0.0.0","parameters":{"workspaceName":{"type":"string","metadata":"Workspace name","defaultValue":"synpase-mgdc-ag"},"Microsoft365":{"type":"string"},"AzureDataLakeStorage":{"type":"string"}},"variables":{"workspaceId":"[concat('Microsoft.Synapse/workspaces/', parameters('workspaceName'))]"},"resources":[{"name":"[concat(parameters('workspaceName'), '/StorageExploration_FilesandActions')]","type":"Microsoft.Synapse/workspaces/pipelines","apiVersion":"2019-06-01-preview","properties":{"activities":[{"name":"MGDCFiles","type":"Copy","dependsOn":[],"policy":{"timeout":"0.12:00:00","retry":0,"retryIntervalInSeconds":30,"secureOutput":false,"secureInput":false},"userProperties":[],"typeProperties":{"source":{"type":"Office365Source","dateFilterColumn":"SnapshotDate","startTime":{"value":"@pipeline().parameters.StartTime","type":"Expression"},"endTime":{"value":"@pipeline().parameters.EndTime","type":"Expression"},"outputColumns":[{"name":"ptenant"},{"name":"SiteId"},{"name":"Author"},{"name":"DirName"},{"name":"Extension"},{"name":"FileName"},{"name":"IsLabelEncrypted"},{"name":"ItemId"},{"name":"ListId"},{"name":"ListServerTemplate"},{"name":"MajorVersion"},{"name":"MinorVersion"},{"name":"ModifiedBy"},{"name":"Operation"},{"name":"QuickXorHash"},{"name":"ScopeId"},{"name":"SensitivityLabelInfo"},{"name":"SiteUrl"},{"name":"SizeInBytes"},{"name":"SizeInBytesWithVersions"},{"name":"TimeCreated"},{"name":"TimeLastModified"},{"name":"WebId"},{"name":"WebTemplateId"},{"name":"SnapshotDate"}]},"sink":{"type":"BinarySink","storeSettings":{"type":"AzureBlobFSWriteSettings"}},"enableStaging":false},"inputs":[{"referenceName":"Microsoft365Table1","type":"DatasetReference","parameters":{}}],"outputs":[{"referenceName":"Storage_Files_Target1","type":"DatasetReference","parameters":{"EndTime":{"value":"@pipeline().parameters.EndTime","type":"Expression"},"RunId":{"value":"@pipeline().RunId","type":"Expression"},"StorageContainerName":{"value":"@pipeline().parameters.StorageContainerName","type":"Expression"}}}]},{"name":"IsFullPull","type":"IfCondition","dependsOn":[{"activity":"MGDCFiles","dependencyConditions":["Succeeded"]}],"userProperties":[],"typeProperties":{"expression":{"value":"@equals(pipeline().parameters.StartTime, pipeline().parameters.EndTime)","type":"Expression"},"ifFalseActivities":[{"name":"ClearTempFiles","type":"Delete","dependsOn":[],"policy":{"timeout":"0.12:00:00","retry":0,"retryIntervalInSeconds":30,"secureOutput":false,"secureInput":false},"userProperties":[],"typeProperties":{"dataset":{"referenceName":"LatestFilesTemp","type":"DatasetReference","parameters":{"StorageContainerName":{"value":"@pipeline().parameters.StorageContainerName","type":"Expression"}}},"enableLogging":false,"storeSettings":{"type":"AzureBlobFSReadSettings","recursive":false,"enablePartitionDiscovery":false}}},{"name":"CopyLatestFilesTemp","type":"Copy","dependsOn":[{"activity":"ClearTempFiles","dependencyConditions":["Succeeded"]}],"policy":{"timeout":"0.12:00:00","retry":0,"retryIntervalInSeconds":30,"secureOutput":false,"secureInput":false},"userProperties":[],"typeProperties":{"source":{"type":"JsonSource","storeSettings":{"type":"AzureBlobFSReadSettings","recursive":true,"wildcardFileName":"*.json","enablePartitionDiscovery":false},"formatSettings":{"type":"JsonReadSettings"}},"sink":{"type":"JsonSink","storeSettings":{"type":"AzureBlobFSWriteSettings"},"formatSettings":{"type":"JsonWriteSettings"}},"enableStaging":false},"inputs":[{"referenceName":"LatestFiles","type":"DatasetReference","parameters":{"StorageContainerName":{"value":"@pipeline().parameters.StorageContainerName","type":"Expression"}}}],"outputs":[{"referenceName":"LatestFilesTemp","type":"DatasetReference","parameters":{"StorageContainerName":{"value":"@pipeline().parameters.StorageContainerName","type":"Expression"}}}]},{"name":"MergeDeltasFiles_","type":"ExecuteDataFlow","dependsOn":[{"activity":"ClearLatestFiles","dependencyConditions":["Succeeded"]}],"policy":{"timeout":"0.12:00:00","retry":0,"retryIntervalInSeconds":30,"secureOutput":false,"secureInput":false},"userProperties":[],"typeProperties":{"dataflow":{"referenceName":"FileMergeDataFlow","type":"DataFlowReference","parameters":{},"datasetParameters":{"IncomingFiles":{"EndTime":{"value":"@pipeline().parameters.EndTime","type":"Expression"},"StorageContainerName":{"value":"@pipeline().parameters.StorageContainerName","type":"Expression"},"RunId":{"value":"@pipeline().RunId","type":"Expression"}},"LatestFilesTemp":{"StorageContainerName":{"value":"@pipeline().parameters.StorageContainerName","type":"Expression"}},"FullFiles":{"StorageContainerName":{"value":"@pipeline().parameters.StorageContainerName","type":"Expression"}},"DeletedFilesSink":{"StorageContainerName":{"value":"@pipeline().parameters.StorageContainerName","type":"Expression"}},"AppendWithDelta":{"StorageContainerName":{"value":"@pipeline().parameters.StorageContainerName","type":"Expression"}}},"linkedServiceParameters":{}},"staging":{},"compute":{"coreCount":32,"computeType":"MemoryOptimized"},"traceLevel":"Fine"}},{"name":"MGDCFileActions","type":"Copy","dependsOn":[],"policy":{"timeout":"0.12:00:00","retry":0,"retryIntervalInSeconds":30,"secureOutput":false,"secureInput":false},"userProperties":[],"typeProperties":{"source":{"type":"Office365Source","dateFilterColumn":"SnapshotDate","startTime":{"value":"@pipeline().parameters.StartTime","type":"Expression"},"endTime":{"value":"@pipeline().parameters.EndTime","type":"Expression"},"outputColumns":[{"name":"ptenant"},{"name":"ActionDate"},{"name":"ActionName"},{"name":"ActorDisplayName"},{"name":"ActorEmail"},{"name":"ActorIdType"},{"name":"ActorType"},{"name":"ClientIP"},{"name":"ItemExtension"},{"name":"ItemName"},{"name":"ItemURL"},{"name":"ListId"},{"name":"ListItemId"},{"name":"SiteId"},{"name":"SiteUrl"},{"name":"UserAgent"},{"name":"WebId"},{"name":"WebTemplateId"},{"name":"SnapshotDate"}]},"sink":{"type":"BinarySink","storeSettings":{"type":"AzureBlobFSWriteSettings"}},"enableStaging":false},"inputs":[{"referenceName":"FileActionsSource","type":"DatasetReference","parameters":{}}],"outputs":[{"referenceName":"FileActions_Target","type":"DatasetReference","parameters":{"RunId":{"value":"@pipeline().RunId","type":"Expression"},"EndTime":{"value":"@pipeline().parameters.EndTime","type":"Expression"},"StorageContainerName":{"value":"@pipeline().parameters.StorageContainerName","type":"Expression"}}}]},{"name":"MoveFileActionsToLatest","type":"Copy","dependsOn":[{"activity":"MGDCFileActions","dependencyConditions":["Succeeded"]}],"policy":{"timeout":"0.12:00:00","retry":0,"retryIntervalInSeconds":30,"secureOutput":false,"secureInput":false},"userProperties":[],"typeProperties":{"source":{"type":"BinarySource","storeSettings":{"type":"AzureBlobFSReadSettings","recursive":false,"deleteFilesAfterCompletion":false},"formatSettings":{"type":"BinaryReadSettings"}},"sink":{"type":"BinarySink","storeSettings":{"type":"AzureBlobFSWriteSettings"}},"enableStaging":false},"inputs":[{"referenceName":"FileActions_Target","type":"DatasetReference","parameters":{"RunId":{"value":"@pipeline().RunId","type":"Expression"},"EndTime":{"value":"@pipeline().parameters.EndTime","type":"Expression"},"StorageContainerName":{"value":"@pipeline().parameters.StorageContainerName","type":"Expression"}}}],"outputs":[{"referenceName":"AllFileActions","type":"DatasetReference","parameters":{"StorageContainerName":{"value":"@pipeline().parameters.StorageContainerName","type":"Expression"}}}]},{"name":"ClearLatestFiles","type":"Delete","dependsOn":[{"activity":"CopyLatestFilesTemp","dependencyConditions":["Succeeded"]}],"policy":{"timeout":"0.12:00:00","retry":0,"retryIntervalInSeconds":30,"secureOutput":false,"secureInput":false},"userProperties":[],"typeProperties":{"dataset":{"referenceName":"LatestFiles","type":"DatasetReference","parameters":{"StorageContainerName":{"value":"@pipeline().parameters.StorageContainerName","type":"Expression"}}},"enableLogging":false,"storeSettings":{"type":"AzureBlobFSReadSettings","recursive":false,"enablePartitionDiscovery":false}}}],"ifTrueActivities":[{"name":"MoveFilesToLatest","type":"Copy","dependsOn":[{"activity":"DeleteLatestFiles","dependencyConditions":["Succeeded"]}],"policy":{"timeout":"0.12:00:00","retry":0,"retryIntervalInSeconds":30,"secureOutput":false,"secureInput":false},"userProperties":[],"typeProperties":{"source":{"type":"BinarySource","storeSettings":{"type":"AzureBlobFSReadSettings","recursive":false,"deleteFilesAfterCompletion":false},"formatSettings":{"type":"BinaryReadSettings"}},"sink":{"type":"BinarySink","storeSettings":{"type":"AzureBlobFSWriteSettings"}},"enableStaging":false},"inputs":[{"referenceName":"Storage_Files_Target","type":"DatasetReference","parameters":{"EndTime":{"value":"@pipeline().parameters.EndTime","type":"Expression"},"RunId":{"value":"@pipeline().RunId","type":"Expression"},"StorageContainerName":{"value":"@pipeline().parameters.StorageContainerName","type":"Expression"}}}],"outputs":[{"referenceName":"LatestFilesBinary","type":"DatasetReference","parameters":{"StorageContainerName":{"value":"@pipeline().parameters.StorageContainerName","type":"Expression"}}}]},{"name":"CopyLatestFilesTempFull","type":"Copy","dependsOn":[{"activity":"MoveFilesToLatest","dependencyConditions":["Succeeded"]}],"policy":{"timeout":"0.12:00:00","retry":0,"retryIntervalInSeconds":30,"secureOutput":false,"secureInput":false},"userProperties":[],"typeProperties":{"source":{"type":"JsonSource","storeSettings":{"type":"AzureBlobFSReadSettings","recursive":true,"wildcardFileName":"*.json","enablePartitionDiscovery":false},"formatSettings":{"type":"JsonReadSettings"}},"sink":{"type":"JsonSink","storeSettings":{"type":"AzureBlobFSWriteSettings"},"formatSettings":{"type":"JsonWriteSettings"}},"enableStaging":false},"inputs":[{"referenceName":"LatestFiles","type":"DatasetReference","parameters":{"StorageContainerName":{"value":"@pipeline().parameters.StorageContainerName","type":"Expression"}}}],"outputs":[{"referenceName":"LatestFilesTemp","type":"DatasetReference","parameters":{"StorageContainerName":{"value":"@pipeline().parameters.StorageContainerName","type":"Expression"}}}]},{"name":"DeleteLatestFiles","type":"Delete","dependsOn":[],"policy":{"timeout":"0.12:00:00","retry":0,"retryIntervalInSeconds":30,"secureOutput":false,"secureInput":false},"userProperties":[],"typeProperties":{"dataset":{"referenceName":"LatestFilesBinary","type":"DatasetReference","parameters":{"StorageContainerName":{"value":"@pipeline().parameters.StorageContainerName","type":"Expression"}}},"enableLogging":false,"storeSettings":{"type":"AzureBlobFSReadSettings","recursive":true,"enablePartitionDiscovery":false}}}]}}],"policy":{"elapsedTimeMetric":{}},"parameters":{"StartTime":{"type":"string","defaultValue":"2025-01-20T00:00:00Z"},"EndTime":{"type":"string","defaultValue":"2025-01-26T00:00:00Z"},"StorageAccountName":{"type":"string","defaultValue":"mgdcag4"},"StorageContainerName":{"type":"string","defaultValue":"spodata"}},"annotations":[],"lastPublishTime":"2025-01-23T15:34:51Z"},"dependsOn":["[concat(variables('workspaceId'), '/datasets/Microsoft365Table1')]","[concat(variables('workspaceId'), '/datasets/Storage_Files_Target1')]","[concat(variables('workspaceId'), '/datasets/LatestFilesTemp')]","[concat(variables('workspaceId'), '/datasets/LatestFiles')]","[concat(variables('workspaceId'), '/dataflows/FileMergeDataFlow')]","[concat(variables('workspaceId'), '/datasets/FileActionsSource')]","[concat(variables('workspaceId'), '/datasets/FileActions_Target')]","[concat(variables('workspaceId'), '/datasets/AllFileActions')]","[concat(variables('workspaceId'), '/datasets/Storage_Files_Target')]","[concat(variables('workspaceId'), '/datasets/LatestFilesBinary')]"]},{"name":"[concat(parameters('workspaceName'), '/Microsoft365Table1')]","type":"Microsoft.Synapse/workspaces/datasets","apiVersion":"2019-06-01-preview","properties":{"linkedServiceName":{"referenceName":"[parameters('Microsoft365')]","type":"LinkedServiceReference"},"annotations":[],"type":"Office365Table","schema":[],"typeProperties":{"tableName":"BasicDataSet_v0.SharePointFiles_v1"}},"dependsOn":[]},{"name":"[concat(parameters('workspaceName'), '/Storage_Files_Target1')]","type":"Microsoft.Synapse/workspaces/datasets","apiVersion":"2019-06-01-preview","properties":{"linkedServiceName":{"referenceName":"[parameters('AzureDataLakeStorage')]","type":"LinkedServiceReference"},"parameters":{"EndTime":{"type":"string"},"RunId":{"type":"string"},"StorageContainerName":{"type":"string"}},"annotations":[],"type":"Binary","typeProperties":{"location":{"type":"AzureBlobFSLocation","folderPath":{"value":"@concat('raw/files/',formatDateTime(dataset().EndTime, 'yyyy'),'/', formatDateTime(dataset().EndTime, 'MM'),'/',formatDateTime(dataset().EndTime, 'dd'),'/',dataset().RunId)","type":"Expression"},"fileSystem":{"value":"@dataset().StorageContainerName","type":"Expression"}}}},"dependsOn":[]},{"name":"[concat(parameters('workspaceName'), '/LatestFilesTemp')]","type":"Microsoft.Synapse/workspaces/datasets","apiVersion":"2019-06-01-preview","properties":{"linkedServiceName":{"referenceName":"[parameters('AzureDataLakeStorage')]","type":"LinkedServiceReference"},"parameters":{"StorageContainerName":{"type":"string"}},"annotations":[],"type":"Json","typeProperties":{"location":{"type":"AzureBlobFSLocation","folderPath":"temp/files","fileSystem":{"value":"@dataset().StorageContainerName","type":"Expression"}}},"schema":{"type":"object","properties":{"ptenant":{"type":"string"},"SiteId":{"type":"string"},"ItemId":{"type":"string"},"SnapshotDate":{"type":"string"},"Operation":{"type":"string"}}}},"dependsOn":[]},{"name":"[concat(parameters('workspaceName'), '/LatestFiles')]","type":"Microsoft.Synapse/workspaces/datasets","apiVersion":"2019-06-01-preview","properties":{"linkedServiceName":{"referenceName":"[parameters('AzureDataLakeStorage')]","type":"LinkedServiceReference"},"parameters":{"StorageContainerName":{"type":"string"}},"annotations":[],"type":"Json","typeProperties":{"location":{"type":"AzureBlobFSLocation","folderPath":"latest/files","fileSystem":{"value":"@dataset().StorageContainerName","type":"Expression"}}},"schema":{"type":"object","properties":{"ptenant":{"type":"string"},"SiteId":{"type":"string"},"ItemId":{"type":"string"},"SnapshotDate":{"type":"string"},"Operation":{"type":"string"}}}},"dependsOn":[]},{"name":"[concat(parameters('workspaceName'), '/FileMergeDataFlow')]","type":"Microsoft.Synapse/workspaces/dataflows","apiVersion":"2019-06-01-preview","properties":{"type":"MappingDataFlow","typeProperties":{"sources":[{"dataset":{"referenceName":"IncomingFiles","type":"DatasetReference"},"name":"IncomingFiles"},{"dataset":{"referenceName":"LatestFilesTemp","type":"DatasetReference"},"name":"LatestFilesTemp"}],"sinks":[{"dataset":{"referenceName":"LatestFiles","type":"DatasetReference"},"name":"FullFiles","description":"Export data to LatestFiles"},{"dataset":{"referenceName":"DeletedFilesSink","type":"DatasetReference"},"name":"DeletedFilesSink"},{"dataset":{"referenceName":"LatestFiles","type":"DatasetReference"},"name":"AppendWithDelta","description":"Add the unchanged to the new"}],"transformations":[{"name":"GetFilesNotInDelta","description":"Data in latest that is not being updated"},{"name":"Splitoutdeletes","description":"Split deletes out"}],"scriptLines":["source(output(","          ptenant as string,","          SiteId as string,","          ItemId as string,","          SnapshotDate as string,","          Operation as string","     ),","     allowSchemaDrift: true,","     validateSchema: false,","     ignoreNoFilesFound: false,","     documentForm: 'documentPerLine') ~> IncomingFiles","source(output(","          ptenant as string,","          SiteId as string,","          ItemId as string,","          SnapshotDate as string,","          Operation as string","     ),","     allowSchemaDrift: true,","     validateSchema: false,","     ignoreNoFilesFound: false,","     documentForm: 'documentPerLine') ~> LatestFilesTemp","LatestFilesTemp, IncomingFiles exists(LatestFilesTemp@SiteId == IncomingFiles@SiteId","     && LatestFilesTemp@ItemId == IncomingFiles@ItemId,","     negate:true,","     broadcast: 'auto')~> GetFilesNotInDelta","IncomingFiles split(notEquals(Operation, \"Deleted\"),","     disjoint: false) ~> Splitoutdeletes@(AllExceptDeletes, DeletedFiles)","Splitoutdeletes@AllExceptDeletes sink(allowSchemaDrift: true,","     validateSchema: false,","     input(","          ptenant as string,","          SiteId as string,","          ItemId as string,","          SnapshotDate as string,","          Operation as string","     ),","     umask: 0022,","     preCommands: [],","     postCommands: ['rm  /latest/files/_SUCCESS'],","     skipDuplicateMapInputs: true,","     skipDuplicateMapOutputs: true) ~> FullFiles","Splitoutdeletes@DeletedFiles sink(allowSchemaDrift: true,","     validateSchema: false,","     input(","          ptenant as string,","          SiteId as string,","          ItemId as string,","          SnapshotDate as string,","          Operation as string","     ),","     umask: 0022,","     preCommands: [],","     postCommands: ['rm  /deleted/files/_SUCCESS'],","     skipDuplicateMapInputs: true,","     skipDuplicateMapOutputs: true) ~> DeletedFilesSink","GetFilesNotInDelta sink(allowSchemaDrift: true,","     validateSchema: false,","     input(","          ptenant as string,","          SiteId as string,","          ItemId as string,","          SnapshotDate as string,","          Operation as string","     ),","     umask: 0022,","     preCommands: [],","     postCommands: ['rm  /latest/files/_SUCCESS'],","     skipDuplicateMapInputs: true,","     skipDuplicateMapOutputs: true) ~> AppendWithDelta"]}},"dependsOn":["[concat(variables('workspaceId'), '/datasets/IncomingFiles')]","[concat(variables('workspaceId'), '/datasets/LatestFilesTemp')]","[concat(variables('workspaceId'), '/datasets/LatestFiles')]","[concat(variables('workspaceId'), '/datasets/DeletedFilesSink')]"]},{"name":"[concat(parameters('workspaceName'), '/FileActionsSource')]","type":"Microsoft.Synapse/workspaces/datasets","apiVersion":"2019-06-01-preview","properties":{"linkedServiceName":{"referenceName":"[parameters('Microsoft365')]","type":"LinkedServiceReference"},"annotations":[],"type":"Office365Table","schema":[],"typeProperties":{"tableName":"BasicDataSet_v0.SharePointFileActions_v1"}},"dependsOn":[]},{"name":"[concat(parameters('workspaceName'), '/FileActions_Target')]","type":"Microsoft.Synapse/workspaces/datasets","apiVersion":"2019-06-01-preview","properties":{"linkedServiceName":{"referenceName":"[parameters('AzureDataLakeStorage')]","type":"LinkedServiceReference"},"parameters":{"RunId":{"type":"string"},"EndTime":{"type":"string"},"StorageContainerName":{"type":"string"}},"annotations":[],"type":"Binary","typeProperties":{"location":{"type":"AzureBlobFSLocation","folderPath":{"value":"@concat('raw/fileactions/',formatDateTime(dataset().EndTime, 'yyyy'),'/', formatDateTime(dataset().EndTime, 'MM'),'/',formatDateTime(dataset().EndTime, 'dd'),'/',dataset().RunId)","type":"Expression"},"fileSystem":{"value":"@dataset().StorageContainerName","type":"Expression"}}}},"dependsOn":[]},{"name":"[concat(parameters('workspaceName'), '/AllFileActions')]","type":"Microsoft.Synapse/workspaces/datasets","apiVersion":"2019-06-01-preview","properties":{"linkedServiceName":{"referenceName":"[parameters('AzureDataLakeStorage')]","type":"LinkedServiceReference"},"parameters":{"StorageContainerName":{"type":"string"}},"annotations":[],"type":"Binary","typeProperties":{"location":{"type":"AzureBlobFSLocation","folderPath":"latest/fileactions","fileSystem":{"value":"@dataset().StorageContainerName","type":"Expression"}}}},"dependsOn":[]},{"name":"[concat(parameters('workspaceName'), '/Storage_Files_Target')]","type":"Microsoft.Synapse/workspaces/datasets","apiVersion":"2019-06-01-preview","properties":{"linkedServiceName":{"referenceName":"[parameters('AzureDataLakeStorage')]","type":"LinkedServiceReference"},"parameters":{"EndTime":{"type":"string"},"RunId":{"type":"string"},"StorageContainerName":{"type":"string"}},"annotations":[],"type":"Binary","typeProperties":{"location":{"type":"AzureBlobFSLocation","folderPath":{"value":"@concat('raw/files/',formatDateTime(dataset().EndTime, 'yyyy'),'/', formatDateTime(dataset().EndTime, 'MM'),'/',formatDateTime(dataset().EndTime, 'dd'),'/',dataset().RunId)","type":"Expression"},"fileSystem":{"value":"@dataset().StorageContainerName","type":"Expression"}}}},"dependsOn":[]},{"name":"[concat(parameters('workspaceName'), '/LatestFilesBinary')]","type":"Microsoft.Synapse/workspaces/datasets","apiVersion":"2019-06-01-preview","properties":{"linkedServiceName":{"referenceName":"[parameters('AzureDataLakeStorage')]","type":"LinkedServiceReference"},"parameters":{"StorageContainerName":{"type":"string"}},"annotations":[],"type":"Binary","typeProperties":{"location":{"type":"AzureBlobFSLocation","folderPath":"latest/files","fileSystem":{"value":"@dataset().StorageContainerName","type":"Expression"}}}},"dependsOn":[]},{"name":"[concat(parameters('workspaceName'), '/IncomingFiles')]","type":"Microsoft.Synapse/workspaces/datasets","apiVersion":"2019-06-01-preview","properties":{"linkedServiceName":{"referenceName":"[parameters('AzureDataLakeStorage')]","type":"LinkedServiceReference"},"parameters":{"EndTime":{"type":"string"},"StorageContainerName":{"type":"string"},"RunId":{"type":"string"}},"annotations":[],"type":"Json","typeProperties":{"location":{"type":"AzureBlobFSLocation","folderPath":{"value":"@concat('raw/files/',formatDateTime(dataset().EndTime, 'yyyy'),'/', formatDateTime(dataset().EndTime, 'MM'),'/',formatDateTime(dataset().EndTime, 'dd'),'/',dataset().RunId)","type":"Expression"},"fileSystem":{"value":"@dataset().StorageContainerName","type":"Expression"}}},"schema":{"type":"object","properties":{"ptenant":{"type":"string"},"SiteId":{"type":"string"},"ItemId":{"type":"string"},"SnapshotDate":{"type":"string"},"Operation":{"type":"string"}}}},"dependsOn":[]},{"name":"[concat(parameters('workspaceName'), '/DeletedFilesSink')]","type":"Microsoft.Synapse/workspaces/datasets","apiVersion":"2019-06-01-preview","properties":{"linkedServiceName":{"referenceName":"[parameters('AzureDataLakeStorage')]","type":"LinkedServiceReference"},"parameters":{"StorageContainerName":{"type":"string"}},"annotations":[],"type":"Json","typeProperties":{"location":{"type":"AzureBlobFSLocation","folderPath":{"value":"@concat('deleted/files')","type":"Expression"},"fileSystem":{"value":"@dataset().StorageContainerName","type":"Expression"}}},"schema":{"type":"object","properties":{"ptenant":{"type":"string"},"SiteId":{"type":"string"},"ItemId":{"type":"string"},"SnapshotDate":{"type":"string"},"Operation":{"type":"string"}}}},"dependsOn":[]}]}