{"$schema":"http://schema.management.azure.com/schemas/2015-01-01/deploymentTemplate.json#","contentVersion":"1.0.0.0","parameters":{"workspaceName":{"type":"string","metadata":"Workspace name","defaultValue":"grover-mgdc"},"Microsoft365First":{"type":"string"},"ServicePrincipalCon":{"type":"string"}},"variables":{"workspaceId":"[concat('Microsoft.Synapse/workspaces/', parameters('workspaceName'))]"},"resources":[{"name":"[concat(parameters('workspaceName'), '/Sites_Permissions_SPGroups_Top1')]","type":"Microsoft.Synapse/workspaces/pipelines","apiVersion":"2019-06-01-preview","properties":{"activities":[{"name":"GetSites","type":"Copy","dependsOn":[],"policy":{"timeout":"0.12:00:00","retry":0,"retryIntervalInSeconds":30,"secureOutput":false,"secureInput":false},"userProperties":[],"typeProperties":{"source":{"type":"Office365Source","dateFilterColumn":"SnapshotDate","startTime":{"value":"@pipeline().parameters.StartTime","type":"Expression"},"endTime":{"value":"@pipeline().parameters.EndTime","type":"Expression"},"outputColumns":[{"name":"ptenant"},{"name":"Id"},{"name":"Url"},{"name":"ArchiveState"},{"name":"RootWeb"},{"name":"WebCount"},{"name":"StorageQuota"},{"name":"StorageUsed"},{"name":"StorageMetrics"},{"name":"GroupId"},{"name":"GeoLocation"},{"name":"IsInRecycleBin"},{"name":"RecycleBinItemCount"},{"name":"RecycleBinItemSize"},{"name":"SecondStageRecycleBinStorageUsage"},{"name":"IsTeamsConnectedSite"},{"name":"IsTeamsChannelSite"},{"name":"TeamsChannelType"},{"name":"IsCommunicationSite"},{"name":"IsHubSite"},{"name":"HubSiteId"},{"name":"IsOneDrive"},{"name":"BlockAccessFromUnmanagedDevices"},{"name":"BlockDownloadOfAllFilesOnUnmanagedDevices"},{"name":"BlockDownloadOfViewableFilesOnUnmanagedDevices"},{"name":"IsExternalSharingEnabled"},{"name":"ShareByEmailEnabled"},{"name":"ShareByLinkEnabled"},{"name":"SiteConnectedToPrivateGroup"},{"name":"SensitivityLabelInfo"},{"name":"Classification"},{"name":"IBMode"},{"name":"IBSegments"},{"name":"RelatedGroupId"},{"name":"Owner"},{"name":"SecondaryContact"},{"name":"ReadLocked"},{"name":"ReadOnly"},{"name":"CreatedTime"},{"name":"Operation"},{"name":"LastUserAccessDate"},{"name":"SnapshotDate"}],"AdditionalDataSetProperties":{"top":1}},"sink":{"type":"BinarySink","storeSettings":{"type":"AzureBlobFSWriteSettings"}},"enableStaging":false},"inputs":[{"referenceName":"Site_Perms_Sites_Source","type":"DatasetReference","parameters":{}}],"outputs":[{"referenceName":"Site_Perms_Sites_Target","type":"DatasetReference","parameters":{"StartTime":{"value":"@pipeline().parameters.StartTime","type":"Expression"},"EndTime":{"value":"@pipeline().parameters.EndTime","type":"Expression"},"RunId":{"value":"@pipeline().RunId","type":"Expression"},"StorageContainerName":{"value":"@pipeline().parameters.StorageContainerName","type":"Expression"}}}]},{"name":"GetPermissions","type":"Copy","dependsOn":[],"policy":{"timeout":"0.12:00:00","retry":0,"retryIntervalInSeconds":30,"secureOutput":false,"secureInput":false},"userProperties":[],"typeProperties":{"source":{"type":"Office365Source","dateFilterColumn":"SnapshotDate","startTime":{"value":"@pipeline().parameters.StartTime","type":"Expression"},"endTime":{"value":"@pipeline().parameters.EndTime","type":"Expression"},"outputColumns":[{"name":"ptenant"},{"name":"SiteId"},{"name":"WebId"},{"name":"ListId"},{"name":"ItemType"},{"name":"ItemURL"},{"name":"FileExtension"},{"name":"RoleDefinition"},{"name":"LinkId"},{"name":"ScopeId"},{"name":"LinkScope"},{"name":"SharedWithCount"},{"name":"SharedWith"},{"name":"Operation"},{"name":"SnapshotDate"},{"name":"ShareCreatedBy"},{"name":"ShareCreatedTime"},{"name":"ShareLastModifiedBy"},{"name":"ShareLastModifiedTime"},{"name":"ShareExpirationTime"}],"AdditionalDataSetProperties":{"top":1}},"sink":{"type":"BinarySink","storeSettings":{"type":"AzureBlobFSWriteSettings"}},"enableStaging":false},"inputs":[{"referenceName":"Site_Perms_Perms_Source","type":"DatasetReference","parameters":{}}],"outputs":[{"referenceName":"Site_Perms_Perms_Target","type":"DatasetReference","parameters":{"StartTime":{"value":"@pipeline().parameters.StartTime","type":"Expression"},"EndTime":{"value":"@pipeline().parameters.EndTime","type":"Expression"},"RunId":{"value":"@pipeline().RunId","type":"Expression"},"StorageContainerName":{"value":"@pipeline().parameters.StorageContainerName","type":"Expression"}}}]},{"name":"GetSPOGroups","type":"Copy","dependsOn":[],"policy":{"timeout":"0.12:00:00","retry":0,"retryIntervalInSeconds":30,"secureOutput":false,"secureInput":false},"userProperties":[],"typeProperties":{"source":{"type":"Office365Source","dateFilterColumn":"SnapshotDate","startTime":{"value":"@pipeline().parameters.StartTime","type":"Expression"},"endTime":{"value":"@pipeline().parameters.EndTime","type":"Expression"},"outputColumns":[{"name":"ptenant"},{"name":"SiteId"},{"name":"GroupId"},{"name":"GroupLinkId"},{"name":"GroupType"},{"name":"DisplayName"},{"name":"Description"},{"name":"Owner"},{"name":"Members"},{"name":"Operation"},{"name":"SnapshotDate"}],"AdditionalDataSetProperties":{"top":1}},"sink":{"type":"BinarySink","storeSettings":{"type":"AzureBlobFSWriteSettings"}},"enableStaging":false},"inputs":[{"referenceName":"Sites_Perms_Groups_SPOGroups","type":"DatasetReference","parameters":{}}],"outputs":[{"referenceName":"Site_Perms_Groups_GroupsTarget","type":"DatasetReference","parameters":{"StartTime":{"value":"@pipeline().parameters.StartTime","type":"Expression"},"EndTime":{"value":"@pipeline().parameters.EndTime","type":"Expression"},"RunId":{"value":"@pipeline().RunId","type":"Expression"},"StorageContainerName":{"value":"@pipeline().parameters.StorageContainerName","type":"Expression"}}}]},{"name":"ForecastNotebook","type":"SynapseNotebook","dependsOn":[{"activity":"GetSites","dependencyConditions":["Succeeded"]},{"activity":"GetPermissions","dependencyConditions":["Succeeded"]},{"activity":"GetSPOGroups","dependencyConditions":["Succeeded"]}],"policy":{"timeout":"0.12:00:00","retry":0,"retryIntervalInSeconds":30,"secureOutput":false,"secureInput":false},"userProperties":[],"typeProperties":{"notebook":{"referenceName":"Forecast","type":"NotebookReference"},"parameters":{"windowStartTime":{"value":{"value":"@pipeline().parameters.StartTime","type":"Expression"},"type":"string"},"windowEndTime":{"value":{"value":"@pipeline().parameters.EndTime","type":"Expression"},"type":"string"},"runId":{"value":{"value":"@pipeline().RunId","type":"Expression"},"type":"string"},"storageAccountName":{"value":{"value":"@pipeline().parameters.StorageAccountName","type":"Expression"},"type":"string"},"storageContainerName":{"value":{"value":"@pipeline().parameters.StorageContainerName","type":"Expression"},"type":"string"},"groupCount":{"value":{"value":"@pipeline().parameters.GroupCount","type":"Expression"},"type":"int"}},"snapshot":true,"sparkPool":{"referenceName":{"value":"@pipeline().parameters.SparkPoolName","type":"Expression"},"type":"BigDataPoolReference"},"conf":{}}}],"policy":{"elapsedTimeMetric":{}},"parameters":{"StartTime":{"type":"string","defaultValue":"2024-02-05T00:00:00Z"},"EndTime":{"type":"string","defaultValue":"2024-02-05T00:00:00Z"},"StorageAccountName":{"type":"string","defaultValue":"mgdcag"},"StorageContainerName":{"type":"string","defaultValue":"top1-forecast"},"SparkPoolName":{"type":"string","defaultValue":"sparkpoolag"},"GroupCount":{"type":"int","defaultValue":0}},"variables":{"IsSuccess":{"type":"Boolean"},"StartDate":{"type":"String"},"DeltaDays":{"type":"Integer"}},"annotations":[],"lastPublishTime":"2024-02-21T16:06:54Z"},"dependsOn":["[concat(variables('workspaceId'), '/datasets/Site_Perms_Sites_Source')]","[concat(variables('workspaceId'), '/datasets/Site_Perms_Sites_Target')]","[concat(variables('workspaceId'), '/datasets/Site_Perms_Perms_Source')]","[concat(variables('workspaceId'), '/datasets/Site_Perms_Perms_Target')]","[concat(variables('workspaceId'), '/datasets/Sites_Perms_Groups_SPOGroups')]","[concat(variables('workspaceId'), '/datasets/Site_Perms_Groups_GroupsTarget')]","[concat(variables('workspaceId'), '/notebooks/Forecast')]"]},{"name":"[concat(parameters('workspaceName'), '/Site_Perms_Sites_Source')]","type":"Microsoft.Synapse/workspaces/datasets","apiVersion":"2019-06-01-preview","properties":{"linkedServiceName":{"referenceName":"[parameters('Microsoft365First')]","type":"LinkedServiceReference"},"annotations":[],"type":"Office365Table","schema":[],"typeProperties":{"tableName":"BasicDataSet_v0.SharePointSites_v1"}},"dependsOn":[]},{"name":"[concat(parameters('workspaceName'), '/Site_Perms_Sites_Target')]","type":"Microsoft.Synapse/workspaces/datasets","apiVersion":"2019-06-01-preview","properties":{"linkedServiceName":{"referenceName":"[parameters('ServicePrincipalCon')]","type":"LinkedServiceReference"},"parameters":{"StartTime":{"type":"string"},"EndTime":{"type":"string"},"RunId":{"type":"string"},"StorageContainerName":{"type":"string"}},"annotations":[],"type":"Binary","typeProperties":{"location":{"type":"AzureBlobFSLocation","folderPath":{"value":"@concat('raw/sites/',formatDateTime(dataset().EndTime, 'yyyy'),'/', formatDateTime(dataset().EndTime, 'MM'),'/',formatDateTime(dataset().EndTime, 'dd'),'/',dataset().RunId)","type":"Expression"},"fileSystem":{"value":"@dataset().StorageContainerName","type":"Expression"}}}},"dependsOn":[]},{"name":"[concat(parameters('workspaceName'), '/Site_Perms_Perms_Source')]","type":"Microsoft.Synapse/workspaces/datasets","apiVersion":"2019-06-01-preview","properties":{"linkedServiceName":{"referenceName":"[parameters('Microsoft365First')]","type":"LinkedServiceReference"},"annotations":[],"type":"Office365Table","schema":[],"typeProperties":{"tableName":"BasicDataSet_v0.SharePointPermissions_v1"}},"dependsOn":[]},{"name":"[concat(parameters('workspaceName'), '/Site_Perms_Perms_Target')]","type":"Microsoft.Synapse/workspaces/datasets","apiVersion":"2019-06-01-preview","properties":{"linkedServiceName":{"referenceName":"[parameters('ServicePrincipalCon')]","type":"LinkedServiceReference"},"parameters":{"StartTime":{"type":"string"},"EndTime":{"type":"string"},"RunId":{"type":"string"},"StorageContainerName":{"type":"string"}},"annotations":[],"type":"Binary","typeProperties":{"location":{"type":"AzureBlobFSLocation","folderPath":{"value":"@concat('raw/permissions/',formatDateTime(dataset().EndTime, 'yyyy'),'/', formatDateTime(dataset().EndTime, 'MM'),'/',formatDateTime(dataset().EndTime, 'dd'),'/',dataset().RunId)","type":"Expression"},"fileSystem":{"value":"@dataset().StorageContainerName","type":"Expression"}}}},"dependsOn":[]},{"name":"[concat(parameters('workspaceName'), '/Sites_Perms_Groups_SPOGroups')]","type":"Microsoft.Synapse/workspaces/datasets","apiVersion":"2019-06-01-preview","properties":{"linkedServiceName":{"referenceName":"[parameters('Microsoft365First')]","type":"LinkedServiceReference"},"annotations":[],"type":"Office365Table","schema":[],"typeProperties":{"tableName":"BasicDataSet_v0.SharePointGroups_v1"}},"dependsOn":[]},{"name":"[concat(parameters('workspaceName'), '/Site_Perms_Groups_GroupsTarget')]","type":"Microsoft.Synapse/workspaces/datasets","apiVersion":"2019-06-01-preview","properties":{"linkedServiceName":{"referenceName":"[parameters('ServicePrincipalCon')]","type":"LinkedServiceReference"},"parameters":{"StartTime":{"type":"string"},"EndTime":{"type":"string"},"RunId":{"type":"string"},"StorageContainerName":{"type":"string"}},"annotations":[],"type":"Binary","typeProperties":{"location":{"type":"AzureBlobFSLocation","folderPath":{"value":"@concat('raw/spgroups/',formatDateTime(dataset().EndTime, 'yyyy'),'/', formatDateTime(dataset().EndTime, 'MM'),'/',formatDateTime(dataset().EndTime, 'dd'),'/',dataset().RunId)","type":"Expression"},"fileSystem":{"value":"@dataset().StorageContainerName","type":"Expression"}}}},"dependsOn":[]},{"name":"[concat(parameters('workspaceName'), '/Forecast')]","type":"Microsoft.Synapse/workspaces/notebooks","apiVersion":"2019-06-01-preview","properties":{"nbformat":4,"nbformat_minor":2,"bigDataPool":{"referenceName":"sparkpoolag","type":"BigDataPoolReference"},"sessionProperties":{"driverMemory":"28g","driverCores":4,"executorMemory":"28g","executorCores":4,"numExecutors":2,"conf":{"spark.dynamicAllocation.enabled":"false","spark.dynamicAllocation.minExecutors":"2","spark.dynamicAllocation.maxExecutors":"2","spark.autotune.trackingId":"5b27c857-eee9-4314-97fa-354e4c118380"}},"metadata":{"saveOutput":true,"synapse_widget":{"version":"0.1","state":{}},"enableDebugMode":false,"kernelspec":{"name":"synapse_pyspark","display_name":"Synapse PySpark"},"language_info":{"name":"scala"},"a365ComputeOptions":{"id":"/subscriptions/b3087308-e129-438c-94cf-7812be946e2b/resourceGroups/MGDC-pg/providers/Microsoft.Synapse/workspaces/grover-mgdc/bigDataPools/sparkpoolag","name":"sparkpoolag","type":"Spark","endpoint":"https://grover-mgdc.dev.azuresynapse.net/livyApi/versions/2019-11-01-preview/sparkPools/sparkpoolag","auth":{"type":"AAD","authResource":"https://dev.azuresynapse.net"},"sparkVersion":"3.3","nodeCount":3,"cores":4,"memory":28,"automaticScaleJobs":false},"sessionKeepAliveTimeout":30},"cells":[{"cell_type":"code","metadata":{"microsoft":{"language":"scala"}},"source":["%%spark\r\n","println(\"Application Id: \" + spark.sparkContext.applicationId )\r\n","println(\"Application Name: \" + spark.sparkContext.appName)"],"outputs":[{"output_type":"display_data","data":{"application/vnd.livy.statement-meta+json":{"spark_pool":"sparkpoolag","session_id":"91","statement_id":2,"state":"finished","livy_statement_state":"available","queued_time":"2024-02-22T14:51:55.7410631Z","session_start_time":"2024-02-22T14:51:55.8165175Z","execution_start_time":"2024-02-22T14:54:36.8661061Z","execution_finish_time":"2024-02-22T14:54:38.009432Z","spark_jobs":null,"parent_msg_id":"7b594604-66dc-4a37-b280-6ec3e2633b60"},"text/plain":"StatementMeta(sparkpoolag, 91, 2, Finished, Available)"},"metadata":{}},{"name":"stdout","output_type":"stream","text":"Application Id: application_1708613603227_0001\nApplication Name: Forecast_sparkpoolag_1708613515\n"}],"execution_count":1},{"cell_type":"markdown","metadata":{"nteract":{"transient":{"deleting":false}}},"source":["# Debug Variables\r\n","\r\n","these are taken from the pipiline normamly"]},{"cell_type":"code","metadata":{"jupyter":{"source_hidden":false,"outputs_hidden":false},"nteract":{"transient":{"deleting":false}}},"source":["\r\n","// var windowStartTime = \"2024-02-05T00:00:00Z\" ;\r\n","// var windowEndTime = \"2024-02-05T00:00:00Z\" ;\r\n","// var runId = \"32827722-3e4e-4a94-9e86-ff1d852b6f39\" ;\r\n","// var storageAccountName = \"mgdcag\" ;\r\n","// var storageContainerName = \"top1-forecast\" ;\r\n","// var groupCount = 200 ;\r\n","\r\n","// If start and end date are the same we are performing a full pull\r\n","val fullPull: Boolean = windowStartTime == windowEndTime"],"outputs":[{"output_type":"display_data","data":{"application/vnd.livy.statement-meta+json":{"spark_pool":"sparkpoolag","session_id":"91","statement_id":3,"state":"finished","livy_statement_state":"available","queued_time":"2024-02-22T14:55:42.7129948Z","session_start_time":null,"execution_start_time":"2024-02-22T14:55:42.8810947Z","execution_finish_time":"2024-02-22T14:55:45.7709241Z","spark_jobs":null,"parent_msg_id":"924fe9fd-5ca5-44ca-a570-8b56a694eedf"},"text/plain":"StatementMeta(sparkpoolag, 91, 3, Finished, Available)"},"metadata":{}},{"name":"stdout","output_type":"stream","text":"windowStartTime: String = 2024-02-05T00:00:00Z\nwindowEndTime: String = 2024-02-05T00:00:00Z\nrunId: String = 32827722-3e4e-4a94-9e86-ff1d852b6f39\nstorageAccountName: String = mgdcag\nstorageContainerName: String = top1-forecast\ngroupCount: Int = 200\nfullPull: Boolean = true\n"}],"execution_count":2},{"cell_type":"code","metadata":{"jupyter":{"source_hidden":false,"outputs_hidden":false},"nteract":{"transient":{"deleting":false}}},"source":["import java.text.SimpleDateFormat\r\n","import java.time.LocalDateTime\r\n","import java.time.format.DateTimeFormatter\r\n","import java.time.temporal.ChronoUnit\r\n","import org.apache.spark.sql.types._\r\n","import org.apache.spark.sql.{DataFrame, Row, SparkSession}\r\n","\r\n","val standardDatePattern: String = \"yyyy-MM-dd'T'HH:mm:ss'Z'\"\r\n","val windowStartDateTimeLocal: LocalDateTime =\r\n","      LocalDateTime.parse(windowStartTime, DateTimeFormatter.ofPattern(standardDatePattern))\r\n","val windowEndTimeLocal: LocalDateTime =\r\n","      LocalDateTime.parse(windowEndTime, DateTimeFormatter.ofPattern(standardDatePattern))\r\n","\r\n","// set your storage account connection\r\n","\r\n","val timeDirFormatter = DateTimeFormatter.ofPattern(\"yyyy/MM/dd\")\r\n","val yearMonthDayFormat = windowStartDateTimeLocal.format(timeDirFormatter).stripSuffix(\"/\")\r\n","val yearMonthDayFormatEnd = windowEndTimeLocal.format(timeDirFormatter).stripSuffix(\"/\")\r\n","\r\n","val adls_path = f\"abfss://$storageContainerName@$storageAccountName.dfs.core.windows.net\"\r\n","val metadataPath = \"metadata/JobMetadata/\"\r\n","\r\n","val spSitesJobMetadata = adls_path + s\"/raw/sites/$yearMonthDayFormatEnd/$runId/$metadataPath\"\r\n","val spPermissionsJobMetadata = adls_path + s\"/raw/permissions/$yearMonthDayFormatEnd/$runId/$metadataPath\"\r\n","val spGroupsJobMetadata = adls_path + s\"/raw/spgroups/$yearMonthDayFormatEnd/$runId/$metadataPath\"\r\n","\r\n","\r\n","spark.conf.set(\"mapreduce.fileoutputcommitter.marksuccessfuljobs\", \"false\")"],"outputs":[{"output_type":"display_data","data":{"application/vnd.livy.statement-meta+json":{"spark_pool":"sparkpoolag","session_id":"91","statement_id":4,"state":"finished","livy_statement_state":"available","queued_time":"2024-02-22T14:55:54.6411405Z","session_start_time":null,"execution_start_time":"2024-02-22T14:55:55.0630552Z","execution_finish_time":"2024-02-22T14:56:00.7034652Z","spark_jobs":null,"parent_msg_id":"37747357-5ca7-4e74-823c-baefb10441a9"},"text/plain":"StatementMeta(sparkpoolag, 91, 4, Finished, Available)"},"metadata":{}},{"name":"stdout","output_type":"stream","text":"import java.text.SimpleDateFormat\nimport java.time.LocalDateTime\nimport java.time.format.DateTimeFormatter\nimport java.time.temporal.ChronoUnit\nimport org.apache.spark.sql.types._\nimport org.apache.spark.sql.{DataFrame, Row, SparkSession}\nstandardDatePattern: String = yyyy-MM-dd'T'HH:mm:ss'Z'\nwindowStartDateTimeLocal: java.time.LocalDateTime = 2024-02-05T00:00\nwindowEndTimeLocal: java.time.LocalDateTime = 2024-02-05T00:00\ntimeDirFormatter: java.time.format.DateTimeFormatter = Value(YearOfEra,4,19,EXCEEDS_PAD)'/'Value(MonthOfYear,2)'/'Value(DayOfMonth,2)\nyearMonthDayFormat: String = 2024/02/05\nyearMonthDayFormatEnd: String = 2024/02/05\nadls_path: String = abfss://top1-forecast@mgdcag.dfs.core.windows.net\nmetadataPath: String = metadata/JobMetadata/\nspSitesJobMetadata: String = abfss://top1-forecast@mgdcag.dfs.core.windows.net/raw/sites/2024/02/05/32827722-3e4e-4a94-9e86-ff1d852b6f39/metadata/JobMetadata/\nspPermissionsJobMetadata: String = abfss://top1-forecast@mgdcag.dfs.core.windows.net/raw/permissions/2024/02/05/32827722-3e4e-4a94-9e86-ff1d852b6f39/metadata/JobMetadata/\nspGroupsJobMetadata: String = abfss://top1-forecast@mgdcag.dfs.core.windows.net/raw/spgroups/2024/02/05/32827722-3e4e-4a94-9e86-ff1d852b6f39/metadata/JobMetadata/\n"}],"execution_count":3},{"cell_type":"markdown","metadata":{"nteract":{"transient":{"deleting":false}}},"source":["## Read in the metadata\r\n","\r\n",""]},{"cell_type":"code","metadata":{"jupyter":{"source_hidden":false,"outputs_hidden":false},"nteract":{"transient":{"deleting":false}}},"source":["val sitesMetadataDF = spark\r\n","    .read\r\n","    .format(\"json\")\r\n","    .option(\"recursiveFileLookup\", \"false\")\r\n","    .load(spSitesJobMetadata)\r\n","\r\n","val permissionMetadataDF = spark\r\n","    .read\r\n","    .format(\"json\")\r\n","    .option(\"recursiveFileLookup\", \"false\")\r\n","    .load(spPermissionsJobMetadata)\r\n","\r\n","val spGroupsMetadataDF = spark\r\n","    .read\r\n","    .format(\"json\")\r\n","    .option(\"recursiveFileLookup\", \"false\")\r\n","    .load(spGroupsJobMetadata)\r\n","\r\n","var combinedDF = sitesMetadataDF.union(permissionMetadataDF).union(spGroupsMetadataDF)\r\n","\r\n","var simplifiedDF = combinedDF.select(\"TableName\", \"TotalRowCount\", \"NumberOfRowsExtracted\", \"ExtractionMode\")\r\n","\r\n","// Create Group detail DF\r\n","var groupDetails = Seq(\r\n","  (\"GroupDetails_v0\", groupCount, 0, \"Calcualted\")\r\n",").toDF(\"TableName\", \"TotalRowCount\", \"NumberOfRowsExtracted\", \"ExtractionMode\")\r\n","\r\n","// var groupMembers = Seq(\r\n","//   (\"GroupMembers_v0\", groupCount, 0, \"Calcualted\")\r\n","// ).toDF(\"TableName\", \"TotalRowCount\", \"NumberOfRowsExtracted\", \"ExtractionMode\")\r\n","\r\n","// var groupOwners = Seq(\r\n","//   (\"GroupOwners_v0\", groupCount, 0, \"Calcualted\")\r\n","// ).toDF(\"TableName\", \"TotalRowCount\", \"NumberOfRowsExtracted\", \"ExtractionMode\")\r\n","\r\n","var totalForecast = simplifiedDF.union(groupDetails)\r\n",""],"outputs":[{"output_type":"display_data","data":{"application/vnd.livy.statement-meta+json":{"spark_pool":"sparkpoolag","session_id":"91","statement_id":12,"state":"finished","livy_statement_state":"available","queued_time":"2024-02-22T15:08:22.7397013Z","session_start_time":null,"execution_start_time":"2024-02-22T15:08:23.0093135Z","execution_finish_time":"2024-02-22T15:08:27.1550388Z","spark_jobs":null,"parent_msg_id":"3d510f38-824d-43bd-af31-f5d230e4ccbc"},"text/plain":"StatementMeta(sparkpoolag, 91, 12, Finished, Available)"},"metadata":{}},{"name":"stdout","output_type":"stream","text":"sitesMetadataDF: org.apache.spark.sql.DataFrame = [ApplicationId: string, ColumnsRequested: string ... 14 more fields]\npermissionMetadataDF: org.apache.spark.sql.DataFrame = [ApplicationId: string, ColumnsRequested: string ... 14 more fields]\nspGroupsMetadataDF: org.apache.spark.sql.DataFrame = [ApplicationId: string, ColumnsRequested: string ... 14 more fields]\ncombinedDF: org.apache.spark.sql.Dataset[org.apache.spark.sql.Row] = [ApplicationId: string, ColumnsRequested: string ... 14 more fields]\nsimplifiedDF: org.apache.spark.sql.DataFrame = [TableName: string, TotalRowCount: bigint ... 2 more fields]\ngroupDetails: org.apache.spark.sql.DataFrame = [TableName: string, TotalRowCount: int ... 2 more fields]\ntotalForecast: org.apache.spark.sql.Dataset[org.apache.spark.sql.Row] = [TableName: string, TotalRowCount: bigint ... 2 more fields]\n"}],"execution_count":11},{"cell_type":"code","metadata":{"jupyter":{"source_hidden":false,"outputs_hidden":false},"nteract":{"transient":{"deleting":false}}},"source":["totalForecast.show(6, false)"],"outputs":[{"output_type":"display_data","data":{"application/vnd.livy.statement-meta+json":{"spark_pool":"sparkpoolag","session_id":"91","statement_id":13,"state":"finished","livy_statement_state":"available","queued_time":"2024-02-22T15:08:29.1975988Z","session_start_time":null,"execution_start_time":"2024-02-22T15:08:29.3708875Z","execution_finish_time":"2024-02-22T15:08:31.308136Z","spark_jobs":null,"parent_msg_id":"21c2b3f3-fdc2-4259-b107-3089acf47ea3"},"text/plain":"StatementMeta(sparkpoolag, 91, 13, Finished, Available)"},"metadata":{}},{"name":"stdout","output_type":"stream","text":"+----------------------------------------+-------------+---------------------+--------------+\n|TableName                               |TotalRowCount|NumberOfRowsExtracted|ExtractionMode|\n+----------------------------------------+-------------+---------------------+--------------+\n|BasicDataSet_v0.SharePointSites_v1      |242          |1                    |Full          |\n|BasicDataSet_v0.SharePointPermissions_v1|1139         |1                    |Full          |\n|BasicDataSet_v0.SharePointGroups_v1     |824          |1                    |Full          |\n|GroupDetails_v0                         |200          |0                    |Calcualted    |\n+----------------------------------------+-------------+---------------------+--------------+\n\n"}],"execution_count":12}]},"dependsOn":[]}]}