{"$schema":"http://schema.management.azure.com/schemas/2015-01-01/deploymentTemplate.json#","contentVersion":"1.0.0.0","parameters":{"workspaceName":{"type":"string","metadata":"Workspace name","defaultValue":"synpase-mgdc-ag"},"Microsoft365":{"type":"string"},"AzureDataLakeStorage":{"type":"string"}},"variables":{"workspaceId":"[concat('Microsoft.Synapse/workspaces/', parameters('workspaceName'))]"},"resources":[{"name":"[concat(parameters('workspaceName'), '/ForecastAll')]","type":"Microsoft.Synapse/workspaces/pipelines","apiVersion":"2019-06-01-preview","properties":{"activities":[{"name":"GetSites","type":"Copy","dependsOn":[],"policy":{"timeout":"0.12:00:00","retry":0,"retryIntervalInSeconds":30,"secureOutput":false,"secureInput":false},"userProperties":[],"typeProperties":{"source":{"type":"Office365Source","dateFilterColumn":"SnapshotDate","startTime":{"value":"@pipeline().parameters.StartTime","type":"Expression"},"endTime":{"value":"@pipeline().parameters.EndTime","type":"Expression"},"outputColumns":[{"name":"ptenant"},{"name":"Id"},{"name":"Url"},{"name":"ArchiveState"},{"name":"RootWeb"},{"name":"WebCount"},{"name":"StorageQuota"},{"name":"StorageUsed"},{"name":"StorageMetrics"},{"name":"GroupId"},{"name":"GeoLocation"},{"name":"IsInRecycleBin"},{"name":"RecycleBinItemCount"},{"name":"RecycleBinItemSize"},{"name":"SecondStageRecycleBinStorageUsage"},{"name":"IsTeamsConnectedSite"},{"name":"IsTeamsChannelSite"},{"name":"TeamsChannelType"},{"name":"IsCommunicationSite"},{"name":"IsHubSite"},{"name":"HubSiteId"},{"name":"IsOneDrive"},{"name":"BlockAccessFromUnmanagedDevices"},{"name":"BlockDownloadOfAllFilesOnUnmanagedDevices"},{"name":"BlockDownloadOfViewableFilesOnUnmanagedDevices"},{"name":"IsExternalSharingEnabled"},{"name":"ShareByEmailEnabled"},{"name":"ShareByLinkEnabled"},{"name":"SiteConnectedToPrivateGroup"},{"name":"SensitivityLabelInfo"},{"name":"Classification"},{"name":"IBMode"},{"name":"IBSegments"},{"name":"RelatedGroupId"},{"name":"Owner"},{"name":"SecondaryContact"},{"name":"ReadLocked"},{"name":"ReadOnly"},{"name":"CreatedTime"},{"name":"Operation"},{"name":"LastUserAccessDate"},{"name":"SnapshotDate"}],"AdditionalDataSetProperties":{"top":1}},"sink":{"type":"BinarySink","storeSettings":{"type":"AzureBlobFSWriteSettings"}},"enableStaging":false},"inputs":[{"referenceName":"Site_Perms_Sites_Source4","type":"DatasetReference","parameters":{}}],"outputs":[{"referenceName":"Site_Perms_Sites_Target4","type":"DatasetReference","parameters":{"StartTime":{"value":"@pipeline().parameters.StartTime","type":"Expression"},"EndTime":{"value":"@pipeline().parameters.EndTime","type":"Expression"},"RunId":{"value":"@pipeline().RunId","type":"Expression"},"StorageContainerName":{"value":"@pipeline().parameters.StorageContainerName","type":"Expression"}}}]},{"name":"GetPermissions","type":"Copy","dependsOn":[],"policy":{"timeout":"0.12:00:00","retry":0,"retryIntervalInSeconds":30,"secureOutput":false,"secureInput":false},"userProperties":[],"typeProperties":{"source":{"type":"Office365Source","dateFilterColumn":"SnapshotDate","startTime":{"value":"@pipeline().parameters.StartTime","type":"Expression"},"endTime":{"value":"@pipeline().parameters.EndTime","type":"Expression"},"outputColumns":[{"name":"ptenant"},{"name":"SiteId"},{"name":"WebId"},{"name":"ListId"},{"name":"ItemType"},{"name":"ItemURL"},{"name":"FileExtension"},{"name":"RoleDefinition"},{"name":"LinkId"},{"name":"ScopeId"},{"name":"LinkScope"},{"name":"SharedWithCount"},{"name":"SharedWith"},{"name":"Operation"},{"name":"SnapshotDate"},{"name":"ShareCreatedBy"},{"name":"ShareCreatedTime"},{"name":"ShareLastModifiedBy"},{"name":"ShareLastModifiedTime"},{"name":"ShareExpirationTime"}],"AdditionalDataSetProperties":{"top":1}},"sink":{"type":"BinarySink","storeSettings":{"type":"AzureBlobFSWriteSettings"}},"enableStaging":false},"inputs":[{"referenceName":"Site_Perms_Perms_Source","type":"DatasetReference","parameters":{}}],"outputs":[{"referenceName":"Site_Perms_Perms_Target","type":"DatasetReference","parameters":{"StartTime":{"value":"@pipeline().parameters.StartTime","type":"Expression"},"EndTime":{"value":"@pipeline().parameters.EndTime","type":"Expression"},"RunId":{"value":"@pipeline().RunId","type":"Expression"},"StorageContainerName":{"value":"@pipeline().parameters.StorageContainerName","type":"Expression"}}}]},{"name":"GetSPOGroups","type":"Copy","dependsOn":[],"policy":{"timeout":"0.12:00:00","retry":0,"retryIntervalInSeconds":30,"secureOutput":false,"secureInput":false},"userProperties":[],"typeProperties":{"source":{"type":"Office365Source","dateFilterColumn":"SnapshotDate","startTime":{"value":"@pipeline().parameters.StartTime","type":"Expression"},"endTime":{"value":"@pipeline().parameters.EndTime","type":"Expression"},"outputColumns":[{"name":"ptenant"},{"name":"SiteId"},{"name":"GroupId"},{"name":"GroupLinkId"},{"name":"GroupType"},{"name":"DisplayName"},{"name":"Description"},{"name":"Owner"},{"name":"Members"},{"name":"Operation"},{"name":"SnapshotDate"}],"AdditionalDataSetProperties":{"top":1}},"sink":{"type":"BinarySink","storeSettings":{"type":"AzureBlobFSWriteSettings"}},"enableStaging":false},"inputs":[{"referenceName":"Sites_Perms_Groups_SPOGroups","type":"DatasetReference","parameters":{}}],"outputs":[{"referenceName":"Site_Perms_Groups_GroupsTarget","type":"DatasetReference","parameters":{"StartTime":{"value":"@pipeline().parameters.StartTime","type":"Expression"},"EndTime":{"value":"@pipeline().parameters.EndTime","type":"Expression"},"RunId":{"value":"@pipeline().RunId","type":"Expression"},"StorageContainerName":{"value":"@pipeline().parameters.StorageContainerName","type":"Expression"}}}]},{"name":"ForecastNotebook","type":"SynapseNotebook","dependsOn":[{"activity":"GetSites","dependencyConditions":["Succeeded"]},{"activity":"GetPermissions","dependencyConditions":["Succeeded"]},{"activity":"GetSPOGroups","dependencyConditions":["Succeeded"]},{"activity":"GetFiles","dependencyConditions":["Succeeded"]},{"activity":"GetFileActions","dependencyConditions":["Succeeded"]}],"policy":{"timeout":"0.12:00:00","retry":0,"retryIntervalInSeconds":30,"secureOutput":false,"secureInput":false},"userProperties":[],"typeProperties":{"notebook":{"referenceName":"Forecast_Oversharing","type":"NotebookReference"},"parameters":{"windowStartTime":{"value":{"value":"@pipeline().parameters.StartTime","type":"Expression"},"type":"string"},"windowEndTime":{"value":{"value":"@pipeline().parameters.EndTime","type":"Expression"},"type":"string"},"runId":{"value":{"value":"@pipeline().RunId","type":"Expression"},"type":"string"},"storageAccountName":{"value":{"value":"@pipeline().parameters.StorageAccountName","type":"Expression"},"type":"string"},"storageContainerName":{"value":{"value":"@pipeline().parameters.StorageContainerName","type":"Expression"},"type":"string"}},"snapshot":true,"sparkPool":{"referenceName":{"value":"@pipeline().parameters.SparkPoolName","type":"Expression"},"type":"BigDataPoolReference"},"conf":{}}},{"name":"GetFiles","type":"Copy","dependsOn":[],"policy":{"timeout":"0.12:00:00","retry":0,"retryIntervalInSeconds":30,"secureOutput":false,"secureInput":false},"userProperties":[],"typeProperties":{"source":{"type":"Office365Source","dateFilterColumn":"SnapshotDate","startTime":{"value":"@pipeline().parameters.StartTime","type":"Expression"},"endTime":{"value":"@pipeline().parameters.EndTime","type":"Expression"},"outputColumns":[{"name":"ptenant"},{"name":"SiteId"},{"name":"Author"},{"name":"DirName"},{"name":"Extension"},{"name":"FileName"},{"name":"IsLabelEncrypted"},{"name":"ItemId"},{"name":"ListId"},{"name":"ListServerTemplate"},{"name":"MajorVersion"},{"name":"MinorVersion"},{"name":"ModifiedBy"},{"name":"Operation"},{"name":"QuickXorHash"},{"name":"ScopeId"},{"name":"SensitivityLabelInfo"},{"name":"SiteUrl"},{"name":"SizeInBytes"},{"name":"SizeInBytesWithVersions"},{"name":"TimeCreated"},{"name":"TimeLastModified"},{"name":"WebId"},{"name":"WebTemplateId"},{"name":"SnapshotDate"}],"AdditionalDataSetProperties":{"top":1}},"sink":{"type":"BinarySink","storeSettings":{"type":"AzureBlobFSWriteSettings"}},"enableStaging":false},"inputs":[{"referenceName":"Files_Forecast","type":"DatasetReference","parameters":{}}],"outputs":[{"referenceName":"Files_Forecast_Sink","type":"DatasetReference","parameters":{"StartTime":{"value":"@pipeline().parameters.StartTime","type":"Expression"},"EndTime":{"value":"@pipeline().parameters.EndTime","type":"Expression"},"RunId":{"value":"@pipeline().RunId","type":"Expression"},"StorageContainerName":{"value":"@pipeline().parameters.StorageContainerName","type":"Expression"}}}]},{"name":"GetFileActions","type":"Copy","dependsOn":[],"policy":{"timeout":"0.12:00:00","retry":0,"retryIntervalInSeconds":30,"secureOutput":false,"secureInput":false},"userProperties":[],"typeProperties":{"source":{"type":"Office365Source","dateFilterColumn":"SnapshotDate","startTime":{"value":"@pipeline().parameters.StartTime","type":"Expression"},"endTime":{"value":"@pipeline().parameters.EndTime","type":"Expression"},"outputColumns":[{"name":"ptenant"},{"name":"ActionDate"},{"name":"ActionName"},{"name":"ActorDisplayName"},{"name":"ActorEmail"},{"name":"ActorIdType"},{"name":"ActorType"},{"name":"ClientIP"},{"name":"ItemExtension"},{"name":"ItemName"},{"name":"ItemURL"},{"name":"ListId"},{"name":"ListItemId"},{"name":"SiteId"},{"name":"SiteUrl"},{"name":"UserAgent"},{"name":"WebId"},{"name":"WebTemplateId"},{"name":"SnapshotDate"}],"AdditionalDataSetProperties":{"top":1}},"sink":{"type":"BinarySink","storeSettings":{"type":"AzureBlobFSWriteSettings"}},"enableStaging":false},"inputs":[{"referenceName":"File_Actions_Forecast","type":"DatasetReference","parameters":{}}],"outputs":[{"referenceName":"File_Actions_Forecast_Sink","type":"DatasetReference","parameters":{"StartTime":{"value":"@pipeline().parameters.StartTime","type":"Expression"},"EndTime":{"value":"@pipeline().parameters.EndTime","type":"Expression"},"RunId":{"value":"@pipeline().RunId","type":"Expression"},"StorageContainerName":{"value":"@pipeline().parameters.StorageContainerName","type":"Expression"}}}]}],"policy":{"elapsedTimeMetric":{}},"parameters":{"StartTime":{"type":"string","defaultValue":"2024-11-01T00:00:00Z"},"EndTime":{"type":"string","defaultValue":"2024-11-11T00:00:00Z"},"StorageAccountName":{"type":"string","defaultValue":"mgdcag4"},"StorageContainerName":{"type":"string","defaultValue":"forecast"},"SparkPoolName":{"type":"string","defaultValue":"agpool"}},"variables":{"IsSuccess":{"type":"Boolean"},"StartDate":{"type":"String"},"DeltaDays":{"type":"Integer"}},"annotations":[],"lastPublishTime":"2024-11-14T22:25:26Z"},"dependsOn":["[concat(variables('workspaceId'), '/datasets/Site_Perms_Sites_Source4')]","[concat(variables('workspaceId'), '/datasets/Site_Perms_Sites_Target4')]","[concat(variables('workspaceId'), '/datasets/Site_Perms_Perms_Source')]","[concat(variables('workspaceId'), '/datasets/Site_Perms_Perms_Target')]","[concat(variables('workspaceId'), '/datasets/Sites_Perms_Groups_SPOGroups')]","[concat(variables('workspaceId'), '/datasets/Site_Perms_Groups_GroupsTarget')]","[concat(variables('workspaceId'), '/notebooks/Forecast_Oversharing')]","[concat(variables('workspaceId'), '/datasets/Files_Forecast')]","[concat(variables('workspaceId'), '/datasets/Files_Forecast_Sink')]","[concat(variables('workspaceId'), '/datasets/File_Actions_Forecast')]","[concat(variables('workspaceId'), '/datasets/File_Actions_Forecast_Sink')]"]},{"name":"[concat(parameters('workspaceName'), '/Site_Perms_Sites_Source4')]","type":"Microsoft.Synapse/workspaces/datasets","apiVersion":"2019-06-01-preview","properties":{"linkedServiceName":{"referenceName":"[parameters('Microsoft365')]","type":"LinkedServiceReference"},"annotations":[],"type":"Office365Table","schema":[],"typeProperties":{"tableName":"BasicDataSet_v0.SharePointSites_v1"}},"dependsOn":[]},{"name":"[concat(parameters('workspaceName'), '/Site_Perms_Sites_Target4')]","type":"Microsoft.Synapse/workspaces/datasets","apiVersion":"2019-06-01-preview","properties":{"linkedServiceName":{"referenceName":"[parameters('AzureDataLakeStorage')]","type":"LinkedServiceReference"},"parameters":{"StartTime":{"type":"string"},"EndTime":{"type":"string"},"RunId":{"type":"string"},"StorageContainerName":{"type":"string"}},"annotations":[],"type":"Binary","typeProperties":{"location":{"type":"AzureBlobFSLocation","folderPath":{"value":"@concat('raw/sites/',formatDateTime(dataset().EndTime, 'yyyy'),'/', formatDateTime(dataset().EndTime, 'MM'),'/',formatDateTime(dataset().EndTime, 'dd'),'/',dataset().RunId)","type":"Expression"},"fileSystem":{"value":"@dataset().StorageContainerName","type":"Expression"}}}},"dependsOn":[]},{"name":"[concat(parameters('workspaceName'), '/Site_Perms_Perms_Source')]","type":"Microsoft.Synapse/workspaces/datasets","apiVersion":"2019-06-01-preview","properties":{"linkedServiceName":{"referenceName":"[parameters('Microsoft365')]","type":"LinkedServiceReference"},"annotations":[],"type":"Office365Table","schema":[],"typeProperties":{"tableName":"BasicDataSet_v0.SharePointPermissions_v1"}},"dependsOn":[]},{"name":"[concat(parameters('workspaceName'), '/Site_Perms_Perms_Target')]","type":"Microsoft.Synapse/workspaces/datasets","apiVersion":"2019-06-01-preview","properties":{"linkedServiceName":{"referenceName":"[parameters('AzureDataLakeStorage')]","type":"LinkedServiceReference"},"parameters":{"StartTime":{"type":"string"},"EndTime":{"type":"string"},"RunId":{"type":"string"},"StorageContainerName":{"type":"string"}},"annotations":[],"type":"Binary","typeProperties":{"location":{"type":"AzureBlobFSLocation","folderPath":{"value":"@concat('raw/permissions/',formatDateTime(dataset().EndTime, 'yyyy'),'/', formatDateTime(dataset().EndTime, 'MM'),'/',formatDateTime(dataset().EndTime, 'dd'),'/',dataset().RunId)","type":"Expression"},"fileSystem":{"value":"@dataset().StorageContainerName","type":"Expression"}}}},"dependsOn":[]},{"name":"[concat(parameters('workspaceName'), '/Sites_Perms_Groups_SPOGroups')]","type":"Microsoft.Synapse/workspaces/datasets","apiVersion":"2019-06-01-preview","properties":{"linkedServiceName":{"referenceName":"[parameters('Microsoft365')]","type":"LinkedServiceReference"},"annotations":[],"type":"Office365Table","schema":[],"typeProperties":{"tableName":"BasicDataSet_v0.SharePointGroups_v1"}},"dependsOn":[]},{"name":"[concat(parameters('workspaceName'), '/Site_Perms_Groups_GroupsTarget')]","type":"Microsoft.Synapse/workspaces/datasets","apiVersion":"2019-06-01-preview","properties":{"linkedServiceName":{"referenceName":"[parameters('AzureDataLakeStorage')]","type":"LinkedServiceReference"},"parameters":{"StartTime":{"type":"string"},"EndTime":{"type":"string"},"RunId":{"type":"string"},"StorageContainerName":{"type":"string"}},"annotations":[],"type":"Binary","typeProperties":{"location":{"type":"AzureBlobFSLocation","folderPath":{"value":"@concat('raw/spgroups/',formatDateTime(dataset().EndTime, 'yyyy'),'/', formatDateTime(dataset().EndTime, 'MM'),'/',formatDateTime(dataset().EndTime, 'dd'),'/',dataset().RunId)","type":"Expression"},"fileSystem":{"value":"@dataset().StorageContainerName","type":"Expression"}}}},"dependsOn":[]},{"name":"[concat(parameters('workspaceName'), '/Forecast_Oversharing')]","type":"Microsoft.Synapse/workspaces/notebooks","apiVersion":"2019-06-01-preview","properties":{"nbformat":4,"nbformat_minor":2,"bigDataPool":{"referenceName":"agpool","type":"BigDataPoolReference"},"sessionProperties":{"driverMemory":"28g","driverCores":4,"executorMemory":"28g","executorCores":4,"numExecutors":2,"runAsWorkspaceSystemIdentity":false,"conf":{"spark.dynamicAllocation.enabled":"false","spark.dynamicAllocation.minExecutors":"2","spark.dynamicAllocation.maxExecutors":"2","spark.autotune.trackingId":"870ae319-6ab9-4d77-a137-100e9aef7358"}},"metadata":{"saveOutput":false,"enableDebugMode":false,"language_info":{"name":"scala"},"a365ComputeOptions":{"id":"/subscriptions/cb422ab7-e1e5-47d3-a4c1-4c192f132d3f/resourceGroups/mgdc/providers/Microsoft.Synapse/workspaces/synpase-mgdc-ag/bigDataPools/agpool","name":"agpool","type":"Spark","endpoint":"https://synpase-mgdc-ag.dev.azuresynapse.net/livyApi/versions/2019-11-01-preview/sparkPools/agpool","auth":{"type":"AAD","authResource":"https://dev.azuresynapse.net","authHeader":null},"sparkVersion":"3.4","nodeCount":3,"cores":4,"memory":28,"extraHeader":null},"sessionKeepAliveTimeout":30},"cells":[{"cell_type":"code","metadata":{"microsoft":{"language":"scala"}},"source":["%%spark\r\n","println(\"Application Id: \" + spark.sparkContext.applicationId )\r\n","println(\"Application Name: \" + spark.sparkContext.appName)"],"outputs":[],"execution_count":1},{"cell_type":"markdown","metadata":{"nteract":{"transient":{"deleting":false}}},"source":["# Debug Variables\r\n","\r\n","these are taken from the pipiline normamly"]},{"cell_type":"code","metadata":{"jupyter":{"source_hidden":false,"outputs_hidden":false},"nteract":{"transient":{"deleting":false}}},"source":["\r\n","// var windowStartTime = \"2024-11-01T00:00:00Z\" ;\r\n","// var windowEndTime = \"2024-11-01T00:00:00Z\" ;\r\n","// var runId = \"5d48f319-53cc-4863-8348-7caacd2affc6\" ;\r\n","// var storageAccountName = \"mgdcag4\" ;\r\n","// var storageContainerName = \"forecast\" ;\r\n","\r\n","// If start and end date are the same we are performing a full pull\r\n","val fullPull: Boolean = windowStartTime == windowEndTime"],"outputs":[],"execution_count":2},{"cell_type":"code","metadata":{"jupyter":{"source_hidden":false,"outputs_hidden":false},"nteract":{"transient":{"deleting":false}}},"source":["import java.text.SimpleDateFormat\r\n","import java.time.LocalDateTime\r\n","import java.time.format.DateTimeFormatter\r\n","import java.time.temporal.ChronoUnit\r\n","import org.apache.spark.sql.types._\r\n","import org.apache.spark.sql.{DataFrame, Row, SparkSession}\r\n","\r\n","val standardDatePattern: String = \"yyyy-MM-dd'T'HH:mm:ss'Z'\"\r\n","val windowStartDateTimeLocal: LocalDateTime =\r\n","      LocalDateTime.parse(windowStartTime, DateTimeFormatter.ofPattern(standardDatePattern))\r\n","val windowEndTimeLocal: LocalDateTime =\r\n","      LocalDateTime.parse(windowEndTime, DateTimeFormatter.ofPattern(standardDatePattern))\r\n","\r\n","// set your storage account connection\r\n","\r\n","val timeDirFormatter = DateTimeFormatter.ofPattern(\"yyyy/MM/dd\")\r\n","val yearMonthDayFormat = windowStartDateTimeLocal.format(timeDirFormatter).stripSuffix(\"/\")\r\n","val yearMonthDayFormatEnd = windowEndTimeLocal.format(timeDirFormatter).stripSuffix(\"/\")\r\n","\r\n","val adls_path = f\"abfss://$storageContainerName@$storageAccountName.dfs.core.windows.net\"\r\n","val metadataPath = \"metadata/JobMetadata/\"\r\n","\r\n","val spSitesJobMetadata = adls_path + s\"/raw/sites/$yearMonthDayFormatEnd/$runId/$metadataPath\"\r\n","val spPermissionsJobMetadata = adls_path + s\"/raw/permissions/$yearMonthDayFormatEnd/$runId/$metadataPath\"\r\n","val spGroupsJobMetadata = adls_path + s\"/raw/spgroups/$yearMonthDayFormatEnd/$runId/$metadataPath\"\r\n","val filesJobMetadata = adls_path + s\"/raw/files/$yearMonthDayFormatEnd/$runId/$metadataPath\"\r\n","val fileActionsJobMetadata = adls_path + s\"/raw/fileactions/$yearMonthDayFormatEnd/$runId/$metadataPath\"\r\n","\r\n","\r\n","spark.conf.set(\"mapreduce.fileoutputcommitter.marksuccessfuljobs\", \"false\")"],"outputs":[],"execution_count":3},{"cell_type":"markdown","metadata":{"nteract":{"transient":{"deleting":false}}},"source":["## Read in the metadata\r\n","\r\n",""]},{"cell_type":"code","metadata":{"jupyter":{"source_hidden":false,"outputs_hidden":false},"nteract":{"transient":{"deleting":false}}},"source":["val sitesMetadataDF = spark\r\n","    .read\r\n","    .format(\"json\")\r\n","    .option(\"recursiveFileLookup\", \"false\")\r\n","    .load(spSitesJobMetadata)\r\n","\r\n","val permissionMetadataDF = spark\r\n","    .read\r\n","    .format(\"json\")\r\n","    .option(\"recursiveFileLookup\", \"false\")\r\n","    .load(spPermissionsJobMetadata)\r\n","\r\n","val spGroupsMetadataDF = spark\r\n","    .read\r\n","    .format(\"json\")\r\n","    .option(\"recursiveFileLookup\", \"false\")\r\n","    .load(spGroupsJobMetadata)\r\n","\r\n","val filesMetadataDF = spark\r\n","    .read\r\n","    .format(\"json\")\r\n","    .option(\"recursiveFileLookup\", \"false\")\r\n","    .load(filesJobMetadata)\r\n","\r\n","val fileActionsMetadataDF = spark\r\n","    .read\r\n","    .format(\"json\")\r\n","    .option(\"recursiveFileLookup\", \"false\")\r\n","    .load(fileActionsJobMetadata)\r\n","\r\n","var combinedDF = sitesMetadataDF.union(permissionMetadataDF).union(spGroupsMetadataDF)union(filesMetadataDF).union(fileActionsMetadataDF)\r\n","\r\n","var simplifiedDF = combinedDF.select(\"TableName\", \"TotalRowCount\", \"NumberOfRowsExtracted\", \"ExtractionMode\")\r\n","\r\n","var totalForecast = simplifiedDF\r\n",""],"outputs":[],"execution_count":4},{"cell_type":"code","metadata":{"jupyter":{"source_hidden":false,"outputs_hidden":false},"nteract":{"transient":{"deleting":false}}},"source":["totalForecast.show(6, false)"],"outputs":[],"execution_count":5}]},"dependsOn":[]},{"name":"[concat(parameters('workspaceName'), '/Files_Forecast')]","type":"Microsoft.Synapse/workspaces/datasets","apiVersion":"2019-06-01-preview","properties":{"linkedServiceName":{"referenceName":"[parameters('Microsoft365')]","type":"LinkedServiceReference"},"annotations":[],"type":"Office365Table","schema":[],"typeProperties":{"tableName":"BasicDataSet_v0.SharePointFiles_v1"}},"dependsOn":[]},{"name":"[concat(parameters('workspaceName'), '/Files_Forecast_Sink')]","type":"Microsoft.Synapse/workspaces/datasets","apiVersion":"2019-06-01-preview","properties":{"linkedServiceName":{"referenceName":"[parameters('AzureDataLakeStorage')]","type":"LinkedServiceReference"},"parameters":{"StartTime":{"type":"string"},"EndTime":{"type":"string"},"RunId":{"type":"string"},"StorageContainerName":{"type":"string"}},"annotations":[],"type":"Binary","typeProperties":{"location":{"type":"AzureBlobFSLocation","folderPath":{"value":"@concat('raw/files/',formatDateTime(dataset().EndTime, 'yyyy'),'/', formatDateTime(dataset().EndTime, 'MM'),'/',formatDateTime(dataset().EndTime, 'dd'),'/',dataset().RunId)","type":"Expression"},"fileSystem":{"value":"@dataset().StorageContainerName","type":"Expression"}}}},"dependsOn":[]},{"name":"[concat(parameters('workspaceName'), '/File_Actions_Forecast')]","type":"Microsoft.Synapse/workspaces/datasets","apiVersion":"2019-06-01-preview","properties":{"linkedServiceName":{"referenceName":"[parameters('Microsoft365')]","type":"LinkedServiceReference"},"annotations":[],"type":"Office365Table","schema":[],"typeProperties":{"tableName":"BasicDataSet_v0.SharePointFileActions_v1"}},"dependsOn":[]},{"name":"[concat(parameters('workspaceName'), '/File_Actions_Forecast_Sink')]","type":"Microsoft.Synapse/workspaces/datasets","apiVersion":"2019-06-01-preview","properties":{"linkedServiceName":{"referenceName":"[parameters('AzureDataLakeStorage')]","type":"LinkedServiceReference"},"parameters":{"StartTime":{"type":"string"},"EndTime":{"type":"string"},"RunId":{"type":"string"},"StorageContainerName":{"type":"string"}},"annotations":[],"type":"Binary","typeProperties":{"location":{"type":"AzureBlobFSLocation","folderPath":{"value":"@concat('raw/fileactions/',formatDateTime(dataset().EndTime, 'yyyy'),'/', formatDateTime(dataset().EndTime, 'MM'),'/',formatDateTime(dataset().EndTime, 'dd'),'/',dataset().RunId)","type":"Expression"},"fileSystem":{"value":"@dataset().StorageContainerName","type":"Expression"}}}},"dependsOn":[]}]}