{"$schema":"http://schema.management.azure.com/schemas/2015-01-01/deploymentTemplate.json#","contentVersion":"1.0.0.0","parameters":{"workspaceName":{"type":"string","metadata":"Workspace name","defaultValue":"grover-mgdc"},"Microsoft365First":{"type":"string"},"ServicePrincipalCon":{"type":"string"}},"variables":{"workspaceId":"[concat('Microsoft.Synapse/workspaces/', parameters('workspaceName'))]"},"resources":[{"name":"[concat(parameters('workspaceName'), '/Sites_Permissions_Groups')]","type":"Microsoft.Synapse/workspaces/pipelines","apiVersion":"2019-06-01-preview","properties":{"activities":[{"name":"GetSites","type":"Copy","dependsOn":[],"policy":{"timeout":"0.12:00:00","retry":0,"retryIntervalInSeconds":30,"secureOutput":false,"secureInput":false},"userProperties":[],"typeProperties":{"source":{"type":"Office365Source","dateFilterColumn":"SnapshotDate","startTime":{"value":"@pipeline().parameters.StartTime","type":"Expression"},"endTime":{"value":"@pipeline().parameters.EndTime","type":"Expression"},"outputColumns":[{"name":"ptenant"},{"name":"Id"},{"name":"Url"},{"name":"ArchiveState"},{"name":"RootWeb"},{"name":"WebCount"},{"name":"StorageQuota"},{"name":"StorageUsed"},{"name":"StorageMetrics"},{"name":"GroupId"},{"name":"GeoLocation"},{"name":"IsInRecycleBin"},{"name":"RecycleBinItemCount"},{"name":"RecycleBinItemSize"},{"name":"SecondStageRecycleBinStorageUsage"},{"name":"IsTeamsConnectedSite"},{"name":"IsTeamsChannelSite"},{"name":"TeamsChannelType"},{"name":"IsCommunicationSite"},{"name":"IsHubSite"},{"name":"HubSiteId"},{"name":"IsOneDrive"},{"name":"BlockAccessFromUnmanagedDevices"},{"name":"BlockDownloadOfAllFilesOnUnmanagedDevices"},{"name":"BlockDownloadOfViewableFilesOnUnmanagedDevices"},{"name":"IsExternalSharingEnabled"},{"name":"ShareByEmailEnabled"},{"name":"ShareByLinkEnabled"},{"name":"SiteConnectedToPrivateGroup"},{"name":"SensitivityLabelInfo"},{"name":"Classification"},{"name":"IBMode"},{"name":"IBSegments"},{"name":"RelatedGroupId"},{"name":"Owner"},{"name":"SecondaryContact"},{"name":"ReadLocked"},{"name":"ReadOnly"},{"name":"CreatedTime"},{"name":"Operation"},{"name":"LastUserAccessDate"},{"name":"SnapshotDate"}]},"sink":{"type":"BinarySink","storeSettings":{"type":"AzureBlobFSWriteSettings"}},"enableStaging":false},"inputs":[{"referenceName":"Site_Perms_Sites_Source","type":"DatasetReference","parameters":{}}],"outputs":[{"referenceName":"Site_Perms_Sites_Target","type":"DatasetReference","parameters":{"StartTime":{"value":"@pipeline().parameters.StartTime","type":"Expression"},"EndTime":{"value":"@pipeline().parameters.EndTime","type":"Expression"},"RunId":{"value":"@pipeline().RunId","type":"Expression"},"StorageContainerName":{"value":"@pipeline().parameters.StorageContainerName","type":"Expression"}}}]},{"name":"GetPermissions","type":"Copy","dependsOn":[],"policy":{"timeout":"0.12:00:00","retry":0,"retryIntervalInSeconds":30,"secureOutput":false,"secureInput":false},"userProperties":[],"typeProperties":{"source":{"type":"Office365Source","dateFilterColumn":"SnapshotDate","startTime":{"value":"@pipeline().parameters.StartTime","type":"Expression"},"endTime":{"value":"@pipeline().parameters.EndTime","type":"Expression"},"outputColumns":[{"name":"ptenant"},{"name":"SiteId"},{"name":"WebId"},{"name":"ListId"},{"name":"ItemType"},{"name":"ItemURL"},{"name":"FileExtension"},{"name":"RoleDefinition"},{"name":"LinkId"},{"name":"ScopeId"},{"name":"LinkScope"},{"name":"SharedWithCount"},{"name":"SharedWith"},{"name":"Operation"},{"name":"SnapshotDate"},{"name":"ShareCreatedBy"},{"name":"ShareCreatedTime"},{"name":"ShareLastModifiedBy"},{"name":"ShareLastModifiedTime"},{"name":"ShareExpirationTime"}]},"sink":{"type":"BinarySink","storeSettings":{"type":"AzureBlobFSWriteSettings"}},"enableStaging":false},"inputs":[{"referenceName":"Site_Perms_Perms_Source","type":"DatasetReference","parameters":{}}],"outputs":[{"referenceName":"Site_Perms_Perms_Target","type":"DatasetReference","parameters":{"StartTime":{"value":"@pipeline().parameters.StartTime","type":"Expression"},"EndTime":{"value":"@pipeline().parameters.EndTime","type":"Expression"},"RunId":{"value":"@pipeline().RunId","type":"Expression"},"StorageContainerName":{"value":"@pipeline().parameters.StorageContainerName","type":"Expression"}}}]},{"name":"SitesEnhancedWithPerms","type":"SynapseNotebook","dependsOn":[{"activity":"GetSites","dependencyConditions":["Succeeded"]},{"activity":"GetPermissions","dependencyConditions":["Succeeded"]},{"activity":"GetSPOGroups","dependencyConditions":["Succeeded"]}],"policy":{"timeout":"0.12:00:00","retry":0,"retryIntervalInSeconds":30,"secureOutput":false,"secureInput":false},"userProperties":[],"typeProperties":{"notebook":{"referenceName":"SitesPermsGroupDashboard_Simplified","type":"NotebookReference"},"parameters":{"windowStartTime":{"value":{"value":"@pipeline().parameters.StartTime","type":"Expression"},"type":"string"},"windowEndTime":{"value":{"value":"@pipeline().parameters.EndTime","type":"Expression"},"type":"string"},"runId":{"value":{"value":"@pipeline().RunId","type":"Expression"},"type":"string"},"storageAccountName":{"value":{"value":"@pipeline().parameters.StorageAccountName","type":"Expression"},"type":"string"},"storageContainerName":{"value":{"value":"@pipeline().parameters.StorageContainerName","type":"Expression"},"type":"string"},"retainForHistoricTrending":{"value":{"value":"@pipeline().parameters.RetainForHistoricTrending","type":"Expression"},"type":"bool"}},"snapshot":true,"sparkPool":{"referenceName":{"value":"@pipeline().parameters.SparkPoolName","type":"Expression"},"type":"BigDataPoolReference"},"conf":{}}},{"name":"Success","description":"this variable is just a placeholder to set result of pipeline as success.","type":"SetVariable","dependsOn":[{"activity":"SitesEnhancedWithPerms","dependencyConditions":["Succeeded"]}],"policy":{"secureOutput":false,"secureInput":false},"userProperties":[],"typeProperties":{"variableName":"IsSuccess","value":true}},{"name":"GetSPOGroups","type":"Copy","dependsOn":[],"policy":{"timeout":"0.12:00:00","retry":0,"retryIntervalInSeconds":30,"secureOutput":false,"secureInput":false},"userProperties":[],"typeProperties":{"source":{"type":"Office365Source","dateFilterColumn":"SnapshotDate","startTime":{"value":"@pipeline().parameters.StartTime","type":"Expression"},"endTime":{"value":"@pipeline().parameters.EndTime","type":"Expression"},"outputColumns":[{"name":"ptenant"},{"name":"SiteId"},{"name":"GroupId"},{"name":"GroupLinkId"},{"name":"GroupType"},{"name":"DisplayName"},{"name":"Description"},{"name":"Owner"},{"name":"Members"},{"name":"Operation"},{"name":"SnapshotDate"}]},"sink":{"type":"BinarySink","storeSettings":{"type":"AzureBlobFSWriteSettings"}},"enableStaging":false},"inputs":[{"referenceName":"Sites_Perms_Groups_SPOGroups","type":"DatasetReference","parameters":{}}],"outputs":[{"referenceName":"Site_Perms_Groups_GroupsTarget","type":"DatasetReference","parameters":{"StartTime":{"value":"@pipeline().parameters.StartTime","type":"Expression"},"EndTime":{"value":"@pipeline().parameters.EndTime","type":"Expression"},"RunId":{"value":"@pipeline().RunId","type":"Expression"},"StorageContainerName":{"value":"@pipeline().parameters.StorageContainerName","type":"Expression"}}}]}],"policy":{"elapsedTimeMetric":{}},"parameters":{"StartTime":{"type":"string","defaultValue":"2023-12-19T00:00:00Z"},"EndTime":{"type":"string","defaultValue":"2023-12-31T00:00:00Z"},"StorageAccountName":{"type":"string","defaultValue":"mgdcag"},"StorageContainerName":{"type":"string","defaultValue":"sites-permissions-dashboard-delta"},"SparkPoolName":{"type":"string","defaultValue":"sparkpoolag"},"RetainForHistoricTrending":{"type":"bool","defaultValue":true}},"variables":{"IsSuccess":{"type":"Boolean"}},"annotations":[],"lastPublishTime":"2024-01-05T10:52:55Z"},"dependsOn":["[concat(variables('workspaceId'), '/datasets/Site_Perms_Sites_Source')]","[concat(variables('workspaceId'), '/datasets/Site_Perms_Sites_Target')]","[concat(variables('workspaceId'), '/datasets/Site_Perms_Perms_Source')]","[concat(variables('workspaceId'), '/datasets/Site_Perms_Perms_Target')]","[concat(variables('workspaceId'), '/notebooks/SitesPermsGroupDashboard_Simplified')]","[concat(variables('workspaceId'), '/datasets/Sites_Perms_Groups_SPOGroups')]","[concat(variables('workspaceId'), '/datasets/Site_Perms_Groups_GroupsTarget')]"]},{"name":"[concat(parameters('workspaceName'), '/Site_Perms_Sites_Source')]","type":"Microsoft.Synapse/workspaces/datasets","apiVersion":"2019-06-01-preview","properties":{"linkedServiceName":{"referenceName":"[parameters('Microsoft365First')]","type":"LinkedServiceReference"},"annotations":[],"type":"Office365Table","schema":[],"typeProperties":{"tableName":"BasicDataSet_v0.SharePointSites_v1"}},"dependsOn":[]},{"name":"[concat(parameters('workspaceName'), '/Site_Perms_Sites_Target')]","type":"Microsoft.Synapse/workspaces/datasets","apiVersion":"2019-06-01-preview","properties":{"linkedServiceName":{"referenceName":"[parameters('ServicePrincipalCon')]","type":"LinkedServiceReference"},"parameters":{"StartTime":{"type":"string"},"EndTime":{"type":"string"},"RunId":{"type":"string"},"StorageContainerName":{"type":"string"}},"annotations":[],"type":"Binary","typeProperties":{"location":{"type":"AzureBlobFSLocation","folderPath":{"value":"@concat('raw/sites/',formatDateTime(dataset().EndTime, 'yyyy'),'/', formatDateTime(dataset().EndTime, 'MM'),'/',formatDateTime(dataset().EndTime, 'dd'),'/',dataset().RunId)","type":"Expression"},"fileSystem":{"value":"@dataset().StorageContainerName","type":"Expression"}}}},"dependsOn":[]},{"name":"[concat(parameters('workspaceName'), '/Site_Perms_Perms_Source')]","type":"Microsoft.Synapse/workspaces/datasets","apiVersion":"2019-06-01-preview","properties":{"linkedServiceName":{"referenceName":"[parameters('Microsoft365First')]","type":"LinkedServiceReference"},"annotations":[],"type":"Office365Table","schema":[],"typeProperties":{"tableName":"BasicDataSet_v0.SharePointPermissions_v1"}},"dependsOn":[]},{"name":"[concat(parameters('workspaceName'), '/Site_Perms_Perms_Target')]","type":"Microsoft.Synapse/workspaces/datasets","apiVersion":"2019-06-01-preview","properties":{"linkedServiceName":{"referenceName":"[parameters('ServicePrincipalCon')]","type":"LinkedServiceReference"},"parameters":{"StartTime":{"type":"string"},"EndTime":{"type":"string"},"RunId":{"type":"string"},"StorageContainerName":{"type":"string"}},"annotations":[],"type":"Binary","typeProperties":{"location":{"type":"AzureBlobFSLocation","folderPath":{"value":"@concat('raw/permissions/',formatDateTime(dataset().EndTime, 'yyyy'),'/', formatDateTime(dataset().EndTime, 'MM'),'/',formatDateTime(dataset().EndTime, 'dd'),'/',dataset().RunId)","type":"Expression"},"fileSystem":{"value":"@dataset().StorageContainerName","type":"Expression"}}}},"dependsOn":[]},{"name":"[concat(parameters('workspaceName'), '/SitesPermsGroupDashboard_Simplified')]","type":"Microsoft.Synapse/workspaces/notebooks","apiVersion":"2019-06-01-preview","properties":{"nbformat":4,"nbformat_minor":2,"bigDataPool":{"referenceName":"sparkpoolag","type":"BigDataPoolReference"},"sessionProperties":{"driverMemory":"28g","driverCores":4,"executorMemory":"28g","executorCores":4,"numExecutors":2,"runAsWorkspaceSystemIdentity":false,"conf":{"spark.dynamicAllocation.enabled":"false","spark.dynamicAllocation.minExecutors":"2","spark.dynamicAllocation.maxExecutors":"2","spark.autotune.trackingId":"c50522fc-7cfb-4701-bd33-c716c6cb1add"}},"metadata":{"saveOutput":true,"enableDebugMode":false,"kernelspec":{"name":"synapse_pyspark","display_name":"Synapse PySpark"},"language_info":{"name":"scala"},"a365ComputeOptions":{"id":"/subscriptions/b3087308-e129-438c-94cf-7812be946e2b/resourceGroups/MGDC-pg/providers/Microsoft.Synapse/workspaces/grover-mgdc/bigDataPools/sparkpoolag","name":"sparkpoolag","type":"Spark","endpoint":"https://grover-mgdc.dev.azuresynapse.net/livyApi/versions/2019-11-01-preview/sparkPools/sparkpoolag","auth":{"type":"AAD","authResource":"https://dev.azuresynapse.net","authHeader":null},"sparkVersion":"3.3","nodeCount":3,"cores":4,"memory":28,"extraHeader":null},"sessionKeepAliveTimeout":30},"cells":[{"cell_type":"code","metadata":{"microsoft":{"language":"scala"}},"source":["%%spark\r\n","println(\"Application Id: \" + spark.sparkContext.applicationId )\r\n","println(\"Application Name: \" + spark.sparkContext.appName)"],"outputs":[],"execution_count":3},{"cell_type":"markdown","metadata":{"nteract":{"transient":{"deleting":false}}},"source":["## Set up variables\r\n","\r\n","These initial variable values come from the notebook parameters"]},{"cell_type":"code","metadata":{"jupyter":{"source_hidden":false,"outputs_hidden":false},"nteract":{"transient":{"deleting":false}}},"source":["\r\n","// var windowStartTime = \"2023-12-20T00:00:00Z\" ;\r\n","// var windowEndTime = \"2023-12-31T00:00:00Z\" ;\r\n","// var runId = \"d153f79e-f20c-400b-a658-88674a5e1f42\" ;\r\n","// var storageAccountName = \"mgdcag\" ;\r\n","// var storageContainerName = \"sites-permissions-dashboard-delta\" ;\r\n","// var retainForHistoricTrending = true ;\r\n","\r\n","// If start and end date are the same we are performing a full pull\r\n","val fullPull: Boolean = windowStartTime == windowEndTime\r\n","\r\n","\r\n",""],"outputs":[],"execution_count":34},{"cell_type":"code","metadata":{"jupyter":{"source_hidden":false,"outputs_hidden":false},"nteract":{"transient":{"deleting":false}}},"source":["import java.text.SimpleDateFormat\r\n","import java.time.LocalDateTime\r\n","import java.time.format.DateTimeFormatter\r\n","import java.time.temporal.ChronoUnit\r\n","import org.apache.spark.sql.types._\r\n","import org.apache.spark.sql.{DataFrame, Row, SparkSession}\r\n","\r\n","val standardDatePattern: String = \"yyyy-MM-dd'T'HH:mm:ss'Z'\"\r\n","val windowStartDateTimeLocal: LocalDateTime =\r\n","      LocalDateTime.parse(windowStartTime, DateTimeFormatter.ofPattern(standardDatePattern))\r\n","val windowEndTimeLocal: LocalDateTime =\r\n","      LocalDateTime.parse(windowEndTime, DateTimeFormatter.ofPattern(standardDatePattern))\r\n","\r\n","// set your storage account connection\r\n","\r\n","val timeDirFormatter = DateTimeFormatter.ofPattern(\"yyyy/MM/dd\")\r\n","val yearMonthDayFormat = windowStartDateTimeLocal.format(timeDirFormatter).stripSuffix(\"/\")\r\n","val yearMonthDayFormatEnd = windowEndTimeLocal.format(timeDirFormatter).stripSuffix(\"/\")\r\n","\r\n","val adls_path = f\"abfss://$storageContainerName@$storageAccountName.dfs.core.windows.net\"\r\n","\r\n","val spSites = adls_path + s\"/raw/sites/$yearMonthDayFormatEnd/$runId/\"\r\n","val spPermissions = adls_path + s\"/raw/permissions/$yearMonthDayFormatEnd/$runId/\"\r\n","val spGroups = adls_path + s\"/raw/spgroups/$yearMonthDayFormatEnd/$runId/\"\r\n","\r\n","val latestSPSitesEnhanced = adls_path + s\"/latest/sites/\"\r\n","val latestSPPermissions = adls_path + s\"/latest/permissions/\"\r\n","val latestSPGroups = adls_path + s\"/latest/spgroups/\"\r\n","val latestSPGroupMembers = adls_path + s\"/latest/spgroupmembers/\"\r\n","\r\n","// needed for delta - populated post note book\r\n","val latestSitesArchive = adls_path + s\"/archive/latest/sites/\"\r\n","val latestPermsArchive = adls_path + s\"/archive/latest/permissions/\"\r\n","val latestSPGroupsArchive = adls_path + s\"/archive/latest/spgroups/\"\r\n","val latestSPGroupMembersArchive = adls_path + s\"/archive/latest/spgroupmembers/\"\r\n","\r\n","// optional\r\n","val sitesArchive = adls_path + s\"/archive/sites/$yearMonthDayFormatEnd/$runId/\"\r\n","val permsArchive = adls_path + s\"/archive/permissions/$yearMonthDayFormatEnd/$runId/\"\r\n","val spgroupsArchive = adls_path + s\"/archive/spgroups/$yearMonthDayFormatEnd/$runId/\"\r\n","val spgroupMembersArchive = adls_path + s\"/archive/spgroupmembers/$yearMonthDayFormatEnd/$runId/\"\r\n","\r\n","\r\n","\r\n","spark.conf.set(\"mapreduce.fileoutputcommitter.marksuccessfuljobs\", \"false\")"],"outputs":[],"execution_count":35},{"cell_type":"markdown","metadata":{"nteract":{"transient":{"deleting":false}}},"source":["## Read the datasets into DFs (Data Frames)\r\n","This are the files created by the MGDC copy tool"]},{"cell_type":"code","metadata":{"jupyter":{"source_hidden":false,"outputs_hidden":false},"nteract":{"transient":{"deleting":false}}},"source":["val permissionsDF = spark\r\n","    .read\r\n","    .format(\"json\")\r\n","    .option(\"recursiveFileLookup\", \"false\")\r\n","    .load(spPermissions)"],"outputs":[],"execution_count":36},{"cell_type":"code","metadata":{"jupyter":{"source_hidden":false,"outputs_hidden":false},"nteract":{"transient":{"deleting":false}}},"source":["val sitesDF = spark\r\n","    .read\r\n","    .format(\"json\")\r\n","    .option(\"recursiveFileLookup\", \"false\")\r\n","    .load(spSites)\r\n",""],"outputs":[],"execution_count":37},{"cell_type":"code","metadata":{"jupyter":{"source_hidden":false,"outputs_hidden":false},"nteract":{"transient":{"deleting":false}}},"source":["val spGroupsDF = spark\r\n","    .read\r\n","    .format(\"json\")\r\n","    .option(\"recursiveFileLookup\", \"false\")\r\n","    .load(spGroups)\r\n",""],"outputs":[],"execution_count":38},{"cell_type":"code","metadata":{"jupyter":{"source_hidden":false,"outputs_hidden":false},"nteract":{"transient":{"deleting":false}}},"source":["val sitesCount = sitesDF.count()\r\n","println(s\"The number of sites: $sitesCount\")\r\n","\r\n","val permissionsCount = permissionsDF.count()\r\n","println(s\"The number of permissions objects: $permissionsCount\")\r\n","\r\n","val spGroupsCount = spGroupsDF.count()\r\n","println(s\"The number of sp group objects: $spGroupsCount\")"],"outputs":[],"execution_count":39},{"cell_type":"markdown","metadata":{"nteract":{"transient":{"deleting":false}}},"source":["# Enrich the Data\r\n","\r\n","Pretty sure this is called feature engineering \r\n","\r\n","## Add coloumns\r\n","### Using UDFs (User-Defined Functions):\r\n","You can define custom UDFs and use them to create new columns based on your specific logic. \r\n","\r\n","We will use this to add a boolean coloumn for OneDrive sites "]},{"cell_type":"code","metadata":{"jupyter":{"source_hidden":false,"outputs_hidden":false},"nteract":{"transient":{"deleting":false}}},"source":["import org.apache.spark.sql.functions._\r\n","import org.apache.spark.sql.types._\r\n","\r\n","// returns true if site is OneDrive\r\n","// Slighty different to the example above as I was getting scalla errors\r\n","val isOneDrive = udf((siteUrl: String) => siteUrl.contains(\"-my.sharepoint.com\"))\r\n","\r\n","val sitesDFOD = sitesDF.withColumn(\"OneDriveSite\", isOneDrive($\"Url\"))"],"outputs":[],"execution_count":40},{"cell_type":"markdown","metadata":{"nteract":{"transient":{"deleting":false}}},"source":["## Big Value Data Points\r\n","\r\n","This is where the real magic happens. With the data in the DF it's possible to work out previous version storage. What an insight, and we haven't even itterated every object.\r\n","\r\n","In the MGDC sites data set we can make the following assumption\r\n","\r\n","`PreviousVersionSize = TotalSize - TotalFileStreamSize - MetadataSize`\r\n","\r\n","With the addional data we now have we can make a far better assumption. We calcucate storage used in Drive by getting the size used by call the drives. We could probably even remove the metadata size\r\n","\r\n","`PreviousVersionSize = storageUsedInDrives - TotalFileStreamSize`\r\n","\r\n","This is just one example of what we can do with just a few extra toppings to add to this maverlous MGDC flavoured Pizza.\r\n","\r\n","We will use one of the UDFs from the start"]},{"cell_type":"code","metadata":{"jupyter":{"source_hidden":false,"outputs_hidden":false},"nteract":{"transient":{"deleting":false}}},"source":["import org.apache.spark.sql.functions._\r\n","import org.apache.spark.sql.types._\r\n","\r\n","// returns true if site is OneDrive\r\n","// Slighty different to the example above as I was getting scalla errors\r\n","val previousVersionSize = udf((totalSize: BigInt, totalFileStreamSize: BigInt, metadataSize: BigInt) => \r\n","    totalSize - totalFileStreamSize - metadataSize\r\n",")\r\n","// Assuming you have a DataFrame called \"df\"\r\n","// TotalSize - TotalFileStreamSize - MetadataSize - storageUsedPreservationHold\r\n","val sitesDFODPV = sitesDFOD\r\n","    .withColumn(\"PreviousVersionSize\", previousVersionSize($\"StorageMetrics.TotalSize\", $\"StorageMetrics.TotalFileStreamSize\", $\"StorageMetrics.MetadataSize\"))\r\n","\r\n","val pvColoumns: DataFrame = sitesDFODPV.select(\"Id\", \"OneDriveSite\", \"PreviousVersionSize\")\r\n","// using truncate = flase paramer to see full urls\r\n","pvColoumns.show(20, truncate = false)"],"outputs":[],"execution_count":41},{"cell_type":"markdown","metadata":{"nteract":{"transient":{"deleting":false}}},"source":["## Joining Permissions\r\n","\r\n","We need a way to join permissions. There are instances where a delta dataset may not contain the LinkId - So to be save we need to create a composite key.\r\n","\r\n","The working theory is that we can use `SiteId + ItemURL + RoleDefinition + LinkId`"]},{"cell_type":"code","metadata":{"jupyter":{"source_hidden":false,"outputs_hidden":false},"nteract":{"transient":{"deleting":false}}},"source":["import org.apache.spark.sql.functions.udf\r\n","import org.apache.spark.sql.DataFrame\r\n","\r\n","// Empty for permissions that are not links\r\n","val defaultLinkValue = \"\"\r\n","\r\n","// Define the UDF for creating the composite key\r\n","val createCompositeKeyLink = udf((siteId: String, itemUrl: String, roleDefinition: String, itemType: String, linkId: String) =>\r\n","  s\"$siteId-$itemUrl-$roleDefinition-$itemType-${Option(linkId).getOrElse(defaultLinkValue)}\"\r\n",")\r\n","\r\n","val createCompositeKeyNoLink = udf((siteId: String, itemUrl: String, roleDefinition: String, itemType: String) =>\r\n","  s\"$siteId-$itemUrl-$roleDefinition-$itemType-\"\r\n",")\r\n","\r\n","def createCompositeKeyForPerms(permissionsDF: DataFrame): DataFrame = {\r\n","    if (permissionsCount > 0) {\r\n","    println(s\"There are $permissionsCount items in the DataFrame.\")\r\n","    \r\n","    // Check if 'LinkId' column exists in the DataFrame\r\n","    val linkIdExists: Boolean = permissionsDF.columns.contains(\"LinkId\")\r\n","\r\n","    if (linkIdExists) {\r\n","      // Apply the UDF to create the composite key column\r\n","      return permissionsDF.withColumn(\r\n","        \"CompositeKey\",\r\n","        createCompositeKeyLink( $\"SiteId\", $\"ItemURL\", $\"RoleDefinition\", $\"ItemType\", $\"LinkId\")\r\n","      )\r\n","    } else {\r\n","      return permissionsDF.withColumn(\r\n","        \"CompositeKey\",\r\n","        createCompositeKeyNoLink( $\"SiteId\", $\"ItemURL\", $\"RoleDefinition\", $\"ItemType\")\r\n","      )\r\n","    }\r\n","  } else {\r\n","    println(\"The DataFrame is empty. No Deltas!\")\r\n","    return permissionsDF\r\n","  }\r\n","}\r\n","\r\n","val permissionsDFCK = createCompositeKeyForPerms(permissionsDF)"],"outputs":[],"execution_count":42},{"cell_type":"markdown","metadata":{"nteract":{"transient":{"deleting":false}}},"source":["## SP Group Everyone\r\n","\r\n","At a high level, all we really need to understand is if a group contains the everyone claim as a member. This indicates a SP group that gives a role deinfinition to all. \r\n","\r\n","We will use the membership details to add an additional coloumn to the dataset and then create a new df containing just the members. We've found the SPGroups dataset torublesome at the Power BI end"]},{"cell_type":"code","metadata":{"jupyter":{"source_hidden":false,"outputs_hidden":false},"nteract":{"transient":{"deleting":false}}},"source":["\r\n","\r\n","// Create a column 'Everyone' using Spark SQL functions\r\n","val spGroupsDFEveryoneExternal = spGroupsDF.withColumn(\r\n","  \"EveryoneExceptExternalsMember\",\r\n","  expr(\"exists(Members, x -> x.Name = 'Everyone except external users')\")\r\n",")\r\n","\r\n","val spGroupsDFEveryone = spGroupsDFEveryoneExternal.withColumn(\r\n","  \"EveryoneMember\",\r\n","  expr(\"exists(Members, x -> x.Name = 'Everyone')\")\r\n",").drop(\"Members\")\r\n","\r\n","spGroupsDFEveryone.select(\"SiteId\",\"GroupId\",\"EveryoneMember\", \"EveryoneExceptExternalsMember\").show(20, truncate = false)\r\n","\r\n","// Explode the \"Members\" array column\r\n","val spGroupMembersExplodedDF = spGroupsDF.withColumn(\"Member\", explode(col(\"Members\"))).drop(\"Members\").select(\"GroupId\", \"SiteId\", \"Member.*\", \"Operation\", \"SnapshotDate\")\r\n",""],"outputs":[],"execution_count":43},{"cell_type":"markdown","metadata":{"nteract":{"transient":{"deleting":false}}},"source":["## Full Pull or Delta?\r\n","\r\n","Do we need to merge the new data with the exising latest.\r\n","\r\n","If we are perofrming a full pull then we do not. If this is a delta pull then we do\r\n","\r\n","We will pull in the previous latest dataset (which will be a complete picture as of the last scan)\r\n","\r\n","```scala\r\n","// Specify the join condition based on the common key(s)\r\n","val joinCondition = Seq(\"commonKeyColumn\")\r\n","\r\n","// Perform a left-join to keep all rows from existingDF and overwrite with values from deltaDF where commonKeyColumn matches\r\n","val mergedDF = existingDF.join(deltaDF, joinCondition, \"left_outer\")\r\n","  .select(existingDF.columns.map(colName => coalesce(deltaDF(colName), existingDF(colName)).alias(colName)): _*)\r\n","\r\n","// Now, mergedDF contains the updated values from deltaDF where available, and the original values where not updated.\r\n","\r\n","```\r\n",""]},{"cell_type":"code","metadata":{"jupyter":{"source_hidden":false,"outputs_hidden":false},"nteract":{"transient":{"deleting":false}}},"source":["// This method is used for all datasets\r\n","\r\n","def createFullDF(currentDF: DataFrame, pathToExistingDF: String, joinCondition: Seq[String]): DataFrame = {\r\n","\r\n","    if (fullPull) {\r\n","        println(\"Full pull, no need to merge deltas\")\r\n","\r\n","        return currentDF\r\n","\r\n","    } else {\r\n","        println(\"Delta pull, we must merge\")\r\n","\r\n","        // we need to get this from the achive\r\n","        val existingDF =\r\n","            spark\r\n","            .read\r\n","            .format(\"json\")\r\n","            .option(\"recursiveFileLookup\", \"false\")\r\n","            .load(pathToExistingDF)\r\n","\r\n","        var currentDFRowCount = currentDF.count()\r\n","\r\n","        if (currentDFRowCount <= 0) {\r\n","            println(\"We have performed a delta but there are no deltas!\")\r\n","            println(\"Return existing!\")\r\n","            return existingDF\r\n","        }\r\n","\r\n","        // the delta will be the DF from the current pull\r\n","        val deltaDF = currentDF\r\n","        println(\"In Delta: \" + deltaDF.count())\r\n","\r\n","        // JOin condition will be site Id for sites, CompositeKey for persm\r\n","        // val joinCondition = Seq(joinConditionKeys)\r\n","\r\n","        val existingaNotInDeltaDF = existingDF.join(deltaDF, joinCondition, \"left_anti\")\r\n","        println(\"In Existing Only: \" + existingaNotInDeltaDF.count())\r\n","\r\n","        // we can use union to join the rows that are only in existing with rows from incoming delta. Essentially taking the updates from the delta\r\n","        // If row is only in existing and not delta then there is no update\r\n","        // Using `unionByName` we can use the coloumn names rather than poistions. This helps as our datasets seem to get reordered\r\n","        // We also add `allowMissingColoumns` parameter as true - missing coloumns will be filled with Null.This is also needed as sometime we have missing coloumns int he delta\r\n","\r\n","        val resultDF = existingaNotInDeltaDF.unionByName(deltaDF, true)\r\n","\r\n","        return resultDF\r\n","    }\r\n","}"],"outputs":[],"execution_count":44},{"cell_type":"markdown","metadata":{"nteract":{"transient":{"deleting":false}}},"source":["## Merge with Deltas?\r\n","\r\n","We need to drop any delete operations. Or they can be kept to see number of items deleted. Could be useful?\r\n","\r\n","Our join coniditons have been obtained from [Jose's blog](https://barreto.home.blog/2023/01/27/sharepoint-on-mgdc-faq-how-can-i-use-delta-state-datasets/) - SharePoint Product Manager"]},{"cell_type":"code","metadata":{"jupyter":{"source_hidden":false,"outputs_hidden":false},"nteract":{"transient":{"deleting":false}}},"source":["val sitesJoinConidtion = Seq(\"Id\")\r\n","val fullSitesDF: DataFrame = createFullDF(sitesDFODPV, latestSitesArchive, sitesJoinConidtion)\r\n","\r\n","val fullSitesCount = fullSitesDF.count()\r\n","println(s\"The number of sites: $fullSitesCount\")\r\n","println(\"Null Count: \" + fullSitesDF.select(\"Url\").filter(\"Url IS NULL\").count())\r\n","\r\n","val permsJoinConidtion = Seq(\"CompositeKey\")\r\n","val fullPermsDF: DataFrame = createFullDF(permissionsDFCK, latestPermsArchive, permsJoinConidtion)\r\n","\r\n","val fullPermsCount = fullPermsDF.count()\r\n","println(s\"The number of perms: $fullPermsCount\")\r\n","println(\"Null Count: \" + fullPermsDF.select(\"ItemType\").filter(\"ItemType IS NULL\").count())\r\n","\r\n","val groupsJoinConidtion = Seq(\"SiteId\", \"GroupId\")\r\n","val fullSPGroups: DataFrame = createFullDF(spGroupsDFEveryone, latestSPGroupsArchive, groupsJoinConidtion)\r\n","\r\n","val fullSPGroupsCount = fullSPGroups.count()\r\n","println(s\"The number of groups: $fullSPGroupsCount\")\r\n","println(\"Null Count: \" + fullSPGroups.select(\"DisplayName\").filter(\"DisplayName IS NULL\").count())\r\n","\r\n","// Could do better than this perhaps AadObjectId\r\n","val groupMembersJoinConidtion = Seq(\"SiteId\", \"GroupId\", \"Name\")\r\n","val fullSPGroupMembers: DataFrame = createFullDF(spGroupMembersExplodedDF, latestSPGroupMembersArchive, groupMembersJoinConidtion)\r\n","\r\n","val fullSPGroupMembersCount = fullSPGroupMembers.count()\r\n","println(s\"The number of group members: $fullSPGroupMembersCount\")\r\n","println(\"Null Count: \" + fullSPGroupMembers.select(\"SnapshotDate\").filter(\"SnapshotDate IS NULL\").count())\r\n","\r\n",""],"outputs":[],"execution_count":45},{"cell_type":"markdown","metadata":{"nteract":{"transient":{"deleting":false}}},"source":["## SP Group role def\r\n","\r\n","We want to join the SPGroups dataset with the permissions dataset to get a role def for a group\r\n","\r\n","This allows us to understand what permissions a group and therefore it's members are assigned\r\n","\r\n","We have to do this after the datasets have been merged"]},{"cell_type":"code","metadata":{"jupyter":{"source_hidden":false,"outputs_hidden":false},"nteract":{"transient":{"deleting":false}}},"source":["import org.apache.spark.sql.expressions.UserDefinedFunction\r\n","//Get the role def for each group from the permissions dataset\r\n","\r\n","// Filter permissionsDF to include only rows where ItemType is \"Web\" these are the group permissions\r\n","val filteredPermissionsDF = fullPermsDF.filter(\"ItemType = 'Web'\")\r\n","    .select(\"SiteId\", \"SharedWith\", \"RoleDefinition\")\r\n","\r\n","// fullPermsDF.show(20)\r\n","// filteredPermissionsDF.show()\r\n","\r\n","val filteredPermissionsDFCount = filteredPermissionsDF.count()\r\n","println(s\"The number of group permissions: $filteredPermissionsDFCount\")\r\n","\r\n","val cleanedSPGroups = fullSPGroups.drop(\"RoleDefinition\", \"GroupInSharedWith\")\r\n","println(cleanedSPGroups.columns.mkString(\", \"))\r\n","\r\n","\r\n","// Merge the two DataFrames on 'SiteId'\r\n","val mergedDF = cleanedSPGroups.join(\r\n","  filteredPermissionsDF,\r\n","  cleanedSPGroups(\"SiteId\") === filteredPermissionsDF(\"SiteId\"),\r\n","  \"left_outer\"\r\n",").drop(filteredPermissionsDF(\"SiteId\")) // We need to drop existing role def coloumn)\r\n",".select(\"SiteId\", \"SharedWith\", \"RoleDefinition\", \"DisplayName\", \"GroupId\")\r\n","\r\n","var mergedDFCount = mergedDF.count()\r\n","println(s\"The number of groups: $mergedDFCount\")\r\n","\r\n","\r\n","// Create a column 'GroupInSharedWith' using Spark SQL functions\r\n","val resultDF = mergedDF.withColumn(\r\n","  \"GroupInSharedWith\",\r\n","  expr(\"exists(SharedWith, x -> x.Name = DisplayName)\")\r\n",").select(\"SiteId\", \"DisplayName\", \"GroupInSharedWith\", \"RoleDefinition\", \"GroupId\")\r\n","\r\n","// // Show or use resultDF as needed\r\n","//resultDF.orderBy(\"SiteId\", \"GroupId\").show()\r\n","\r\n","val filteredDF = resultDF.filter(\"GroupInSharedWith = true\")\r\n","\r\n","//filteredDF.show()\r\n","\r\n","var fullSPGroupsCount = cleanedSPGroups.count()\r\n","println(s\"Total groups: $fullSPGroupsCount\")\r\n","\r\n","val fullGroupsWithRoleDef = cleanedSPGroups.join(filteredDF, Seq(\"SiteId\", \"DisplayName\", \"GroupId\"), \"left_outer\")\r\n","                                        .dropDuplicates(Seq(\"SiteId\", \"DisplayName\", \"GroupId\"))\r\n","\r\n","var fullSPGroupsRDCount = fullGroupsWithRoleDef.count()\r\n","println(s\"Total RD groups: $fullSPGroupsRDCount\")\r\n","\r\n",""],"outputs":[],"execution_count":46},{"cell_type":"markdown","metadata":{"nteract":{"transient":{"deleting":false}}},"source":["## Write back to blob storage\r\n","\r\n","We need to write our new dataset back to the blobs - We will drop it in the latest folder. This will make the PowerBI end easier.\r\n","\r\n","We also need to write out blob to archive to retiain. As the latest folder it ovwer written on every new run"]},{"cell_type":"code","metadata":{"jupyter":{"source_hidden":false,"outputs_hidden":false},"nteract":{"transient":{"deleting":false}}},"source":["//val latestSitesEnhanced = adls_path + s\"/sitesenhanced/latest/\"\r\n","fullSitesDF\r\n","    .repartition(1)\r\n","    .write\r\n","    .format(\"json\")\r\n","    .mode(\"overwrite\")\r\n","    .save(latestSPSitesEnhanced)\r\n","\r\n","\r\n","fullPermsDF\r\n","    .repartition(1)\r\n","    .write\r\n","    .format(\"json\")\r\n","    .mode(\"overwrite\")\r\n","    .save(latestSPPermissions)\r\n","\r\n","fullGroupsWithRoleDef\r\n","    .repartition(1)\r\n","    .write\r\n","    .format(\"json\")\r\n","    .mode(\"overwrite\")\r\n","    .save(latestSPGroups)\r\n","\r\n","fullSPGroupMembers\r\n","    .repartition(1)\r\n","    .write\r\n","    .format(\"json\")\r\n","    .mode(\"overwrite\")\r\n","    .save(latestSPGroupMembers)\r\n","\r\n","\r\n","if (retainForHistoricTrending) {\r\n","    fullSitesDF\r\n","        .repartition(1)\r\n","        .write\r\n","        .format(\"json\")\r\n","        .mode(\"overwrite\")\r\n","        .save(sitesArchive)\r\n","\r\n","    fullPermsDF\r\n","        .repartition(1)\r\n","        .write\r\n","        .format(\"json\")\r\n","        .mode(\"overwrite\")\r\n","        .save(permsArchive)\r\n","\r\n","    fullGroupsWithRoleDef\r\n","        .repartition(1)\r\n","        .write\r\n","        .format(\"json\")\r\n","        .mode(\"overwrite\")\r\n","        .save(spgroupsArchive)\r\n","\r\n","    fullSPGroupMembers\r\n","        .repartition(1)\r\n","        .write\r\n","        .format(\"json\")\r\n","        .mode(\"overwrite\")\r\n","        .save(spgroupMembersArchive)\r\n","}"],"outputs":[],"execution_count":47},{"cell_type":"markdown","metadata":{"nteract":{"transient":{"deleting":false}}},"source":["# Post activities\r\n","\r\n","Now that we have got new / updated data in our latest folder in the storage account. We need to move it to the archive so that it can be use in the next run.\r\n","\r\n","We need to now read in the latest and save to the archive latest (to overwrite the old latest)\r\n","\r\n","We could move this to the pipeline, using copy data tools"]},{"cell_type":"code","metadata":{"jupyter":{"source_hidden":false,"outputs_hidden":false},"nteract":{"transient":{"deleting":false}}},"source":["val permissionsLatestDF = \r\n","    spark\r\n","      .read\r\n","      .format(\"json\")\r\n","      .option(\"recursiveFileLookup\", \"false\")\r\n","      .load(latestSPPermissions)\r\n","\r\n","val sitesLatestDF = \r\n","    spark\r\n","      .read\r\n","      .format(\"json\")\r\n","      .option(\"recursiveFileLookup\", \"false\")\r\n","      .load(latestSPSitesEnhanced)\r\n","\r\n","val spGroupsLatestDF =\r\n","   spark\r\n","     .read\r\n","        .format(\"json\")\r\n","        .option(\"recursiveFileLookup\", \"false\")\r\n","        .load(latestSPGroups)\r\n","\r\n","val spGroupMembersLatestDF =\r\n","   spark\r\n","     .read\r\n","        .format(\"json\")\r\n","        .option(\"recursiveFileLookup\", \"false\")\r\n","        .load(latestSPGroupMembers)\r\n","\r\n","val latestSitesCount = sitesLatestDF.count()\r\n","println(s\"The number of sites: $latestSitesCount\")\r\n","\r\n","val latestPermissionsCount = permissionsLatestDF.count()\r\n","println(s\"The number of permissions objects: $latestPermissionsCount\")\r\n","\r\n","val latestSPGroupsCount = spGroupsLatestDF.count()\r\n","println(s\"The number of spgroup objects: $latestSPGroupsCount\")\r\n","\r\n","val latestSPGroupMembersCount = spGroupMembersLatestDF.count()\r\n","println(s\"The number of spgroup member objects: $latestSPGroupMembersCount\")\r\n","\r\n","sitesLatestDF\r\n","        .repartition(1)\r\n","        .write\r\n","        .format(\"json\")\r\n","        .mode(\"overwrite\")\r\n","        .save(latestSitesArchive)\r\n","\r\n","permissionsLatestDF\r\n","        .repartition(1)\r\n","        .write\r\n","        .format(\"json\")\r\n","        .mode(\"overwrite\")\r\n","        .save(latestPermsArchive)\r\n","\r\n","spGroupsLatestDF\r\n","        .repartition(1)\r\n","        .write\r\n","        .format(\"json\")\r\n","        .mode(\"overwrite\")\r\n","        .save(latestSPGroupsArchive)\r\n","\r\n","spGroupMembersLatestDF\r\n","        .repartition(1)\r\n","        .write\r\n","        .format(\"json\")\r\n","        .mode(\"overwrite\")\r\n","        .save(latestSPGroupMembersArchive)\r\n","\r\n","\r\n",""],"outputs":[],"execution_count":48}]},"dependsOn":[]},{"name":"[concat(parameters('workspaceName'), '/Sites_Perms_Groups_SPOGroups')]","type":"Microsoft.Synapse/workspaces/datasets","apiVersion":"2019-06-01-preview","properties":{"linkedServiceName":{"referenceName":"[parameters('Microsoft365First')]","type":"LinkedServiceReference"},"annotations":[],"type":"Office365Table","schema":[],"typeProperties":{"tableName":"BasicDataSet_v0.SharePointGroups_v1"}},"dependsOn":[]},{"name":"[concat(parameters('workspaceName'), '/Site_Perms_Groups_GroupsTarget')]","type":"Microsoft.Synapse/workspaces/datasets","apiVersion":"2019-06-01-preview","properties":{"linkedServiceName":{"referenceName":"[parameters('ServicePrincipalCon')]","type":"LinkedServiceReference"},"parameters":{"StartTime":{"type":"string"},"EndTime":{"type":"string"},"RunId":{"type":"string"},"StorageContainerName":{"type":"string"}},"annotations":[],"type":"Binary","typeProperties":{"location":{"type":"AzureBlobFSLocation","folderPath":{"value":"@concat('raw/spgroups/',formatDateTime(dataset().EndTime, 'yyyy'),'/', formatDateTime(dataset().EndTime, 'MM'),'/',formatDateTime(dataset().EndTime, 'dd'),'/',dataset().RunId)","type":"Expression"},"fileSystem":{"value":"@dataset().StorageContainerName","type":"Expression"}}}},"dependsOn":[]}]}