{"$schema":"http://schema.management.azure.com/schemas/2015-01-01/deploymentTemplate.json#","contentVersion":"1.0.0.0","parameters":{"workspaceName":{"type":"string","metadata":"Workspace name","defaultValue":"synpase-mgdc-ag"},"AzureDataLakeStorage":{"type":"string"}},"variables":{"workspaceId":"[concat('Microsoft.Synapse/workspaces/', parameters('workspaceName'))]"},"resources":[{"name":"[concat(parameters('workspaceName'), '/ExpandGroupMembersOnly')]","type":"Microsoft.Synapse/workspaces/pipelines","apiVersion":"2019-06-01-preview","properties":{"activities":[{"name":"ExpandGroupMembers","type":"ExecuteDataFlow","dependsOn":[],"policy":{"timeout":"0.12:00:00","retry":0,"retryIntervalInSeconds":30,"secureOutput":false,"secureInput":false},"userProperties":[],"typeProperties":{"dataflow":{"referenceName":"SplitoutSPOMembers","type":"DataFlowReference","parameters":{},"datasetParameters":{"LatestSPOGroups":{"StorageContainerName":{"value":"@pipeline().parameters.StorageContainerName","type":"Expression"}},"LatestSPOGroupsForExplode":{"StorageContainerName":{"value":"@pipeline().parameters.StorageContainerName","type":"Expression"}},"SPOGroupDetails":{"StorageContainerName":{"value":"@pipeline().parameters.StorageContainerName","type":"Expression"}},"SPOGroupMembers":{"StorageContainerName":{"value":"@pipeline().parameters.StorageContainerName","type":"Expression"}}}},"staging":{},"compute":{"coreCount":8,"computeType":"General"},"traceLevel":"Fine"}}],"policy":{"elapsedTimeMetric":{}},"parameters":{"StartTime":{"type":"string","defaultValue":"2024-11-20T00:00:00Z"},"EndTime":{"type":"string","defaultValue":"2024-11-30T00:00:00Z"},"StorageAccountName":{"type":"string","defaultValue":"mgdcag4"},"StorageContainerName":{"type":"string","defaultValue":"spodata"}},"annotations":[],"lastPublishTime":"2024-12-02T21:21:49Z"},"dependsOn":["[concat(variables('workspaceId'), '/dataflows/SplitoutSPOMembers')]"]},{"name":"[concat(parameters('workspaceName'), '/SplitoutSPOMembers')]","type":"Microsoft.Synapse/workspaces/dataflows","apiVersion":"2019-06-01-preview","properties":{"type":"MappingDataFlow","typeProperties":{"sources":[{"dataset":{"referenceName":"LatestSPOGroups1","type":"DatasetReference"},"name":"LatestSPOGroups"},{"dataset":{"referenceName":"LatestSPOGroups1","type":"DatasetReference"},"name":"LatestSPOGroupsForExplode"}],"sinks":[{"dataset":{"referenceName":"LatestSPOGroupDetails","type":"DatasetReference"},"name":"SPOGroupDetails"},{"dataset":{"referenceName":"LatestSPOGroupMembers","type":"DatasetReference"},"name":"SPOGroupMembers"}],"transformations":[{"name":"GroupEEEUExpanded"},{"name":"GroupEveryoneExpanded"},{"name":"ExpandMembers"},{"name":"AddGroupCompositeKey"},{"name":"DropMembers"},{"name":"AddCompositeKey"},{"name":"RemoveGroupsWithNoMembers"}],"scriptLines":["source(output(","          ptenant as string,","          SiteId as string,","          GroupId as integer,","          GroupLinkId as string,","          GroupType as string,","          DisplayName as string,","          Owner as (Type as string, AadObjectId as string, Name as string, Email as string, TypeV2 as string),","          Members as (Type as string, AadObjectId as string, Name as string, Email as string, TypeV2 as string)[],","          Operation as string,","          SnapshotDate as string","     ),","     allowSchemaDrift: true,","     validateSchema: false,","     ignoreNoFilesFound: false,","     documentForm: 'documentPerLine') ~> LatestSPOGroups","source(output(","          ptenant as string,","          SiteId as string,","          GroupId as integer,","          GroupLinkId as string,","          GroupType as string,","          DisplayName as string,","          Owner as (Type as string, AadObjectId as string, Name as string, Email as string, TypeV2 as string),","          Members as (Type as string, AadObjectId as string, Name as string, Email as string, TypeV2 as string)[],","          Operation as string,","          SnapshotDate as string","     ),","     allowSchemaDrift: true,","     validateSchema: false,","     ignoreNoFilesFound: false,","     documentForm: 'documentPerLine') ~> LatestSPOGroupsForExplode","LatestSPOGroups derive(EveryoneExceptExternalsMember = contains(Members, #item.Name == 'Everyone except external users')) ~> GroupEEEUExpanded","GroupEEEUExpanded derive(EveryoneMember = contains(Members, #item.Name == 'Everyone')) ~> GroupEveryoneExpanded","RemoveGroupsWithNoMembers foldDown(unroll(Members),","     mapColumn(","          Type = Members.Type,","          AadObjectId = Members.AadObjectId,","          Name = Members.Name,","          Email = Members.Email,","          TypeV2 = Members.TypeV2,","          ptenant,","          SiteId,","          GroupId,","          Operation,","          SnapshotDate,","          DisplayName","     ),","     skipDuplicateMapInputs: false,","     skipDuplicateMapOutputs: false) ~> ExpandMembers","ExpandMembers derive(GroupCompositeKey = concat(SiteId, '-', toString(GroupId))) ~> AddGroupCompositeKey","GroupEveryoneExpanded select(mapColumn(","          ptenant,","          SiteId,","          GroupId,","          GroupLinkId,","          GroupType,","          DisplayName,","          Owner,","          Operation,","          SnapshotDate,","          EveryoneExceptExternalsMember,","          EveryoneMember","     ),","     skipDuplicateMapInputs: true,","     skipDuplicateMapOutputs: true) ~> DropMembers","DropMembers derive(CompositeKey = concat(SiteId, '-', toString(GroupId))) ~> AddCompositeKey","LatestSPOGroupsForExplode filter(size(Members) != 0) ~> RemoveGroupsWithNoMembers","AddCompositeKey sink(allowSchemaDrift: true,","     validateSchema: false,","     input(","          ptenant as string,","          SiteId as string,","          GroupId as integer,","          GroupLinkId as string,","          GroupType as string,","          DisplayName as string,","          Owner as (Type as string, AadObjectId as string, Name as string, Email as string, TypeV2 as string),","          Operation as string,","          SnapshotDate as string,","          EveryoneExceptExternalsMember as boolean,","          EveryoneMember as boolean,","          CompositeKey as string","     ),","     truncate: true,","     umask: 0022,","     preCommands: [],","     postCommands: ['rm  /latest/spogroupdetails/_SUCCESS'],","     skipDuplicateMapInputs: true,","     skipDuplicateMapOutputs: true) ~> SPOGroupDetails","AddGroupCompositeKey sink(allowSchemaDrift: true,","     validateSchema: false,","     truncate: true,","     umask: 0022,","     preCommands: [],","     postCommands: ['rm /latest/spogroupmembers/_SUCCESS'],","     skipDuplicateMapInputs: true,","     skipDuplicateMapOutputs: true) ~> SPOGroupMembers"]}},"dependsOn":["[concat(variables('workspaceId'), '/datasets/LatestSPOGroups1')]","[concat(variables('workspaceId'), '/datasets/LatestSPOGroupDetails')]","[concat(variables('workspaceId'), '/datasets/LatestSPOGroupMembers')]"]},{"name":"[concat(parameters('workspaceName'), '/LatestSPOGroups1')]","type":"Microsoft.Synapse/workspaces/datasets","apiVersion":"2019-06-01-preview","properties":{"linkedServiceName":{"referenceName":"[parameters('AzureDataLakeStorage')]","type":"LinkedServiceReference"},"parameters":{"StorageContainerName":{"type":"string"}},"annotations":[],"type":"Json","typeProperties":{"location":{"type":"AzureBlobFSLocation","folderPath":{"value":"@concat('latest/spogroups')","type":"Expression"},"fileSystem":{"value":"@dataset().StorageContainerName","type":"Expression"}}},"schema":{"type":"object","properties":{"ptenant":{"type":"string"},"SiteId":{"type":"string"},"GroupId":{"type":"integer"},"GroupLinkId":{"type":"string"},"GroupType":{"type":"string"},"DisplayName":{"type":"string"},"Owner":{"type":"object","properties":{"Type":{"type":"string"},"AadObjectId":{"type":"string"},"Name":{"type":"string"},"Email":{"type":"string"},"TypeV2":{"type":"string"}}},"Members":{"type":"array","items":{"type":"object","properties":{"Type":{"type":"string"},"AadObjectId":{"type":"string"},"Name":{"type":"string"},"Email":{"type":"string"},"TypeV2":{"type":"string"}}}},"Operation":{"type":"string"},"SnapshotDate":{"type":"string"}}}},"dependsOn":[]},{"name":"[concat(parameters('workspaceName'), '/LatestSPOGroupDetails')]","type":"Microsoft.Synapse/workspaces/datasets","apiVersion":"2019-06-01-preview","properties":{"linkedServiceName":{"referenceName":"[parameters('AzureDataLakeStorage')]","type":"LinkedServiceReference"},"parameters":{"StorageContainerName":{"type":"string"}},"annotations":[],"type":"Json","typeProperties":{"location":{"type":"AzureBlobFSLocation","folderPath":{"value":"@concat('latest/spogroupdetails')","type":"Expression"},"fileSystem":{"value":"@dataset().StorageContainerName","type":"Expression"}}},"schema":{"type":"object","properties":{"ptenant":{"type":"string"},"SiteId":{"type":"string"},"GroupId":{"type":"integer"},"GroupLinkId":{"type":"string"},"GroupType":{"type":"string"},"DisplayName":{"type":"string"},"Owner":{"type":"object","properties":{"Type":{"type":"string"},"AadObjectId":{"type":"string"},"Name":{"type":"string"},"Email":{"type":"string"},"TypeV2":{"type":"string"}}},"Operation":{"type":"string"},"SnapshotDate":{"type":"string"},"EveryoneExceptExternalsMember":{"type":"boolean"},"EveryoneMember":{"type":"boolean"},"CompositeKey":{"type":"string"}}}},"dependsOn":[]},{"name":"[concat(parameters('workspaceName'), '/LatestSPOGroupMembers')]","type":"Microsoft.Synapse/workspaces/datasets","apiVersion":"2019-06-01-preview","properties":{"linkedServiceName":{"referenceName":"[parameters('AzureDataLakeStorage')]","type":"LinkedServiceReference"},"parameters":{"StorageContainerName":{"type":"string"}},"annotations":[],"type":"Json","typeProperties":{"location":{"type":"AzureBlobFSLocation","folderPath":{"value":"@concat('latest/spogroupmembers')","type":"Expression"},"fileSystem":{"value":"@dataset().StorageContainerName","type":"Expression"}}},"schema":{}},"dependsOn":[]}]}