{"$schema":"http://schema.management.azure.com/schemas/2015-01-01/deploymentTemplate.json#","contentVersion":"1.0.0.0","parameters":{"workspaceName":{"type":"string","metadata":"Workspace name","defaultValue":"mgdc-synapse-ag"},"Microsoft365":{"type":"string"},"AzureDataLakeStorage":{"type":"string"}},"variables":{"workspaceId":"[concat('Microsoft.Synapse/workspaces/', parameters('workspaceName'))]"},"resources":[{"name":"[concat(parameters('workspaceName'), '/StorageExploration_LowCode')]","type":"Microsoft.Synapse/workspaces/pipelines","apiVersion":"2019-06-01-preview","properties":{"activities":[{"name":"MGDCSites","type":"Copy","dependsOn":[],"policy":{"timeout":"0.12:00:00","retry":0,"retryIntervalInSeconds":30,"secureOutput":false,"secureInput":false},"userProperties":[],"typeProperties":{"source":{"type":"Office365Source","dateFilterColumn":"SnapshotDate","startTime":{"value":"@pipeline().parameters.StartTime","type":"Expression"},"endTime":{"value":"@pipeline().parameters.EndTime","type":"Expression"},"outputColumns":[{"name":"ptenant"},{"name":"Id"},{"name":"Url"},{"name":"ArchiveState"},{"name":"RootWeb"},{"name":"WebCount"},{"name":"StorageQuota"},{"name":"StorageUsed"},{"name":"StorageMetrics"},{"name":"GroupId"},{"name":"GeoLocation"},{"name":"IsInRecycleBin"},{"name":"RecycleBinItemCount"},{"name":"RecycleBinItemSize"},{"name":"SecondStageRecycleBinStorageUsage"},{"name":"IsTeamsConnectedSite"},{"name":"IsTeamsChannelSite"},{"name":"TeamsChannelType"},{"name":"IsCommunicationSite"},{"name":"IsHubSite"},{"name":"HubSiteId"},{"name":"IsOneDrive"},{"name":"BlockAccessFromUnmanagedDevices"},{"name":"BlockDownloadOfAllFilesOnUnmanagedDevices"},{"name":"BlockDownloadOfViewableFilesOnUnmanagedDevices"},{"name":"IsExternalSharingEnabled"},{"name":"Privacy"},{"name":"ShareByEmailEnabled"},{"name":"ShareByLinkEnabled"},{"name":"SiteConnectedToPrivateGroup"},{"name":"SensitivityLabelInfo"},{"name":"Classification"},{"name":"IBMode"},{"name":"IBSegments"},{"name":"RelatedGroupId"},{"name":"Owner"},{"name":"SecondaryContact"},{"name":"ReadLocked"},{"name":"ReadOnly"},{"name":"CreatedTime"},{"name":"LastSecurityModifiedDate"},{"name":"Operation"},{"name":"LastUserAccessDate"},{"name":"SnapshotDate"}]},"sink":{"type":"BinarySink","storeSettings":{"type":"AzureBlobFSWriteSettings"}},"enableStaging":false},"inputs":[{"referenceName":"Storage_Sites","type":"DatasetReference","parameters":{}}],"outputs":[{"referenceName":"Sites_Storage_Target","type":"DatasetReference","parameters":{"StartTime":{"value":"@pipeline().parameters.StartTime","type":"Expression"},"EndTime":{"value":"@pipeline().parameters.EndTime","type":"Expression"},"StorageContainerName":{"value":"@pipeline().parameters.StorageContainerName","type":"Expression"},"RunId":{"value":"@pipeline().RunId","type":"Expression"}}}]},{"name":"MGDCFiles","type":"Copy","dependsOn":[],"policy":{"timeout":"0.12:00:00","retry":0,"retryIntervalInSeconds":30,"secureOutput":false,"secureInput":false},"userProperties":[],"typeProperties":{"source":{"type":"Office365Source"},"sink":{"type":"BinarySink","storeSettings":{"type":"AzureBlobFSWriteSettings"}},"enableStaging":false},"inputs":[{"referenceName":"Storage_Files_Source","type":"DatasetReference","parameters":{"StartTime":{"value":"@pipeline().parameters.StartTime","type":"Expression"},"EndTime":{"value":"@pipeline().parameters.EndTime","type":"Expression"}}}],"outputs":[{"referenceName":"Storage_Files_Target1","type":"DatasetReference","parameters":{"EndTime":{"value":"@pipeline().parameters.EndTime","type":"Expression"},"RunId":{"value":"@pipeline().RunId","type":"Expression"},"StorageContainerName":{"value":"@pipeline().parameters.StorageContainerName","type":"Expression"}}}]},{"name":"IsFullPull","type":"IfCondition","dependsOn":[{"activity":"MGDCSites","dependencyConditions":["Succeeded"]},{"activity":"MGDCFiles","dependencyConditions":["Succeeded"]}],"userProperties":[],"typeProperties":{"expression":{"value":"@equals(pipeline().parameters.StartTime, pipeline().parameters.EndTime)","type":"Expression"},"ifFalseActivities":[{"name":"MergeDeltasSites_","type":"ExecuteDataFlow","dependsOn":[{"activity":"CopyLatestSitesTemp","dependencyConditions":["Succeeded"]}],"policy":{"timeout":"0.12:00:00","retry":0,"retryIntervalInSeconds":30,"secureOutput":false,"secureInput":false},"userProperties":[],"typeProperties":{"dataflow":{"referenceName":"Dataflow1","type":"DataFlowReference","parameters":{},"datasetParameters":{"IncomingSites":{"EndTime":{"value":"@pipeline().parameters.EndTime","type":"Expression"},"StorageContainerName":{"value":"@pipeline().parameters.StorageContainerName","type":"Expression"},"RunId":{"value":"@pipeline().RunId","type":"Expression"}},"LatestSitesTemp":{"StorageContainerName":{"value":"@pipeline().parameters.StorageContainerName","type":"Expression"}},"FullSites":{"StorageContainerName":{"value":"@pipeline().parameters.StorageContainerName","type":"Expression"}},"DeletedSitesSink":{"StorageContainerName":{"value":"@pipeline().parameters.StorageContainerName","type":"Expression"}}}},"staging":{},"compute":{"coreCount":8,"computeType":"General"},"traceLevel":"Fine"}},{"name":"CopyLatestSitesTemp","type":"Copy","dependsOn":[{"activity":"ClearTempSites","dependencyConditions":["Succeeded"]}],"policy":{"timeout":"0.12:00:00","retry":0,"retryIntervalInSeconds":30,"secureOutput":false,"secureInput":false},"userProperties":[],"typeProperties":{"source":{"type":"JsonSource","storeSettings":{"type":"AzureBlobFSReadSettings","recursive":true,"wildcardFileName":"*.json","enablePartitionDiscovery":false},"formatSettings":{"type":"JsonReadSettings"}},"sink":{"type":"JsonSink","storeSettings":{"type":"AzureBlobFSWriteSettings"},"formatSettings":{"type":"JsonWriteSettings"}},"enableStaging":false},"inputs":[{"referenceName":"LatestSites","type":"DatasetReference","parameters":{"StorageContainerName":{"value":"@pipeline().parameters.StorageContainerName","type":"Expression"}}}],"outputs":[{"referenceName":"LatestSitesTemp","type":"DatasetReference","parameters":{"StorageContainerName":{"value":"@pipeline().parameters.StorageContainerName","type":"Expression"}}}]},{"name":"ClearTempSites","type":"Delete","dependsOn":[],"policy":{"timeout":"0.12:00:00","retry":0,"retryIntervalInSeconds":30,"secureOutput":false,"secureInput":false},"userProperties":[],"typeProperties":{"dataset":{"referenceName":"LatestSitesTemp","type":"DatasetReference","parameters":{"StorageContainerName":{"value":"@pipeline().parameters.StorageContainerName","type":"Expression"}}},"enableLogging":false,"storeSettings":{"type":"AzureBlobFSReadSettings","recursive":false,"enablePartitionDiscovery":false}}},{"name":"ClearTempFiles","type":"Delete","dependsOn":[],"policy":{"timeout":"0.12:00:00","retry":0,"retryIntervalInSeconds":30,"secureOutput":false,"secureInput":false},"userProperties":[],"typeProperties":{"dataset":{"referenceName":"LatestFilesTemp","type":"DatasetReference","parameters":{"StorageContainerName":{"value":"@pipeline().parameters.StorageContainerName","type":"Expression"}}},"enableLogging":false,"storeSettings":{"type":"AzureBlobFSReadSettings","recursive":false,"enablePartitionDiscovery":false}}},{"name":"CopyLatestFilesTemp","type":"Copy","dependsOn":[{"activity":"ClearTempFiles","dependencyConditions":["Succeeded"]}],"policy":{"timeout":"0.12:00:00","retry":0,"retryIntervalInSeconds":30,"secureOutput":false,"secureInput":false},"userProperties":[],"typeProperties":{"source":{"type":"JsonSource","storeSettings":{"type":"AzureBlobFSReadSettings","recursive":true,"wildcardFileName":"*.json","enablePartitionDiscovery":false},"formatSettings":{"type":"JsonReadSettings"}},"sink":{"type":"JsonSink","storeSettings":{"type":"AzureBlobFSWriteSettings"},"formatSettings":{"type":"JsonWriteSettings"}},"enableStaging":false},"inputs":[{"referenceName":"LatestFiles","type":"DatasetReference","parameters":{"StorageContainerName":{"value":"@pipeline().parameters.StorageContainerName","type":"Expression"}}}],"outputs":[{"referenceName":"LatestFilesTemp","type":"DatasetReference","parameters":{"StorageContainerName":{"value":"@pipeline().parameters.StorageContainerName","type":"Expression"}}}]},{"name":"MergeDeltasFiles_","type":"ExecuteDataFlow","dependsOn":[{"activity":"CopyLatestFilesTemp","dependencyConditions":["Succeeded"]}],"policy":{"timeout":"0.12:00:00","retry":0,"retryIntervalInSeconds":30,"secureOutput":false,"secureInput":false},"userProperties":[],"typeProperties":{"dataflow":{"referenceName":"FileMergeDataFlow","type":"DataFlowReference","parameters":{},"datasetParameters":{"IncomingFiles":{"EndTime":{"value":"@pipeline().parameters.EndTime","type":"Expression"},"StorageContainerName":{"value":"@pipeline().parameters.StorageContainerName","type":"Expression"},"RunId":{"value":"@pipeline().RunId","type":"Expression"}},"LatestFilesTemp":{"StorageContainerName":{"value":"@pipeline().parameters.StorageContainerName","type":"Expression"}},"FullFiles":{"StorageContainerName":{"value":"@pipeline().parameters.StorageContainerName","type":"Expression"}},"DeletedFilesSink":{"StorageContainerName":{"value":"@pipeline().parameters.StorageContainerName","type":"Expression"}}}},"staging":{},"compute":{"coreCount":8,"computeType":"General"},"traceLevel":"Fine"}}],"ifTrueActivities":[{"name":"MoveSitesToLatest","type":"Copy","dependsOn":[{"activity":"DeleteLatestSites","dependencyConditions":["Succeeded"]}],"policy":{"timeout":"0.12:00:00","retry":0,"retryIntervalInSeconds":30,"secureOutput":false,"secureInput":false},"userProperties":[],"typeProperties":{"source":{"type":"BinarySource","storeSettings":{"type":"AzureBlobFSReadSettings","recursive":false,"deleteFilesAfterCompletion":false},"formatSettings":{"type":"BinaryReadSettings"}},"sink":{"type":"BinarySink","storeSettings":{"type":"AzureBlobFSWriteSettings"}},"enableStaging":false},"inputs":[{"referenceName":"Sites_Storage_Target","type":"DatasetReference","parameters":{"StartTime":{"value":"@pipeline().parameters.StartTime","type":"Expression"},"EndTime":{"value":"@pipeline().parameters.EndTime","type":"Expression"},"StorageContainerName":{"value":"@pipeline().parameters.StorageContainerName","type":"Expression"},"RunId":{"value":"@pipeline().RunId","type":"Expression"}}}],"outputs":[{"referenceName":"LatestSitesBinary","type":"DatasetReference","parameters":{"StorageContainerName":{"value":"@pipeline().parameters.StorageContainerName","type":"Expression"}}}]},{"name":"DeleteLatestSites","type":"Delete","dependsOn":[],"policy":{"timeout":"0.12:00:00","retry":0,"retryIntervalInSeconds":30,"secureOutput":false,"secureInput":false},"userProperties":[],"typeProperties":{"dataset":{"referenceName":"LatestSitesBinary","type":"DatasetReference","parameters":{"StorageContainerName":{"value":"@pipeline().parameters.StorageContainerName","type":"Expression"}}},"enableLogging":false,"storeSettings":{"type":"AzureBlobFSReadSettings","recursive":true,"enablePartitionDiscovery":false}}},{"name":"CopyLatestSitesTempFull","type":"Copy","dependsOn":[{"activity":"MoveSitesToLatest","dependencyConditions":["Succeeded"]}],"policy":{"timeout":"0.12:00:00","retry":0,"retryIntervalInSeconds":30,"secureOutput":false,"secureInput":false},"userProperties":[],"typeProperties":{"source":{"type":"JsonSource","storeSettings":{"type":"AzureBlobFSReadSettings","recursive":true,"wildcardFileName":"*.json","enablePartitionDiscovery":false},"formatSettings":{"type":"JsonReadSettings"}},"sink":{"type":"JsonSink","storeSettings":{"type":"AzureBlobFSWriteSettings"},"formatSettings":{"type":"JsonWriteSettings"}},"enableStaging":false},"inputs":[{"referenceName":"LatestSites","type":"DatasetReference","parameters":{"StorageContainerName":{"value":"@pipeline().parameters.StorageContainerName","type":"Expression"}}}],"outputs":[{"referenceName":"LatestSitesTemp","type":"DatasetReference","parameters":{"StorageContainerName":{"value":"@pipeline().parameters.StorageContainerName","type":"Expression"}}}]},{"name":"MoveFilesToLatest","type":"Copy","dependsOn":[{"activity":"DeleteLatestFiles","dependencyConditions":["Succeeded"]}],"policy":{"timeout":"0.12:00:00","retry":0,"retryIntervalInSeconds":30,"secureOutput":false,"secureInput":false},"userProperties":[],"typeProperties":{"source":{"type":"BinarySource","storeSettings":{"type":"AzureBlobFSReadSettings","recursive":false,"deleteFilesAfterCompletion":false},"formatSettings":{"type":"BinaryReadSettings"}},"sink":{"type":"BinarySink","storeSettings":{"type":"AzureBlobFSWriteSettings"}},"enableStaging":false},"inputs":[{"referenceName":"Storage_Files_Target","type":"DatasetReference","parameters":{"EndTime":{"value":"@pipeline().parameters.EndTime","type":"Expression"},"RunId":{"value":"@pipeline().RunId","type":"Expression"},"StorageContainerName":{"value":"@pipeline().parameters.StorageContainerName","type":"Expression"}}}],"outputs":[{"referenceName":"LatestFilesBinary","type":"DatasetReference","parameters":{"StorageContainerName":{"value":"@pipeline().parameters.StorageContainerName","type":"Expression"}}}]},{"name":"CopyLatestFilesTempFull","type":"Copy","dependsOn":[{"activity":"MoveFilesToLatest","dependencyConditions":["Succeeded"]}],"policy":{"timeout":"0.12:00:00","retry":0,"retryIntervalInSeconds":30,"secureOutput":false,"secureInput":false},"userProperties":[],"typeProperties":{"source":{"type":"JsonSource","storeSettings":{"type":"AzureBlobFSReadSettings","recursive":true,"wildcardFileName":"*.json","enablePartitionDiscovery":false},"formatSettings":{"type":"JsonReadSettings"}},"sink":{"type":"JsonSink","storeSettings":{"type":"AzureBlobFSWriteSettings"},"formatSettings":{"type":"JsonWriteSettings"}},"enableStaging":false},"inputs":[{"referenceName":"LatestFiles","type":"DatasetReference","parameters":{"StorageContainerName":{"value":"@pipeline().parameters.StorageContainerName","type":"Expression"}}}],"outputs":[{"referenceName":"LatestFilesTemp","type":"DatasetReference","parameters":{"StorageContainerName":{"value":"@pipeline().parameters.StorageContainerName","type":"Expression"}}}]},{"name":"DeleteLatestFiles","type":"Delete","dependsOn":[],"policy":{"timeout":"0.12:00:00","retry":0,"retryIntervalInSeconds":30,"secureOutput":false,"secureInput":false},"userProperties":[],"typeProperties":{"dataset":{"referenceName":"LatestFilesBinary","type":"DatasetReference","parameters":{"StorageContainerName":{"value":"@pipeline().parameters.StorageContainerName","type":"Expression"}}},"enableLogging":false,"storeSettings":{"type":"AzureBlobFSReadSettings","recursive":true,"enablePartitionDiscovery":false}}}]}}],"policy":{"elapsedTimeMetric":{}},"parameters":{"StartTime":{"type":"string","defaultValue":"2024-09-30T00:00:00Z"},"EndTime":{"type":"string","defaultValue":"2024-09-30T00:00:00Z"},"StorageAccountName":{"type":"string","defaultValue":"mgdcag3"},"StorageContainerName":{"type":"string","defaultValue":"storage-explore-lowcode"}},"annotations":[],"lastPublishTime":"2024-10-03T08:54:48Z"},"dependsOn":["[concat(variables('workspaceId'), '/datasets/Storage_Sites')]","[concat(variables('workspaceId'), '/datasets/Sites_Storage_Target')]","[concat(variables('workspaceId'), '/datasets/Storage_Files_Source')]","[concat(variables('workspaceId'), '/datasets/Storage_Files_Target1')]","[concat(variables('workspaceId'), '/dataflows/Dataflow1')]","[concat(variables('workspaceId'), '/datasets/LatestSites')]","[concat(variables('workspaceId'), '/datasets/LatestSitesTemp')]","[concat(variables('workspaceId'), '/datasets/LatestFilesTemp')]","[concat(variables('workspaceId'), '/datasets/LatestFiles')]","[concat(variables('workspaceId'), '/dataflows/FileMergeDataFlow')]","[concat(variables('workspaceId'), '/datasets/LatestSitesBinary')]","[concat(variables('workspaceId'), '/datasets/Storage_Files_Target')]","[concat(variables('workspaceId'), '/datasets/LatestFilesBinary')]"]},{"name":"[concat(parameters('workspaceName'), '/Storage_Sites')]","type":"Microsoft.Synapse/workspaces/datasets","apiVersion":"2019-06-01-preview","properties":{"linkedServiceName":{"referenceName":"[parameters('Microsoft365')]","type":"LinkedServiceReference"},"annotations":[],"type":"Office365Table","schema":[],"typeProperties":{"tableName":"BasicDataSet_v0.SharePointSites_v1"}},"dependsOn":[]},{"name":"[concat(parameters('workspaceName'), '/Sites_Storage_Target')]","type":"Microsoft.Synapse/workspaces/datasets","apiVersion":"2019-06-01-preview","properties":{"linkedServiceName":{"referenceName":"[parameters('AzureDataLakeStorage')]","type":"LinkedServiceReference"},"parameters":{"StartTime":{"type":"string"},"EndTime":{"type":"string"},"StorageContainerName":{"type":"string"},"RunId":{"type":"string"}},"annotations":[],"type":"Binary","typeProperties":{"location":{"type":"AzureBlobFSLocation","folderPath":{"value":"@concat('raw/sites/',formatDateTime(dataset().EndTime, 'yyyy'),'/', formatDateTime(dataset().EndTime, 'MM'),'/',formatDateTime(dataset().EndTime, 'dd'),'/',dataset().RunId)","type":"Expression"},"fileSystem":{"value":"@dataset().StorageContainerName","type":"Expression"}}}},"dependsOn":[]},{"name":"[concat(parameters('workspaceName'), '/Storage_Files_Source')]","type":"Microsoft.Synapse/workspaces/datasets","apiVersion":"2019-06-01-preview","properties":{"linkedServiceName":{"referenceName":"[parameters('Microsoft365')]","type":"LinkedServiceReference"},"parameters":{"StartTime":{"type":"string","defaultValue":"2024-01-01T00:00:00Z"},"EndTime":{"type":"string","defaultValue":"2024-01-01T00:00:00Z"}},"annotations":[],"type":"Office365Table","structure":[{"name":"ptenant","type":"string","description":"Id of the tenant"},{"name":"SiteId","type":"string","description":"The id of the Site containing this file"},{"name":"Author","type":"string","description":"The author of the file."},{"name":"Dirname","type":"string","description":"Folder path of the document"},{"name":"Extension","type":"string","description":"The file extension, not including the leading period"},{"name":"Filename","type":"string","description":"The name of the file, including the extension"},{"name":"IsLabelEncrypted","type":"boolean","description":"True if the file has a sensitivity label with encryption enabled"},{"name":"ItemId","type":"string","description":"The id of the item. Combine with SiteId to get a globally unique id."},{"name":"ListId","type":"string","description":"The id of the List containing this file"},{"name":"ListServerTemplate","type":"string","description":"The name of the server template used for the List containing this file"},{"name":"MajorVersion","type":"int32","description":"The major version number of the file"},{"name":"MinorVersion","type":"int32","description":"The minor version number of the file"},{"name":"ModifiedBy","type":"datetime","description":"The last person to modify the file."},{"name":"Operation","type":"string","description":"Extraction mode of this row. Gives info about row extracted with full mode ('Full') or delta mode ('Created', 'Updated' or 'Deleted')"},{"name":"ScopeId","type":"string","description":"The id of the security scope controlling permissions for the file"},{"name":"SensitivityLabelInfo","type":"string","description":"Sensitivity Label for the site. Format: STRUCT<`Displayname`:STRING, `Id`:STRING>"},{"name":"SiteUrl","type":"string","description":"The URL of the site containing this file"},{"name":"SizeInBytes","type":"int64","description":"The size in bytes of the current version of the file"},{"name":"SizeInBytesWithVersions","type":"int64","description":"The size in bytes of all file versions and metadata"},{"name":"TimeCreated","type":"datetime","description":"The date and time when the file was created, in UTC"},{"name":"TimeLastModified","type":"datetime","description":"The date and time when the file was last modified, in UTC"},{"name":"WebId","type":"string","description":"The id of the Web containing this file"},{"name":"WebTemplateId","type":"int32","description":"The id of the template used for the Web containing this file"},{"name":"SnapshotDate","type":"datetime","description":"The date this dataset was generated"},{"name":"QuickXorHash","type":"string","description":"QuickXorHash of the file"}],"typeProperties":{"tableName":"BasicDataSet_v0.SharePointFiles_v1","dateFilterColumn":"SnapshotDate","startTime":{"value":"@dataset().StartTime","type":"Expression"},"endTime":{"value":"@dataset().EndTime","type":"Expression"}}},"dependsOn":[]},{"name":"[concat(parameters('workspaceName'), '/Storage_Files_Target1')]","type":"Microsoft.Synapse/workspaces/datasets","apiVersion":"2019-06-01-preview","properties":{"linkedServiceName":{"referenceName":"[parameters('AzureDataLakeStorage')]","type":"LinkedServiceReference"},"parameters":{"EndTime":{"type":"string"},"RunId":{"type":"string"},"StorageContainerName":{"type":"string"}},"annotations":[],"type":"Binary","typeProperties":{"location":{"type":"AzureBlobFSLocation","folderPath":{"value":"@concat('raw/files/',formatDateTime(dataset().EndTime, 'yyyy'),'/', formatDateTime(dataset().EndTime, 'MM'),'/',formatDateTime(dataset().EndTime, 'dd'),'/',dataset().RunId)","type":"Expression"},"fileSystem":{"value":"@dataset().StorageContainerName","type":"Expression"}}}},"dependsOn":[]},{"name":"[concat(parameters('workspaceName'), '/Dataflow1')]","type":"Microsoft.Synapse/workspaces/dataflows","apiVersion":"2019-06-01-preview","properties":{"type":"MappingDataFlow","typeProperties":{"sources":[{"dataset":{"referenceName":"IncomingSites","type":"DatasetReference"},"name":"IncomingSites"},{"dataset":{"referenceName":"LatestSitesTemp","type":"DatasetReference"},"name":"LatestSitesTemp"}],"sinks":[{"dataset":{"referenceName":"LatestSites","type":"DatasetReference"},"name":"FullSites"},{"dataset":{"referenceName":"DeletedSitesSink","type":"DatasetReference"},"name":"DeletedSitesSink"}],"transformations":[{"name":"GetSitesNotInDelta","description":"Data in latest that is not being updated"},{"name":"UnionExistingWithDelta","description":"Combine only in existing with incoming delta"},{"name":"SplitoutDeletes"}],"scriptLines":["source(output(","          ptenant as string,","          Id as string,","          Url as string,","          ArchiveState as string,","          RootWeb as (Configuration as integer, Id as string, Title as string, WebTemplate as string, WebTemplateId as integer, LastItemModifiedDate as string),","          WebCount as integer,","          StorageQuota as integer,","          StorageUsed as integer,","          StorageMetrics as (MetadataSize as integer, TotalFileCount as integer, TotalFileStreamSize as integer, TotalSize as integer),","          GroupId as string,","          GeoLocation as string,","          IsInRecycleBin as boolean,","          RecycleBinItemCount as integer,","          RecycleBinItemSize as integer,","          SecondStageRecycleBinStorageUsage as integer,","          IsTeamsConnectedSite as boolean,","          IsTeamsChannelSite as boolean,","          TeamsChannelType as string,","          IsCommunicationSite as boolean,","          IsHubSite as boolean,","          HubSiteId as string,","          IsOneDrive as boolean,","          BlockAccessFromUnmanagedDevices as boolean,","          BlockDownloadOfAllFilesOnUnmanagedDevices as boolean,","          BlockDownloadOfViewableFilesOnUnmanagedDevices as boolean,","          IsExternalSharingEnabled as boolean,","          Privacy as string,","          ShareByEmailEnabled as boolean,","          ShareByLinkEnabled as boolean,","          SiteConnectedToPrivateGroup as boolean,","          SensitivityLabelInfo as ({} as string),","          IBMode as string,","          RelatedGroupId as string,","          Owner as (AadObjectId as string, Email as string, Name as string, UPN as string),","          SecondaryContact as ({} as string),","          ReadLocked as boolean,","          ReadOnly as boolean,","          CreatedTime as string,","          LastSecurityModifiedDate as string,","          Operation as string,","          LastUserAccessDate as string,","          SnapshotDate as string","     ),","     allowSchemaDrift: true,","     validateSchema: false,","     ignoreNoFilesFound: false,","     documentForm: 'documentPerLine') ~> IncomingSites","source(output(","          ptenant as string,","          Id as string,","          Url as string,","          ArchiveState as string,","          RootWeb as (Configuration as integer, Id as string, Title as string, WebTemplate as string, WebTemplateId as integer, LastItemModifiedDate as string),","          WebCount as integer,","          StorageQuota as integer,","          StorageUsed as integer,","          StorageMetrics as (MetadataSize as integer, TotalFileCount as integer, TotalFileStreamSize as integer, TotalSize as integer),","          GroupId as string,","          GeoLocation as string,","          IsInRecycleBin as boolean,","          RecycleBinItemCount as integer,","          RecycleBinItemSize as integer,","          SecondStageRecycleBinStorageUsage as integer,","          IsTeamsConnectedSite as boolean,","          IsTeamsChannelSite as boolean,","          TeamsChannelType as string,","          IsCommunicationSite as boolean,","          IsHubSite as boolean,","          HubSiteId as string,","          IsOneDrive as boolean,","          BlockAccessFromUnmanagedDevices as boolean,","          BlockDownloadOfAllFilesOnUnmanagedDevices as boolean,","          BlockDownloadOfViewableFilesOnUnmanagedDevices as boolean,","          IsExternalSharingEnabled as boolean,","          Privacy as string,","          ShareByEmailEnabled as boolean,","          ShareByLinkEnabled as boolean,","          SiteConnectedToPrivateGroup as boolean,","          SensitivityLabelInfo as ({} as string),","          IBMode as string,","          RelatedGroupId as string,","          Owner as (AadObjectId as string, Email as string, Name as string, UPN as string),","          SecondaryContact as ({} as string),","          ReadLocked as boolean,","          ReadOnly as boolean,","          CreatedTime as string,","          LastSecurityModifiedDate as string,","          Operation as string,","          LastUserAccessDate as string,","          SnapshotDate as string","     ),","     allowSchemaDrift: true,","     validateSchema: false,","     ignoreNoFilesFound: false,","     documentForm: 'documentPerLine') ~> LatestSitesTemp","LatestSitesTemp, IncomingSites exists(LatestSitesTemp@Id == IncomingSites@Id,","     negate:true,","     broadcast: 'auto')~> GetSitesNotInDelta","GetSitesNotInDelta, IncomingSites union(byName: true)~> UnionExistingWithDelta","UnionExistingWithDelta split(notEquals(Operation, \"Deleted\"),","     disjoint: false) ~> SplitoutDeletes@(AllExceptDeletes, Deletes)","SplitoutDeletes@AllExceptDeletes sink(allowSchemaDrift: true,","     validateSchema: false,","     input(","          ptenant as string,","          Id as string,","          Url as string,","          ArchiveState as string,","          RootWeb as (Configuration as integer, Id as string, Title as string, WebTemplate as string, WebTemplateId as integer, LastItemModifiedDate as string),","          WebCount as integer,","          StorageQuota as integer,","          StorageUsed as integer,","          StorageMetrics as (MetadataSize as integer, TotalFileCount as integer, TotalFileStreamSize as integer, TotalSize as integer),","          GroupId as string,","          GeoLocation as string,","          IsInRecycleBin as boolean,","          RecycleBinItemCount as integer,","          RecycleBinItemSize as integer,","          SecondStageRecycleBinStorageUsage as integer,","          IsTeamsConnectedSite as boolean,","          IsTeamsChannelSite as boolean,","          TeamsChannelType as string,","          IsCommunicationSite as boolean,","          IsHubSite as boolean,","          HubSiteId as string,","          IsOneDrive as boolean,","          BlockAccessFromUnmanagedDevices as boolean,","          BlockDownloadOfAllFilesOnUnmanagedDevices as boolean,","          BlockDownloadOfViewableFilesOnUnmanagedDevices as boolean,","          IsExternalSharingEnabled as boolean,","          Privacy as string,","          ShareByEmailEnabled as boolean,","          ShareByLinkEnabled as boolean,","          SiteConnectedToPrivateGroup as boolean,","          SensitivityLabelInfo as ({} as string),","          IBMode as string,","          RelatedGroupId as string,","          Owner as (AadObjectId as string, Email as string, Name as string, UPN as string),","          SecondaryContact as ({} as string),","          ReadLocked as boolean,","          ReadOnly as boolean,","          CreatedTime as string,","          LastSecurityModifiedDate as string,","          Operation as string,","          LastUserAccessDate as string,","          SnapshotDate as string","     ),","     truncate: true,","     umask: 0022,","     preCommands: [],","     postCommands: ['rm  /latest/sites/_SUCCESS'],","     skipDuplicateMapInputs: true,","     skipDuplicateMapOutputs: true) ~> FullSites","SplitoutDeletes@Deletes sink(allowSchemaDrift: true,","     validateSchema: false,","     input(","          ptenant as string,","          Id as string,","          Url as string,","          ArchiveState as string,","          RootWeb as (Configuration as integer, Id as string, Title as string, WebTemplate as string, WebTemplateId as integer, LastItemModifiedDate as string),","          WebCount as integer,","          StorageUsed as integer,","          StorageMetrics as (MetadataSize as integer, TotalFileCount as integer, TotalFileStreamSize as integer, TotalSize as integer),","          GroupId as string,","          GeoLocation as string,","          IsInRecycleBin as boolean,","          RecycleBinItemCount as integer,","          RecycleBinItemSize as integer,","          SecondStageRecycleBinStorageUsage as integer,","          IsTeamsConnectedSite as boolean,","          IsTeamsChannelSite as boolean,","          TeamsChannelType as string,","          IsCommunicationSite as boolean,","          IsHubSite as boolean,","          HubSiteId as string,","          IsOneDrive as boolean,","          BlockAccessFromUnmanagedDevices as boolean,","          BlockDownloadOfAllFilesOnUnmanagedDevices as boolean,","          BlockDownloadOfViewableFilesOnUnmanagedDevices as boolean,","          IsExternalSharingEnabled as boolean,","          ShareByEmailEnabled as boolean,","          ShareByLinkEnabled as boolean,","          SensitivityLabelInfo as ({} as string),","          IBMode as string,","          RelatedGroupId as string,","          Owner as (AadObjectId as string, Email as string, Name as string, UPN as string),","          SecondaryContact as ({} as string),","          ReadLocked as boolean,","          ReadOnly as boolean,","          CreatedTime as string,","          LastSecurityModifiedDate as string,","          Operation as string,","          LastUserAccessDate as string,","          SnapshotDate as string","     ),","     umask: 0022,","     preCommands: [],","     postCommands: ['rm  /deleted/sites/_SUCCESS'],","     skipDuplicateMapInputs: true,","     skipDuplicateMapOutputs: true) ~> DeletedSitesSink"]}},"dependsOn":["[concat(variables('workspaceId'), '/datasets/IncomingSites')]","[concat(variables('workspaceId'), '/datasets/LatestSitesTemp')]","[concat(variables('workspaceId'), '/datasets/LatestSites')]","[concat(variables('workspaceId'), '/datasets/DeletedSitesSink')]"]},{"name":"[concat(parameters('workspaceName'), '/LatestSites')]","type":"Microsoft.Synapse/workspaces/datasets","apiVersion":"2019-06-01-preview","properties":{"linkedServiceName":{"referenceName":"[parameters('AzureDataLakeStorage')]","type":"LinkedServiceReference"},"parameters":{"StorageContainerName":{"type":"string"}},"annotations":[],"type":"Json","typeProperties":{"location":{"type":"AzureBlobFSLocation","folderPath":{"value":"@concat('latest/sites')","type":"Expression"},"fileSystem":{"value":"@dataset().StorageContainerName","type":"Expression"}}},"schema":{"type":"object","properties":{"ptenant":{"type":"string"},"Id":{"type":"string"},"Url":{"type":"string"},"ArchiveState":{"type":"string"},"RootWeb":{"type":"object","properties":{"Configuration":{"type":"integer"},"Id":{"type":"string"},"Title":{"type":"string"},"WebTemplate":{"type":"string"},"WebTemplateId":{"type":"integer"},"LastItemModifiedDate":{"type":"string"}}},"WebCount":{"type":"integer"},"StorageQuota":{"type":"integer"},"StorageUsed":{"type":"integer"},"StorageMetrics":{"type":"object","properties":{"MetadataSize":{"type":"integer"},"TotalFileCount":{"type":"integer"},"TotalFileStreamSize":{"type":"integer"},"TotalSize":{"type":"integer"}}},"GroupId":{"type":"string"},"GeoLocation":{"type":"string"},"IsInRecycleBin":{"type":"boolean"},"RecycleBinItemCount":{"type":"integer"},"RecycleBinItemSize":{"type":"integer"},"SecondStageRecycleBinStorageUsage":{"type":"integer"},"IsTeamsConnectedSite":{"type":"boolean"},"IsTeamsChannelSite":{"type":"boolean"},"TeamsChannelType":{"type":"string"},"IsCommunicationSite":{"type":"boolean"},"IsHubSite":{"type":"boolean"},"HubSiteId":{"type":"string"},"IsOneDrive":{"type":"boolean"},"BlockAccessFromUnmanagedDevices":{"type":"boolean"},"BlockDownloadOfAllFilesOnUnmanagedDevices":{"type":"boolean"},"BlockDownloadOfViewableFilesOnUnmanagedDevices":{"type":"boolean"},"IsExternalSharingEnabled":{"type":"boolean"},"Privacy":{"type":"string"},"ShareByEmailEnabled":{"type":"boolean"},"ShareByLinkEnabled":{"type":"boolean"},"SiteConnectedToPrivateGroup":{"type":"boolean"},"SensitivityLabelInfo":{"type":"object","properties":{}},"IBMode":{"type":"string"},"RelatedGroupId":{"type":"string"},"Owner":{"type":"object","properties":{"AadObjectId":{"type":"string"},"Email":{"type":"string"},"Name":{"type":"string"},"UPN":{"type":"string"}}},"SecondaryContact":{"type":"object","properties":{}},"ReadLocked":{"type":"boolean"},"ReadOnly":{"type":"boolean"},"CreatedTime":{"type":"string"},"LastSecurityModifiedDate":{"type":"string"},"Operation":{"type":"string"},"LastUserAccessDate":{"type":"string"},"SnapshotDate":{"type":"string"}}}},"dependsOn":[]},{"name":"[concat(parameters('workspaceName'), '/LatestSitesTemp')]","type":"Microsoft.Synapse/workspaces/datasets","apiVersion":"2019-06-01-preview","properties":{"linkedServiceName":{"referenceName":"[parameters('AzureDataLakeStorage')]","type":"LinkedServiceReference"},"parameters":{"StorageContainerName":{"type":"string"}},"annotations":[],"type":"Json","typeProperties":{"location":{"type":"AzureBlobFSLocation","folderPath":{"value":"@concat('temp/sites')","type":"Expression"},"fileSystem":{"value":"@dataset().StorageContainerName","type":"Expression"}}},"schema":{"type":"object","properties":{"ptenant":{"type":"string"},"Id":{"type":"string"},"Url":{"type":"string"},"ArchiveState":{"type":"string"},"RootWeb":{"type":"object","properties":{"Configuration":{"type":"integer"},"Id":{"type":"string"},"Title":{"type":"string"},"WebTemplate":{"type":"string"},"WebTemplateId":{"type":"integer"},"LastItemModifiedDate":{"type":"string"}}},"WebCount":{"type":"integer"},"StorageQuota":{"type":"integer"},"StorageUsed":{"type":"integer"},"StorageMetrics":{"type":"object","properties":{"MetadataSize":{"type":"integer"},"TotalFileCount":{"type":"integer"},"TotalFileStreamSize":{"type":"integer"},"TotalSize":{"type":"integer"}}},"GroupId":{"type":"string"},"GeoLocation":{"type":"string"},"IsInRecycleBin":{"type":"boolean"},"RecycleBinItemCount":{"type":"integer"},"RecycleBinItemSize":{"type":"integer"},"SecondStageRecycleBinStorageUsage":{"type":"integer"},"IsTeamsConnectedSite":{"type":"boolean"},"IsTeamsChannelSite":{"type":"boolean"},"TeamsChannelType":{"type":"string"},"IsCommunicationSite":{"type":"boolean"},"IsHubSite":{"type":"boolean"},"HubSiteId":{"type":"string"},"IsOneDrive":{"type":"boolean"},"BlockAccessFromUnmanagedDevices":{"type":"boolean"},"BlockDownloadOfAllFilesOnUnmanagedDevices":{"type":"boolean"},"BlockDownloadOfViewableFilesOnUnmanagedDevices":{"type":"boolean"},"IsExternalSharingEnabled":{"type":"boolean"},"Privacy":{"type":"string"},"ShareByEmailEnabled":{"type":"boolean"},"ShareByLinkEnabled":{"type":"boolean"},"SiteConnectedToPrivateGroup":{"type":"boolean"},"SensitivityLabelInfo":{"type":"object","properties":{}},"IBMode":{"type":"string"},"RelatedGroupId":{"type":"string"},"Owner":{"type":"object","properties":{"AadObjectId":{"type":"string"},"Email":{"type":"string"},"Name":{"type":"string"},"UPN":{"type":"string"}}},"SecondaryContact":{"type":"object","properties":{}},"ReadLocked":{"type":"boolean"},"ReadOnly":{"type":"boolean"},"CreatedTime":{"type":"string"},"LastSecurityModifiedDate":{"type":"string"},"Operation":{"type":"string"},"LastUserAccessDate":{"type":"string"},"SnapshotDate":{"type":"string"}}}},"dependsOn":[]},{"name":"[concat(parameters('workspaceName'), '/LatestFilesTemp')]","type":"Microsoft.Synapse/workspaces/datasets","apiVersion":"2019-06-01-preview","properties":{"linkedServiceName":{"referenceName":"[parameters('AzureDataLakeStorage')]","type":"LinkedServiceReference"},"parameters":{"StorageContainerName":{"type":"string"}},"annotations":[],"type":"Json","typeProperties":{"location":{"type":"AzureBlobFSLocation","folderPath":"temp/files","fileSystem":{"value":"@dataset().StorageContainerName","type":"Expression"}}},"schema":{"type":"object","properties":{"ptenant":{"type":"string"},"SiteId":{"type":"string"},"WebId":{"type":"string"},"ListId":{"type":"string"},"ItemId":{"type":"string"},"ScopeId":{"type":"string"},"SiteUrl":{"type":"string"},"DirName":{"type":"string"},"FileName":{"type":"string"},"Extension":{"type":"string"},"WebTemplateId":{"type":"integer"},"ListServerTemplate":{"type":"string"},"IsLabelEncrypted":{"type":"boolean"},"MajorVersion":{"type":"integer"},"MinorVersion":{"type":"integer"},"SensitivityLabelInfo":{"type":"object","properties":{"Id":{"type":"string"},"DisplayName":{"type":"string"}}},"SizeInBytes":{"type":"integer"},"SizeInBytesWithVersions":{"type":"integer"},"TimeCreated":{"type":"string"},"TimeLastModified":{"type":"string"},"Author":{"type":"object","properties":{"Name":{"type":"string"},"Email":{"type":"string"}}},"ModifiedBy":{"type":"object","properties":{"Name":{"type":"string"},"Email":{"type":"string"}}},"SnapshotDate":{"type":"string"},"Operation":{"type":"string"},"QuickXorHash":{"type":"string"}}}},"dependsOn":[]},{"name":"[concat(parameters('workspaceName'), '/LatestFiles')]","type":"Microsoft.Synapse/workspaces/datasets","apiVersion":"2019-06-01-preview","properties":{"linkedServiceName":{"referenceName":"[parameters('AzureDataLakeStorage')]","type":"LinkedServiceReference"},"parameters":{"StorageContainerName":{"type":"string"}},"annotations":[],"type":"Json","typeProperties":{"location":{"type":"AzureBlobFSLocation","folderPath":"latest/files","fileSystem":{"value":"@dataset().StorageContainerName","type":"Expression"}}},"schema":{"type":"object","properties":{"ptenant":{"type":"string"},"SiteId":{"type":"string"},"WebId":{"type":"string"},"ListId":{"type":"string"},"ItemId":{"type":"string"},"ScopeId":{"type":"string"},"SiteUrl":{"type":"string"},"DirName":{"type":"string"},"FileName":{"type":"string"},"Extension":{"type":"string"},"WebTemplateId":{"type":"integer"},"ListServerTemplate":{"type":"string"},"IsLabelEncrypted":{"type":"boolean"},"MajorVersion":{"type":"integer"},"MinorVersion":{"type":"integer"},"SensitivityLabelInfo":{"type":"object","properties":{"Id":{"type":"string"},"DisplayName":{"type":"string"}}},"SizeInBytes":{"type":"integer"},"SizeInBytesWithVersions":{"type":"integer"},"TimeCreated":{"type":"string"},"TimeLastModified":{"type":"string"},"Author":{"type":"object","properties":{"Name":{"type":"string"},"Email":{"type":"string"}}},"ModifiedBy":{"type":"object","properties":{"Name":{"type":"string"},"Email":{"type":"string"}}},"SnapshotDate":{"type":"string"},"Operation":{"type":"string"},"QuickXorHash":{"type":"string"}}}},"dependsOn":[]},{"name":"[concat(parameters('workspaceName'), '/FileMergeDataFlow')]","type":"Microsoft.Synapse/workspaces/dataflows","apiVersion":"2019-06-01-preview","properties":{"type":"MappingDataFlow","typeProperties":{"sources":[{"dataset":{"referenceName":"IncomingFiles","type":"DatasetReference"},"name":"IncomingFiles"},{"dataset":{"referenceName":"LatestFilesTemp","type":"DatasetReference"},"name":"LatestFilesTemp"}],"sinks":[{"dataset":{"referenceName":"LatestFiles","type":"DatasetReference"},"name":"FullFiles","description":"Export data to LatestFiles"},{"dataset":{"referenceName":"DeletedFilesSink","type":"DatasetReference"},"name":"DeletedFilesSink"}],"transformations":[{"name":"GetFilesNotInDelta","description":"Data in latest that is not being updated"},{"name":"UnionExistingWithDelta","description":"Combine only in existing with incoming delta"},{"name":"Splitoutdeletes","description":"Split deletes out"}],"scriptLines":["source(output(","          ptenant as string,","          SiteId as string,","          WebId as string,","          ListId as string,","          ItemId as string,","          ScopeId as string,","          SiteUrl as string,","          DirName as string,","          FileName as string,","          Extension as string,","          WebTemplateId as integer,","          ListServerTemplate as string,","          IsLabelEncrypted as boolean,","          MajorVersion as integer,","          MinorVersion as integer,","          SensitivityLabelInfo as (Id as string, DisplayName as string),","          SizeInBytes as integer,","          SizeInBytesWithVersions as integer,","          TimeCreated as string,","          TimeLastModified as string,","          Author as (Name as string, Email as string),","          ModifiedBy as (Name as string, Email as string),","          SnapshotDate as string,","          Operation as string,","          QuickXorHash as string","     ),","     allowSchemaDrift: true,","     validateSchema: false,","     ignoreNoFilesFound: false,","     documentForm: 'documentPerLine') ~> IncomingFiles","source(output(","          ptenant as string,","          SiteId as string,","          WebId as string,","          ListId as string,","          ItemId as string,","          ScopeId as string,","          SiteUrl as string,","          DirName as string,","          FileName as string,","          Extension as string,","          WebTemplateId as integer,","          ListServerTemplate as string,","          IsLabelEncrypted as boolean,","          MajorVersion as integer,","          MinorVersion as integer,","          SensitivityLabelInfo as (Id as string, DisplayName as string),","          SizeInBytes as integer,","          SizeInBytesWithVersions as integer,","          TimeCreated as string,","          TimeLastModified as string,","          Author as (Name as string, Email as string),","          ModifiedBy as (Name as string, Email as string),","          SnapshotDate as string,","          Operation as string","     ),","     allowSchemaDrift: true,","     validateSchema: false,","     ignoreNoFilesFound: false,","     documentForm: 'documentPerLine') ~> LatestFilesTemp","LatestFilesTemp, IncomingFiles exists(LatestFilesTemp@SiteId == IncomingFiles@SiteId","     && LatestFilesTemp@ItemId == IncomingFiles@ItemId,","     negate:true,","     broadcast: 'auto')~> GetFilesNotInDelta","GetFilesNotInDelta, IncomingFiles union(byName: true)~> UnionExistingWithDelta","UnionExistingWithDelta split(notEquals(Operation, \"Deleted\"),","     disjoint: false) ~> Splitoutdeletes@(AllExceptDeletes, DeletedFiles)","Splitoutdeletes@AllExceptDeletes sink(allowSchemaDrift: true,","     validateSchema: false,","     input(","          ptenant as string,","          SiteId as string,","          WebId as string,","          ListId as string,","          ItemId as string,","          ScopeId as string,","          SiteUrl as string,","          DirName as string,","          FileName as string,","          Extension as string,","          WebTemplateId as integer,","          ListServerTemplate as string,","          IsLabelEncrypted as boolean,","          MajorVersion as integer,","          MinorVersion as integer,","          SensitivityLabelInfo as (Id as string, DisplayName as string),","          SizeInBytes as integer,","          SizeInBytesWithVersions as integer,","          TimeCreated as string,","          TimeLastModified as string,","          Author as (Name as string, Email as string),","          ModifiedBy as (Name as string, Email as string),","          SnapshotDate as string,","          Operation as string,","          QuickXorHash as string","     ),","     truncate: true,","     umask: 0022,","     preCommands: [],","     postCommands: [],","     skipDuplicateMapInputs: true,","     skipDuplicateMapOutputs: true) ~> FullFiles","Splitoutdeletes@DeletedFiles sink(allowSchemaDrift: true,","     validateSchema: false,","     input(","          ptenant as string,","          SiteId as string,","          WebId as string,","          ListId as string,","          ItemId as string,","          ScopeId as string,","          SiteUrl as string,","          DirName as string,","          FileName as string,","          Extension as string,","          WebTemplateId as integer,","          ListServerTemplate as string,","          IsLabelEncrypted as boolean,","          MajorVersion as integer,","          MinorVersion as integer,","          SensitivityLabelInfo as (Id as string, DisplayName as string),","          SizeInBytes as integer,","          SizeInBytesWithVersions as integer,","          TimeCreated as string,","          TimeLastModified as string,","          Author as (Name as string, Email as string),","          ModifiedBy as (Name as string, Email as string),","          SnapshotDate as string,","          Operation as string,","          QuickXorHash as string","     ),","     umask: 0022,","     preCommands: [],","     postCommands: [],","     skipDuplicateMapInputs: true,","     skipDuplicateMapOutputs: true) ~> DeletedFilesSink"]}},"dependsOn":["[concat(variables('workspaceId'), '/datasets/IncomingFiles')]","[concat(variables('workspaceId'), '/datasets/LatestFilesTemp')]","[concat(variables('workspaceId'), '/datasets/LatestFiles')]","[concat(variables('workspaceId'), '/datasets/DeletedFilesSink')]"]},{"name":"[concat(parameters('workspaceName'), '/LatestSitesBinary')]","type":"Microsoft.Synapse/workspaces/datasets","apiVersion":"2019-06-01-preview","properties":{"linkedServiceName":{"referenceName":"[parameters('AzureDataLakeStorage')]","type":"LinkedServiceReference"},"parameters":{"StorageContainerName":{"type":"string"}},"annotations":[],"type":"Binary","typeProperties":{"location":{"type":"AzureBlobFSLocation","folderPath":"latest/sites","fileSystem":{"value":"@dataset().StorageContainerName","type":"Expression"}}}},"dependsOn":[]},{"name":"[concat(parameters('workspaceName'), '/Storage_Files_Target')]","type":"Microsoft.Synapse/workspaces/datasets","apiVersion":"2019-06-01-preview","properties":{"linkedServiceName":{"referenceName":"[parameters('AzureDataLakeStorage')]","type":"LinkedServiceReference"},"parameters":{"EndTime":{"type":"string"},"RunId":{"type":"string"},"StorageContainerName":{"type":"string"}},"annotations":[],"type":"Binary","typeProperties":{"location":{"type":"AzureBlobFSLocation","folderPath":{"value":"@concat('raw/files/',formatDateTime(dataset().EndTime, 'yyyy'),'/', formatDateTime(dataset().EndTime, 'MM'),'/',formatDateTime(dataset().EndTime, 'dd'),'/',dataset().RunId)","type":"Expression"},"fileSystem":{"value":"@dataset().StorageContainerName","type":"Expression"}}}},"dependsOn":[]},{"name":"[concat(parameters('workspaceName'), '/LatestFilesBinary')]","type":"Microsoft.Synapse/workspaces/datasets","apiVersion":"2019-06-01-preview","properties":{"linkedServiceName":{"referenceName":"[parameters('AzureDataLakeStorage')]","type":"LinkedServiceReference"},"parameters":{"StorageContainerName":{"type":"string"}},"annotations":[],"type":"Binary","typeProperties":{"location":{"type":"AzureBlobFSLocation","folderPath":"latest/files","fileSystem":{"value":"@dataset().StorageContainerName","type":"Expression"}}}},"dependsOn":[]},{"name":"[concat(parameters('workspaceName'), '/IncomingSites')]","type":"Microsoft.Synapse/workspaces/datasets","apiVersion":"2019-06-01-preview","properties":{"linkedServiceName":{"referenceName":"[parameters('AzureDataLakeStorage')]","type":"LinkedServiceReference"},"parameters":{"EndTime":{"type":"string"},"StorageContainerName":{"type":"string"},"RunId":{"type":"string"}},"annotations":[],"type":"Json","typeProperties":{"location":{"type":"AzureBlobFSLocation","folderPath":{"value":"@concat('raw/sites/',formatDateTime(dataset().EndTime, 'yyyy'),'/', formatDateTime(dataset().EndTime, 'MM'),'/',formatDateTime(dataset().EndTime, 'dd'),'/',dataset().RunId)","type":"Expression"},"fileSystem":{"value":"@dataset().StorageContainerName","type":"Expression"}}},"schema":{"type":"object","properties":{"ptenant":{"type":"string"},"Id":{"type":"string"},"Url":{"type":"string"},"ArchiveState":{"type":"string"},"RootWeb":{"type":"object","properties":{"Configuration":{"type":"integer"},"Id":{"type":"string"},"Title":{"type":"string"},"WebTemplate":{"type":"string"},"WebTemplateId":{"type":"integer"},"LastItemModifiedDate":{"type":"string"}}},"WebCount":{"type":"integer"},"StorageQuota":{"type":"integer"},"StorageUsed":{"type":"integer"},"StorageMetrics":{"type":"object","properties":{"MetadataSize":{"type":"integer"},"TotalFileCount":{"type":"integer"},"TotalFileStreamSize":{"type":"integer"},"TotalSize":{"type":"integer"}}},"GroupId":{"type":"string"},"GeoLocation":{"type":"string"},"IsInRecycleBin":{"type":"boolean"},"RecycleBinItemCount":{"type":"integer"},"RecycleBinItemSize":{"type":"integer"},"SecondStageRecycleBinStorageUsage":{"type":"integer"},"IsTeamsConnectedSite":{"type":"boolean"},"IsTeamsChannelSite":{"type":"boolean"},"TeamsChannelType":{"type":"string"},"IsCommunicationSite":{"type":"boolean"},"IsHubSite":{"type":"boolean"},"HubSiteId":{"type":"string"},"IsOneDrive":{"type":"boolean"},"BlockAccessFromUnmanagedDevices":{"type":"boolean"},"BlockDownloadOfAllFilesOnUnmanagedDevices":{"type":"boolean"},"BlockDownloadOfViewableFilesOnUnmanagedDevices":{"type":"boolean"},"IsExternalSharingEnabled":{"type":"boolean"},"Privacy":{"type":"string"},"ShareByEmailEnabled":{"type":"boolean"},"ShareByLinkEnabled":{"type":"boolean"},"SiteConnectedToPrivateGroup":{"type":"boolean"},"SensitivityLabelInfo":{"type":"object","properties":{}},"IBMode":{"type":"string"},"RelatedGroupId":{"type":"string"},"Owner":{"type":"object","properties":{"AadObjectId":{"type":"string"},"Email":{"type":"string"},"Name":{"type":"string"},"UPN":{"type":"string"}}},"SecondaryContact":{"type":"object","properties":{}},"ReadLocked":{"type":"boolean"},"ReadOnly":{"type":"boolean"},"CreatedTime":{"type":"string"},"LastSecurityModifiedDate":{"type":"string"},"Operation":{"type":"string"},"LastUserAccessDate":{"type":"string"},"SnapshotDate":{"type":"string"}}}},"dependsOn":[]},{"name":"[concat(parameters('workspaceName'), '/DeletedSitesSink')]","type":"Microsoft.Synapse/workspaces/datasets","apiVersion":"2019-06-01-preview","properties":{"linkedServiceName":{"referenceName":"[parameters('AzureDataLakeStorage')]","type":"LinkedServiceReference"},"parameters":{"StorageContainerName":{"type":"string"}},"annotations":[],"type":"Json","typeProperties":{"location":{"type":"AzureBlobFSLocation","folderPath":{"value":"@concat('deleted/sites')","type":"Expression"},"fileSystem":{"value":"@dataset().StorageContainerName","type":"Expression"}}},"schema":{"type":"object","properties":{"ptenant":{"type":"string"},"Id":{"type":"string"},"Url":{"type":"string"},"ArchiveState":{"type":"string"},"RootWeb":{"type":"object","properties":{"Configuration":{"type":"integer"},"Id":{"type":"string"},"Title":{"type":"string"},"WebTemplate":{"type":"string"},"WebTemplateId":{"type":"integer"},"LastItemModifiedDate":{"type":"string"}}},"WebCount":{"type":"integer"},"StorageUsed":{"type":"integer"},"StorageMetrics":{"type":"object","properties":{"MetadataSize":{"type":"integer"},"TotalFileCount":{"type":"integer"},"TotalFileStreamSize":{"type":"integer"},"TotalSize":{"type":"integer"}}},"GroupId":{"type":"string"},"GeoLocation":{"type":"string"},"IsInRecycleBin":{"type":"boolean"},"RecycleBinItemCount":{"type":"integer"},"RecycleBinItemSize":{"type":"integer"},"SecondStageRecycleBinStorageUsage":{"type":"integer"},"IsTeamsConnectedSite":{"type":"boolean"},"IsTeamsChannelSite":{"type":"boolean"},"TeamsChannelType":{"type":"string"},"IsCommunicationSite":{"type":"boolean"},"IsHubSite":{"type":"boolean"},"HubSiteId":{"type":"string"},"IsOneDrive":{"type":"boolean"},"BlockAccessFromUnmanagedDevices":{"type":"boolean"},"BlockDownloadOfAllFilesOnUnmanagedDevices":{"type":"boolean"},"BlockDownloadOfViewableFilesOnUnmanagedDevices":{"type":"boolean"},"IsExternalSharingEnabled":{"type":"boolean"},"ShareByEmailEnabled":{"type":"boolean"},"ShareByLinkEnabled":{"type":"boolean"},"SensitivityLabelInfo":{"type":"object","properties":{}},"IBMode":{"type":"string"},"RelatedGroupId":{"type":"string"},"Owner":{"type":"object","properties":{"AadObjectId":{"type":"string"},"Email":{"type":"string"},"Name":{"type":"string"},"UPN":{"type":"string"}}},"SecondaryContact":{"type":"object","properties":{}},"ReadLocked":{"type":"boolean"},"ReadOnly":{"type":"boolean"},"CreatedTime":{"type":"string"},"LastSecurityModifiedDate":{"type":"string"},"Operation":{"type":"string"},"LastUserAccessDate":{"type":"string"},"SnapshotDate":{"type":"string"}}}},"dependsOn":[]},{"name":"[concat(parameters('workspaceName'), '/IncomingFiles')]","type":"Microsoft.Synapse/workspaces/datasets","apiVersion":"2019-06-01-preview","properties":{"linkedServiceName":{"referenceName":"[parameters('AzureDataLakeStorage')]","type":"LinkedServiceReference"},"parameters":{"EndTime":{"type":"string"},"StorageContainerName":{"type":"string"},"RunId":{"type":"string"}},"annotations":[],"type":"Json","typeProperties":{"location":{"type":"AzureBlobFSLocation","folderPath":{"value":"@concat('raw/files/',formatDateTime(dataset().EndTime, 'yyyy'),'/', formatDateTime(dataset().EndTime, 'MM'),'/',formatDateTime(dataset().EndTime, 'dd'),'/',dataset().RunId)","type":"Expression"},"fileSystem":{"value":"@dataset().StorageContainerName","type":"Expression"}}},"schema":{"type":"object","properties":{"ptenant":{"type":"string"},"SiteId":{"type":"string"},"WebId":{"type":"string"},"ListId":{"type":"string"},"ItemId":{"type":"string"},"ScopeId":{"type":"string"},"SiteUrl":{"type":"string"},"DirName":{"type":"string"},"FileName":{"type":"string"},"Extension":{"type":"string"},"WebTemplateId":{"type":"integer"},"ListServerTemplate":{"type":"string"},"IsLabelEncrypted":{"type":"boolean"},"MajorVersion":{"type":"integer"},"MinorVersion":{"type":"integer"},"SensitivityLabelInfo":{"type":"object","properties":{"Id":{"type":"string"},"DisplayName":{"type":"string"}}},"SizeInBytes":{"type":"integer"},"SizeInBytesWithVersions":{"type":"integer"},"TimeCreated":{"type":"string"},"TimeLastModified":{"type":"string"},"Author":{"type":"object","properties":{"Name":{"type":"string"},"Email":{"type":"string"}}},"ModifiedBy":{"type":"object","properties":{"Name":{"type":"string"},"Email":{"type":"string"}}},"SnapshotDate":{"type":"string"},"Operation":{"type":"string"},"QuickXorHash":{"type":"string"}}}},"dependsOn":[]},{"name":"[concat(parameters('workspaceName'), '/DeletedFilesSink')]","type":"Microsoft.Synapse/workspaces/datasets","apiVersion":"2019-06-01-preview","properties":{"linkedServiceName":{"referenceName":"[parameters('AzureDataLakeStorage')]","type":"LinkedServiceReference"},"parameters":{"StorageContainerName":{"type":"string"}},"annotations":[],"type":"Json","typeProperties":{"location":{"type":"AzureBlobFSLocation","folderPath":{"value":"@concat('deleted/files')","type":"Expression"},"fileSystem":{"value":"@dataset().StorageContainerName","type":"Expression"}}},"schema":{"type":"object","properties":{"ptenant":{"type":"string"},"SiteId":{"type":"string"},"WebId":{"type":"string"},"ListId":{"type":"string"},"ItemId":{"type":"string"},"ScopeId":{"type":"string"},"SiteUrl":{"type":"string"},"DirName":{"type":"string"},"FileName":{"type":"string"},"Extension":{"type":"string"},"WebTemplateId":{"type":"integer"},"ListServerTemplate":{"type":"string"},"IsLabelEncrypted":{"type":"boolean"},"MajorVersion":{"type":"integer"},"MinorVersion":{"type":"integer"},"SensitivityLabelInfo":{"type":"object","properties":{"Id":{"type":"string"},"DisplayName":{"type":"string"}}},"SizeInBytes":{"type":"integer"},"SizeInBytesWithVersions":{"type":"integer"},"TimeCreated":{"type":"string"},"TimeLastModified":{"type":"string"},"Author":{"type":"object","properties":{"Name":{"type":"string"},"Email":{"type":"string"}}},"ModifiedBy":{"type":"object","properties":{"Name":{"type":"string"},"Email":{"type":"string"}}},"SnapshotDate":{"type":"string"},"Operation":{"type":"string"},"QuickXorHash":{"type":"string"}}}},"dependsOn":[]}]}