{"$schema":"http://schema.management.azure.com/schemas/2015-01-01/deploymentTemplate.json#","contentVersion":"1.0.0.0","parameters":{"workspaceName":{"type":"string","metadata":"Workspace name","defaultValue":"synpase-mgdc-ag"},"Microsoft365":{"type":"string"},"AzureDataLakeStorage":{"type":"string"}},"variables":{"workspaceId":"[concat('Microsoft.Synapse/workspaces/', parameters('workspaceName'))]"},"resources":[{"name":"[concat(parameters('workspaceName'), '/Oversharing_LowCode')]","type":"Microsoft.Synapse/workspaces/pipelines","apiVersion":"2019-06-01-preview","properties":{"activities":[{"name":"MGDCSites","type":"Copy","dependsOn":[],"policy":{"timeout":"0.12:00:00","retry":0,"retryIntervalInSeconds":30,"secureOutput":false,"secureInput":false},"userProperties":[],"typeProperties":{"source":{"type":"Office365Source","dateFilterColumn":"SnapshotDate","startTime":{"value":"@pipeline().parameters.StartTime","type":"Expression"},"endTime":{"value":"@pipeline().parameters.EndTime","type":"Expression"},"outputColumns":[{"name":"ptenant"},{"name":"Id"},{"name":"Url"},{"name":"ArchiveState"},{"name":"RootWeb"},{"name":"WebCount"},{"name":"StorageQuota"},{"name":"StorageUsed"},{"name":"StorageMetrics"},{"name":"GroupId"},{"name":"GeoLocation"},{"name":"IsInRecycleBin"},{"name":"RecycleBinItemCount"},{"name":"RecycleBinItemSize"},{"name":"SecondStageRecycleBinStorageUsage"},{"name":"IsTeamsConnectedSite"},{"name":"IsTeamsChannelSite"},{"name":"TeamsChannelType"},{"name":"IsCommunicationSite"},{"name":"IsHubSite"},{"name":"HubSiteId"},{"name":"IsOneDrive"},{"name":"BlockAccessFromUnmanagedDevices"},{"name":"BlockDownloadOfAllFilesOnUnmanagedDevices"},{"name":"BlockDownloadOfViewableFilesOnUnmanagedDevices"},{"name":"IsExternalSharingEnabled"},{"name":"Privacy"},{"name":"ShareByEmailEnabled"},{"name":"ShareByLinkEnabled"},{"name":"SiteConnectedToPrivateGroup"},{"name":"SensitivityLabelInfo"},{"name":"Classification"},{"name":"IBMode"},{"name":"IBSegments"},{"name":"RelatedGroupId"},{"name":"Owner"},{"name":"SecondaryContact"},{"name":"ReadLocked"},{"name":"ReadOnly"},{"name":"CreatedTime"},{"name":"LastSecurityModifiedDate"},{"name":"Operation"},{"name":"LastUserAccessDate"},{"name":"SnapshotDate"}]},"sink":{"type":"BinarySink","storeSettings":{"type":"AzureBlobFSWriteSettings"}},"enableStaging":false},"inputs":[{"referenceName":"Storage_Sites1","type":"DatasetReference","parameters":{}}],"outputs":[{"referenceName":"Sites_Storage_Target1","type":"DatasetReference","parameters":{"StartTime":{"value":"@pipeline().parameters.StartTime","type":"Expression"},"EndTime":{"value":"@pipeline().parameters.EndTime","type":"Expression"},"StorageContainerName":{"value":"@pipeline().parameters.StorageContainerName","type":"Expression"},"RunId":{"value":"@pipeline().RunId","type":"Expression"}}}]},{"name":"IsFullPull","type":"IfCondition","dependsOn":[{"activity":"MGDCSites","dependencyConditions":["Succeeded"]},{"activity":"MGDCPermissions","dependencyConditions":["Succeeded"]},{"activity":"MGDCSPOGroups","dependencyConditions":["Succeeded"]}],"userProperties":[],"typeProperties":{"expression":{"value":"@equals(pipeline().parameters.StartTime, pipeline().parameters.EndTime)","type":"Expression"},"ifFalseActivities":[{"name":"MergeDeltasSites_","type":"ExecuteDataFlow","dependsOn":[{"activity":"CopyLatestSitesTemp","dependencyConditions":["Succeeded"]}],"policy":{"timeout":"0.12:00:00","retry":0,"retryIntervalInSeconds":30,"secureOutput":false,"secureInput":false},"userProperties":[],"typeProperties":{"dataflow":{"referenceName":"Dataflow1","type":"DataFlowReference","parameters":{},"datasetParameters":{"IncomingSites":{"EndTime":{"value":"@pipeline().parameters.EndTime","type":"Expression"},"StorageContainerName":{"value":"@pipeline().parameters.StorageContainerName","type":"Expression"},"RunId":{"value":"@pipeline().RunId","type":"Expression"}},"LatestSitesTemp":{"StorageContainerName":{"value":"@pipeline().parameters.StorageContainerName","type":"Expression"}},"FullSites":{"StorageContainerName":{"value":"@pipeline().parameters.StorageContainerName","type":"Expression"}},"DeletedSitesSink":{"StorageContainerName":{"value":"@pipeline().parameters.StorageContainerName","type":"Expression"}}},"linkedServiceParameters":{}},"staging":{},"compute":{"coreCount":8,"computeType":"General"},"traceLevel":"Fine"}},{"name":"CopyLatestSitesTemp","type":"Copy","dependsOn":[{"activity":"ClearTempSites","dependencyConditions":["Succeeded"]}],"policy":{"timeout":"0.12:00:00","retry":0,"retryIntervalInSeconds":30,"secureOutput":false,"secureInput":false},"userProperties":[],"typeProperties":{"source":{"type":"JsonSource","storeSettings":{"type":"AzureBlobFSReadSettings","recursive":true,"wildcardFileName":"*.json","enablePartitionDiscovery":false},"formatSettings":{"type":"JsonReadSettings"}},"sink":{"type":"JsonSink","storeSettings":{"type":"AzureBlobFSWriteSettings"},"formatSettings":{"type":"JsonWriteSettings"}},"enableStaging":false},"inputs":[{"referenceName":"LatestSites1","type":"DatasetReference","parameters":{"StorageContainerName":{"value":"@pipeline().parameters.StorageContainerName","type":"Expression"}}}],"outputs":[{"referenceName":"LatestSitesTemp1","type":"DatasetReference","parameters":{"StorageContainerName":{"value":"@pipeline().parameters.StorageContainerName","type":"Expression"}}}]},{"name":"ClearTempSites","type":"Delete","dependsOn":[],"policy":{"timeout":"0.12:00:00","retry":0,"retryIntervalInSeconds":30,"secureOutput":false,"secureInput":false},"userProperties":[],"typeProperties":{"dataset":{"referenceName":"LatestSitesTemp1","type":"DatasetReference","parameters":{"StorageContainerName":{"value":"@pipeline().parameters.StorageContainerName","type":"Expression"}}},"enableLogging":false,"storeSettings":{"type":"AzureBlobFSReadSettings","recursive":false,"enablePartitionDiscovery":false}}},{"name":"ClearTempPermissions","type":"Delete","dependsOn":[],"policy":{"timeout":"0.12:00:00","retry":0,"retryIntervalInSeconds":30,"secureOutput":false,"secureInput":false},"userProperties":[],"typeProperties":{"dataset":{"referenceName":"LatestPermissionsTemp1","type":"DatasetReference","parameters":{"StorageContainerName":{"value":"@pipeline().parameters.StorageContainerName","type":"Expression"}}},"enableLogging":false,"storeSettings":{"type":"AzureBlobFSReadSettings","recursive":false,"enablePartitionDiscovery":false}}},{"name":"CopyLatestPermissionsTemp","type":"Copy","dependsOn":[{"activity":"ClearTempPermissions","dependencyConditions":["Succeeded"]}],"policy":{"timeout":"0.12:00:00","retry":0,"retryIntervalInSeconds":30,"secureOutput":false,"secureInput":false},"userProperties":[],"typeProperties":{"source":{"type":"JsonSource","storeSettings":{"type":"AzureBlobFSReadSettings","recursive":true,"wildcardFileName":"*.json","enablePartitionDiscovery":false},"formatSettings":{"type":"JsonReadSettings"}},"sink":{"type":"JsonSink","storeSettings":{"type":"AzureBlobFSWriteSettings"},"formatSettings":{"type":"JsonWriteSettings"}},"enableStaging":false},"inputs":[{"referenceName":"LatestPermissions1","type":"DatasetReference","parameters":{"StorageContainerName":{"value":"@pipeline().parameters.StorageContainerName","type":"Expression"}}}],"outputs":[{"referenceName":"LatestPermissionsTemp1","type":"DatasetReference","parameters":{"StorageContainerName":{"value":"@pipeline().parameters.StorageContainerName","type":"Expression"}}}]},{"name":"MergeDeltasPermissions_","type":"ExecuteDataFlow","dependsOn":[{"activity":"CopyLatestPermissionsTemp","dependencyConditions":["Succeeded"]}],"policy":{"timeout":"0.12:00:00","retry":0,"retryIntervalInSeconds":30,"secureOutput":false,"secureInput":false},"userProperties":[],"typeProperties":{"dataflow":{"referenceName":"MergePermissions","type":"DataFlowReference","parameters":{},"datasetParameters":{"IncomingPermissions":{"StorageContainerName":{"value":"@pipeline().parameters.StorageContainerName","type":"Expression"},"RunId":{"value":"@pipeline().RunId","type":"Expression"},"EndTime":{"value":"@pipeline().parameters.EndTime","type":"Expression"}},"LatestPermissionsTemp":{"StorageContainerName":{"value":"@pipeline().parameters.StorageContainerName","type":"Expression"}},"FullPermissions":{"StorageContainerName":{"value":"@pipeline().parameters.StorageContainerName","type":"Expression"}},"DeletedPermissionsSink":{"StorageContainerName":{"value":"@pipeline().parameters.StorageContainerName","type":"Expression"}}}},"staging":{},"compute":{"coreCount":8,"computeType":"General"},"traceLevel":"Fine"}},{"name":"ClearTempSPOGroups","type":"Delete","dependsOn":[],"policy":{"timeout":"0.12:00:00","retry":0,"retryIntervalInSeconds":30,"secureOutput":false,"secureInput":false},"userProperties":[],"typeProperties":{"dataset":{"referenceName":"LatestSPOGroupsTemp1","type":"DatasetReference","parameters":{"StorageContainerName":{"value":"@pipeline().parameters.StorageContainerName","type":"Expression"}}},"enableLogging":false,"storeSettings":{"type":"AzureBlobFSReadSettings","recursive":false,"enablePartitionDiscovery":false}}},{"name":"CopyLatestSPOGroupsTemp","type":"Copy","dependsOn":[{"activity":"ClearTempSPOGroups","dependencyConditions":["Succeeded"]}],"policy":{"timeout":"0.12:00:00","retry":0,"retryIntervalInSeconds":30,"secureOutput":false,"secureInput":false},"userProperties":[],"typeProperties":{"source":{"type":"JsonSource","storeSettings":{"type":"AzureBlobFSReadSettings","recursive":true,"wildcardFileName":"*.json","enablePartitionDiscovery":false},"formatSettings":{"type":"JsonReadSettings"}},"sink":{"type":"JsonSink","storeSettings":{"type":"AzureBlobFSWriteSettings"},"formatSettings":{"type":"JsonWriteSettings"}},"enableStaging":false},"inputs":[{"referenceName":"LatestSPOGroups1","type":"DatasetReference","parameters":{"StorageContainerName":{"value":"@pipeline().parameters.StorageContainerName","type":"Expression"}}}],"outputs":[{"referenceName":"LatestSPOGroupsTemp1","type":"DatasetReference","parameters":{"StorageContainerName":{"value":"@pipeline().parameters.StorageContainerName","type":"Expression"}}}]},{"name":"MergeDeltasSPOGroups_","type":"ExecuteDataFlow","dependsOn":[{"activity":"CopyLatestSPOGroupsTemp","dependencyConditions":["Succeeded"]}],"policy":{"timeout":"0.12:00:00","retry":0,"retryIntervalInSeconds":30,"secureOutput":false,"secureInput":false},"userProperties":[],"typeProperties":{"dataflow":{"referenceName":"MergeSPOGroups","type":"DataFlowReference","parameters":{},"datasetParameters":{"IncomingSPOGroups":{"StorageContainerName":{"value":"@pipeline().parameters.StorageContainerName","type":"Expression"},"RunId":{"value":"@pipeline().RunId","type":"Expression"},"EndTime":{"value":"@pipeline().parameters.EndTime","type":"Expression"}},"LatestSPOGroupsTemp":{"StorageContainerName":{"value":"@pipeline().parameters.StorageContainerName","type":"Expression"}},"FullSPOGroups":{"StorageContainerName":{"value":"@pipeline().parameters.StorageContainerName","type":"Expression"}},"DeletedSitesSink":{"StorageContainerName":{"value":"@pipeline().parameters.StorageContainerName","type":"Expression"}}}},"staging":{},"compute":{"coreCount":8,"computeType":"General"},"traceLevel":"Fine"}}],"ifTrueActivities":[{"name":"MoveSitesToLatest","type":"Copy","dependsOn":[{"activity":"DeleteLatestSites","dependencyConditions":["Succeeded"]}],"policy":{"timeout":"0.12:00:00","retry":0,"retryIntervalInSeconds":30,"secureOutput":false,"secureInput":false},"userProperties":[],"typeProperties":{"source":{"type":"BinarySource","storeSettings":{"type":"AzureBlobFSReadSettings","recursive":false,"deleteFilesAfterCompletion":false},"formatSettings":{"type":"BinaryReadSettings"}},"sink":{"type":"BinarySink","storeSettings":{"type":"AzureBlobFSWriteSettings"}},"enableStaging":false},"inputs":[{"referenceName":"Sites_Storage_Target1","type":"DatasetReference","parameters":{"StartTime":{"value":"@pipeline().parameters.StartTime","type":"Expression"},"EndTime":{"value":"@pipeline().parameters.EndTime","type":"Expression"},"StorageContainerName":{"value":"@pipeline().parameters.StorageContainerName","type":"Expression"},"RunId":{"value":"@pipeline().RunId","type":"Expression"}}}],"outputs":[{"referenceName":"LatestSitesBinary1","type":"DatasetReference","parameters":{"StorageContainerName":{"value":"@pipeline().parameters.StorageContainerName","type":"Expression"}}}]},{"name":"DeleteLatestSites","type":"Delete","dependsOn":[],"policy":{"timeout":"0.12:00:00","retry":0,"retryIntervalInSeconds":30,"secureOutput":false,"secureInput":false},"userProperties":[],"typeProperties":{"dataset":{"referenceName":"LatestSitesBinary1","type":"DatasetReference","parameters":{"StorageContainerName":{"value":"@pipeline().parameters.StorageContainerName","type":"Expression"}}},"enableLogging":false,"storeSettings":{"type":"AzureBlobFSReadSettings","recursive":true,"enablePartitionDiscovery":false}}},{"name":"CopyLatestSitesTempFull","type":"Copy","dependsOn":[{"activity":"MoveSitesToLatest","dependencyConditions":["Succeeded"]}],"policy":{"timeout":"0.12:00:00","retry":0,"retryIntervalInSeconds":30,"secureOutput":false,"secureInput":false},"userProperties":[],"typeProperties":{"source":{"type":"JsonSource","storeSettings":{"type":"AzureBlobFSReadSettings","recursive":true,"wildcardFileName":"*.json","enablePartitionDiscovery":false},"formatSettings":{"type":"JsonReadSettings"}},"sink":{"type":"JsonSink","storeSettings":{"type":"AzureBlobFSWriteSettings"},"formatSettings":{"type":"JsonWriteSettings"}},"enableStaging":false},"inputs":[{"referenceName":"LatestSites1","type":"DatasetReference","parameters":{"StorageContainerName":{"value":"@pipeline().parameters.StorageContainerName","type":"Expression"}}}],"outputs":[{"referenceName":"LatestSitesTemp1","type":"DatasetReference","parameters":{"StorageContainerName":{"value":"@pipeline().parameters.StorageContainerName","type":"Expression"}}}]},{"name":"MovePermissionsToLatest","type":"Copy","dependsOn":[{"activity":"DeleteLatestPermissions","dependencyConditions":["Succeeded"]}],"policy":{"timeout":"0.12:00:00","retry":0,"retryIntervalInSeconds":30,"secureOutput":false,"secureInput":false},"userProperties":[],"typeProperties":{"source":{"type":"BinarySource","storeSettings":{"type":"AzureBlobFSReadSettings","recursive":false,"deleteFilesAfterCompletion":false},"formatSettings":{"type":"BinaryReadSettings"}},"sink":{"type":"BinarySink","storeSettings":{"type":"AzureBlobFSWriteSettings"}},"enableStaging":false},"inputs":[{"referenceName":"Permissions_Taget1","type":"DatasetReference","parameters":{"EndTime":{"value":"@pipeline().parameters.EndTime","type":"Expression"},"StorageContainerName":{"value":"@pipeline().parameters.StorageContainerName","type":"Expression"},"RunId":{"value":"@pipeline().RunId","type":"Expression"}}}],"outputs":[{"referenceName":"LatestPermissionsBinary1","type":"DatasetReference","parameters":{"StorageContainerName":{"value":"@pipeline().parameters.StorageContainerName","type":"Expression"}}}]},{"name":"CopyLatestPermissionsTempFull","type":"Copy","dependsOn":[{"activity":"MovePermissionsToLatest","dependencyConditions":["Succeeded"]}],"policy":{"timeout":"0.12:00:00","retry":0,"retryIntervalInSeconds":30,"secureOutput":false,"secureInput":false},"userProperties":[],"typeProperties":{"source":{"type":"JsonSource","storeSettings":{"type":"AzureBlobFSReadSettings","recursive":true,"wildcardFileName":"*.json","enablePartitionDiscovery":false},"formatSettings":{"type":"JsonReadSettings"}},"sink":{"type":"JsonSink","storeSettings":{"type":"AzureBlobFSWriteSettings"},"formatSettings":{"type":"JsonWriteSettings"}},"enableStaging":false},"inputs":[{"referenceName":"LatestPermissions1","type":"DatasetReference","parameters":{"StorageContainerName":{"value":"@pipeline().parameters.StorageContainerName","type":"Expression"}}}],"outputs":[{"referenceName":"LatestPermissionsTemp1","type":"DatasetReference","parameters":{"StorageContainerName":{"value":"@pipeline().parameters.StorageContainerName","type":"Expression"}}}]},{"name":"DeleteLatestPermissions","type":"Delete","dependsOn":[],"policy":{"timeout":"0.12:00:00","retry":0,"retryIntervalInSeconds":30,"secureOutput":false,"secureInput":false},"userProperties":[],"typeProperties":{"dataset":{"referenceName":"LatestPermissionsBinary1","type":"DatasetReference","parameters":{"StorageContainerName":{"value":"@pipeline().parameters.StorageContainerName","type":"Expression"}}},"enableLogging":false,"storeSettings":{"type":"AzureBlobFSReadSettings","recursive":true,"enablePartitionDiscovery":false}}},{"name":"MoveSPOGroupsToLatest","type":"Copy","dependsOn":[{"activity":"DeleteLatestSPOGroups","dependencyConditions":["Succeeded"]}],"policy":{"timeout":"0.12:00:00","retry":0,"retryIntervalInSeconds":30,"secureOutput":false,"secureInput":false},"userProperties":[],"typeProperties":{"source":{"type":"BinarySource","storeSettings":{"type":"AzureBlobFSReadSettings","recursive":false,"deleteFilesAfterCompletion":false},"formatSettings":{"type":"BinaryReadSettings"}},"sink":{"type":"BinarySink","storeSettings":{"type":"AzureBlobFSWriteSettings"}},"enableStaging":false},"inputs":[{"referenceName":"SPOGroups_Target1","type":"DatasetReference","parameters":{"EndTime":{"value":"@pipeline().parameters.EndTime","type":"Expression"},"RunId":{"value":"@pipeline().RunId","type":"Expression"},"StorageContainerName":{"value":"@pipeline().parameters.StorageContainerName","type":"Expression"}}}],"outputs":[{"referenceName":"LatestSPOGroupsBinary1","type":"DatasetReference","parameters":{"StorageContainerName":{"value":"@pipeline().parameters.StorageContainerName","type":"Expression"}}}]},{"name":"CopyLatestSPOGroupsTempFull","type":"Copy","dependsOn":[{"activity":"MoveSPOGroupsToLatest","dependencyConditions":["Succeeded"]}],"policy":{"timeout":"0.12:00:00","retry":0,"retryIntervalInSeconds":30,"secureOutput":false,"secureInput":false},"userProperties":[],"typeProperties":{"source":{"type":"JsonSource","storeSettings":{"type":"AzureBlobFSReadSettings","recursive":true,"wildcardFileName":"*.json","enablePartitionDiscovery":false},"formatSettings":{"type":"JsonReadSettings"}},"sink":{"type":"JsonSink","storeSettings":{"type":"AzureBlobFSWriteSettings"},"formatSettings":{"type":"JsonWriteSettings"}},"enableStaging":false},"inputs":[{"referenceName":"LatestSPOGroups1","type":"DatasetReference","parameters":{"StorageContainerName":{"value":"@pipeline().parameters.StorageContainerName","type":"Expression"}}}],"outputs":[{"referenceName":"LatestSPOGroupsTemp1","type":"DatasetReference","parameters":{"StorageContainerName":{"value":"@pipeline().parameters.StorageContainerName","type":"Expression"}}}]},{"name":"DeleteLatestSPOGroups","type":"Delete","dependsOn":[],"policy":{"timeout":"0.12:00:00","retry":0,"retryIntervalInSeconds":30,"secureOutput":false,"secureInput":false},"userProperties":[],"typeProperties":{"dataset":{"referenceName":"LatestSPOGroupsBinary1","type":"DatasetReference","parameters":{"StorageContainerName":{"value":"@pipeline().parameters.StorageContainerName","type":"Expression"}}},"enableLogging":false,"storeSettings":{"type":"AzureBlobFSReadSettings","recursive":true,"enablePartitionDiscovery":false}}}]}},{"name":"MGDCPermissions","type":"Copy","dependsOn":[],"policy":{"timeout":"0.12:00:00","retry":0,"retryIntervalInSeconds":30,"secureOutput":false,"secureInput":false},"userProperties":[],"typeProperties":{"source":{"type":"Office365Source","dateFilterColumn":"SnapshotDate","startTime":{"value":"@pipeline().parameters.StartTime","type":"Expression"},"endTime":{"value":"@pipeline().parameters.EndTime","type":"Expression"},"outputColumns":[{"name":"ptenant"},{"name":"SiteId"},{"name":"WebId"},{"name":"ListId"},{"name":"ItemType"},{"name":"ItemURL"},{"name":"FileExtension"},{"name":"RoleDefinition"},{"name":"LinkId"},{"name":"ScopeId"},{"name":"LinkScope"},{"name":"SharedWithCount"},{"name":"SharedWithCountV2"},{"name":"SharedWith"},{"name":"Operation"},{"name":"SnapshotDate"},{"name":"ShareCreatedBy"},{"name":"ShareCreatedTime"},{"name":"ShareLastModifiedBy"},{"name":"ShareLastModifiedTime"},{"name":"ShareExpirationTime"},{"name":"TotalUserCount"},{"name":"ListItemId"},{"name":"UniqueId"}]},"sink":{"type":"BinarySink","storeSettings":{"type":"AzureBlobFSWriteSettings"}},"enableStaging":false},"inputs":[{"referenceName":"Oversharing_Permissions1","type":"DatasetReference","parameters":{}}],"outputs":[{"referenceName":"Permissions_Taget1","type":"DatasetReference","parameters":{"EndTime":{"value":"@pipeline().parameters.EndTime","type":"Expression"},"StorageContainerName":{"value":"@pipeline().parameters.StorageContainerName","type":"Expression"},"RunId":{"value":"@pipeline().RunId","type":"Expression"}}}]},{"name":"MGDCSPOGroups","type":"Copy","dependsOn":[],"policy":{"timeout":"0.12:00:00","retry":0,"retryIntervalInSeconds":30,"secureOutput":false,"secureInput":false},"userProperties":[],"typeProperties":{"source":{"type":"Office365Source","dateFilterColumn":"SnapshotDate","startTime":{"value":"@pipeline().parameters.StartTime","type":"Expression"},"endTime":{"value":"@pipeline().parameters.EndTime","type":"Expression"},"outputColumns":[{"name":"ptenant"},{"name":"SiteId"},{"name":"GroupId"},{"name":"GroupLinkId"},{"name":"GroupType"},{"name":"DisplayName"},{"name":"Description"},{"name":"Owner"},{"name":"Members"},{"name":"Operation"},{"name":"SnapshotDate"}]},"sink":{"type":"BinarySink","storeSettings":{"type":"AzureBlobFSWriteSettings"}},"enableStaging":false},"inputs":[{"referenceName":"Oversharing_SPOGroups1","type":"DatasetReference","parameters":{}}],"outputs":[{"referenceName":"SPOGroups_Target1","type":"DatasetReference","parameters":{"EndTime":{"value":"@pipeline().parameters.EndTime","type":"Expression"},"RunId":{"value":"@pipeline().RunId","type":"Expression"},"StorageContainerName":{"value":"@pipeline().parameters.StorageContainerName","type":"Expression"}}}]},{"name":"ExpandGroupMembers","type":"ExecuteDataFlow","dependsOn":[{"activity":"IsFullPull","dependencyConditions":["Succeeded"]}],"policy":{"timeout":"0.12:00:00","retry":0,"retryIntervalInSeconds":30,"secureOutput":false,"secureInput":false},"userProperties":[],"typeProperties":{"dataflow":{"referenceName":"SplitoutSPOMembers","type":"DataFlowReference","parameters":{},"datasetParameters":{"LatestSPOGroups":{"StorageContainerName":{"value":"@pipeline().parameters.StorageContainerName","type":"Expression"}},"LatestSPOGroupsForExplode":{"StorageContainerName":{"value":"@pipeline().parameters.StorageContainerName","type":"Expression"}},"SPOGroupDetails":{"StorageContainerName":{"value":"@pipeline().parameters.StorageContainerName","type":"Expression"}},"SPOGroupMembers":{"StorageContainerName":{"value":"@pipeline().parameters.StorageContainerName","type":"Expression"}}}},"staging":{},"compute":{"coreCount":8,"computeType":"General"},"traceLevel":"Fine"}}],"policy":{"elapsedTimeMetric":{}},"parameters":{"StartTime":{"type":"string","defaultValue":"2024-11-20T00:00:00Z"},"EndTime":{"type":"string","defaultValue":"2024-11-30T00:00:00Z"},"StorageAccountName":{"type":"string","defaultValue":"mgdcag4"},"StorageContainerName":{"type":"string","defaultValue":"spodata"}},"annotations":[],"lastPublishTime":"2024-11-28T17:33:16Z"},"dependsOn":["[concat(variables('workspaceId'), '/datasets/Storage_Sites1')]","[concat(variables('workspaceId'), '/datasets/Sites_Storage_Target1')]","[concat(variables('workspaceId'), '/datasets/Oversharing_Permissions1')]","[concat(variables('workspaceId'), '/datasets/Permissions_Taget1')]","[concat(variables('workspaceId'), '/datasets/Oversharing_SPOGroups1')]","[concat(variables('workspaceId'), '/datasets/SPOGroups_Target1')]","[concat(variables('workspaceId'), '/dataflows/SplitoutSPOMembers')]","[concat(variables('workspaceId'), '/dataflows/Dataflow1')]","[concat(variables('workspaceId'), '/datasets/LatestSites1')]","[concat(variables('workspaceId'), '/datasets/LatestSitesTemp1')]","[concat(variables('workspaceId'), '/datasets/LatestPermissionsTemp1')]","[concat(variables('workspaceId'), '/datasets/LatestPermissions1')]","[concat(variables('workspaceId'), '/dataflows/MergePermissions')]","[concat(variables('workspaceId'), '/datasets/LatestSPOGroupsTemp1')]","[concat(variables('workspaceId'), '/datasets/LatestSPOGroups1')]","[concat(variables('workspaceId'), '/dataflows/MergeSPOGroups')]","[concat(variables('workspaceId'), '/datasets/LatestSitesBinary1')]","[concat(variables('workspaceId'), '/datasets/LatestPermissionsBinary1')]","[concat(variables('workspaceId'), '/datasets/LatestSPOGroupsBinary1')]"]},{"name":"[concat(parameters('workspaceName'), '/Storage_Sites1')]","type":"Microsoft.Synapse/workspaces/datasets","apiVersion":"2019-06-01-preview","properties":{"linkedServiceName":{"referenceName":"[parameters('Microsoft365')]","type":"LinkedServiceReference"},"annotations":[],"type":"Office365Table","schema":[],"typeProperties":{"tableName":"BasicDataSet_v0.SharePointSites_v1"}},"dependsOn":[]},{"name":"[concat(parameters('workspaceName'), '/Sites_Storage_Target1')]","type":"Microsoft.Synapse/workspaces/datasets","apiVersion":"2019-06-01-preview","properties":{"linkedServiceName":{"referenceName":"[parameters('AzureDataLakeStorage')]","type":"LinkedServiceReference"},"parameters":{"StartTime":{"type":"string"},"EndTime":{"type":"string"},"StorageContainerName":{"type":"string"},"RunId":{"type":"string"}},"annotations":[],"type":"Binary","typeProperties":{"location":{"type":"AzureBlobFSLocation","folderPath":{"value":"@concat('raw/sites/',formatDateTime(dataset().EndTime, 'yyyy'),'/', formatDateTime(dataset().EndTime, 'MM'),'/',formatDateTime(dataset().EndTime, 'dd'),'/',dataset().RunId)","type":"Expression"},"fileSystem":{"value":"@dataset().StorageContainerName","type":"Expression"}}}},"dependsOn":[]},{"name":"[concat(parameters('workspaceName'), '/Oversharing_Permissions1')]","type":"Microsoft.Synapse/workspaces/datasets","apiVersion":"2019-06-01-preview","properties":{"linkedServiceName":{"referenceName":"[parameters('Microsoft365')]","type":"LinkedServiceReference"},"annotations":[],"type":"Office365Table","schema":[],"typeProperties":{"tableName":"BasicDataSet_v0.SharePointPermissions_v1"}},"dependsOn":[]},{"name":"[concat(parameters('workspaceName'), '/Permissions_Taget1')]","type":"Microsoft.Synapse/workspaces/datasets","apiVersion":"2019-06-01-preview","properties":{"linkedServiceName":{"referenceName":"[parameters('AzureDataLakeStorage')]","type":"LinkedServiceReference"},"parameters":{"EndTime":{"type":"string"},"StorageContainerName":{"type":"string"},"RunId":{"type":"string"}},"annotations":[],"type":"Binary","typeProperties":{"location":{"type":"AzureBlobFSLocation","folderPath":{"value":"@concat('raw/permissions/',formatDateTime(dataset().EndTime, 'yyyy'),'/', formatDateTime(dataset().EndTime, 'MM'),'/',formatDateTime(dataset().EndTime, 'dd'),'/',dataset().RunId)","type":"Expression"},"fileSystem":{"value":"@dataset().StorageContainerName","type":"Expression"}}}},"dependsOn":[]},{"name":"[concat(parameters('workspaceName'), '/Oversharing_SPOGroups1')]","type":"Microsoft.Synapse/workspaces/datasets","apiVersion":"2019-06-01-preview","properties":{"linkedServiceName":{"referenceName":"[parameters('Microsoft365')]","type":"LinkedServiceReference"},"annotations":[],"type":"Office365Table","schema":[],"typeProperties":{"tableName":"BasicDataSet_v0.SharePointGroups_v1"}},"dependsOn":[]},{"name":"[concat(parameters('workspaceName'), '/SPOGroups_Target1')]","type":"Microsoft.Synapse/workspaces/datasets","apiVersion":"2019-06-01-preview","properties":{"linkedServiceName":{"referenceName":"[parameters('AzureDataLakeStorage')]","type":"LinkedServiceReference"},"parameters":{"EndTime":{"type":"string"},"RunId":{"type":"string"},"StorageContainerName":{"type":"string"}},"annotations":[],"type":"Binary","typeProperties":{"location":{"type":"AzureBlobFSLocation","folderPath":{"value":"@concat('raw/spogroups/',formatDateTime(dataset().EndTime, 'yyyy'),'/', formatDateTime(dataset().EndTime, 'MM'),'/',formatDateTime(dataset().EndTime, 'dd'),'/',dataset().RunId)","type":"Expression"},"fileSystem":{"value":"@dataset().StorageContainerName","type":"Expression"}}}},"dependsOn":[]},{"name":"[concat(parameters('workspaceName'), '/SplitoutSPOMembers')]","type":"Microsoft.Synapse/workspaces/dataflows","apiVersion":"2019-06-01-preview","properties":{"type":"MappingDataFlow","typeProperties":{"sources":[{"dataset":{"referenceName":"LatestSPOGroups1","type":"DatasetReference"},"name":"LatestSPOGroups"},{"dataset":{"referenceName":"LatestSPOGroups1","type":"DatasetReference"},"name":"LatestSPOGroupsForExplode"}],"sinks":[{"dataset":{"referenceName":"LatestSPOGroupDetails","type":"DatasetReference"},"name":"SPOGroupDetails"},{"dataset":{"referenceName":"LatestSPOGroupMembers","type":"DatasetReference"},"name":"SPOGroupMembers"}],"transformations":[{"name":"GroupEEEUExpanded"},{"name":"GroupEveryoneExpanded"},{"name":"ExpandMembers"},{"name":"AddGroupCompositeKey"},{"name":"DropMembers"},{"name":"AddCompositeKey"},{"name":"RemoveGroupsWithNoMembers"}],"scriptLines":["source(output(","          ptenant as string,","          SiteId as string,","          GroupId as integer,","          GroupLinkId as string,","          GroupType as string,","          DisplayName as string,","          Owner as (Type as string, AadObjectId as string, Name as string, Email as string, TypeV2 as string),","          Members as (Type as string, AadObjectId as string, Name as string, Email as string, TypeV2 as string)[],","          Operation as string,","          SnapshotDate as string","     ),","     allowSchemaDrift: true,","     validateSchema: false,","     ignoreNoFilesFound: false,","     documentForm: 'documentPerLine') ~> LatestSPOGroups","source(output(","          ptenant as string,","          SiteId as string,","          GroupId as integer,","          GroupLinkId as string,","          GroupType as string,","          DisplayName as string,","          Owner as (Type as string, AadObjectId as string, Name as string, Email as string, TypeV2 as string),","          Members as (Type as string, AadObjectId as string, Name as string, Email as string, TypeV2 as string)[],","          Operation as string,","          SnapshotDate as string","     ),","     allowSchemaDrift: true,","     validateSchema: false,","     ignoreNoFilesFound: false,","     documentForm: 'documentPerLine') ~> LatestSPOGroupsForExplode","LatestSPOGroups derive(EveryoneExceptExternalsMember = contains(Members, #item.Name == 'Everyone except external users')) ~> GroupEEEUExpanded","GroupEEEUExpanded derive(EveryoneMember = contains(Members, #item.Name == 'Everyone')) ~> GroupEveryoneExpanded","RemoveGroupsWithNoMembers foldDown(unroll(Members),","     mapColumn(","          Type = Members.Type,","          AadObjectId = Members.AadObjectId,","          Name = Members.Name,","          Email = Members.Email,","          TypeV2 = Members.TypeV2,","          ptenant,","          SiteId,","          GroupId,","          Operation,","          SnapshotDate,","          DisplayName","     ),","     skipDuplicateMapInputs: false,","     skipDuplicateMapOutputs: false) ~> ExpandMembers","ExpandMembers derive(GroupCompositeKey = concat(SiteId, '-', toString(GroupId))) ~> AddGroupCompositeKey","GroupEveryoneExpanded select(mapColumn(","          ptenant,","          SiteId,","          GroupId,","          GroupLinkId,","          GroupType,","          DisplayName,","          Owner,","          Operation,","          SnapshotDate,","          EveryoneExceptExternalsMember,","          EveryoneMember","     ),","     skipDuplicateMapInputs: true,","     skipDuplicateMapOutputs: true) ~> DropMembers","DropMembers derive(CompositeKey = concat(SiteId, '-', toString(GroupId))) ~> AddCompositeKey","LatestSPOGroupsForExplode filter(size(Members) != 0) ~> RemoveGroupsWithNoMembers","AddCompositeKey sink(allowSchemaDrift: true,","     validateSchema: false,","     input(","          ptenant as string,","          SiteId as string,","          GroupId as integer,","          GroupLinkId as string,","          GroupType as string,","          DisplayName as string,","          Owner as (Type as string, AadObjectId as string, Name as string, Email as string, TypeV2 as string),","          Operation as string,","          SnapshotDate as string,","          EveryoneExceptExternalsMember as boolean,","          EveryoneMember as boolean,","          CompositeKey as string","     ),","     truncate: true,","     umask: 0022,","     preCommands: [],","     postCommands: ['rm  /latest/spogroupdetails/_SUCCESS'],","     skipDuplicateMapInputs: true,","     skipDuplicateMapOutputs: true) ~> SPOGroupDetails","AddGroupCompositeKey sink(allowSchemaDrift: true,","     validateSchema: false,","     truncate: true,","     umask: 0022,","     preCommands: [],","     postCommands: ['rm /latest/spogroupmembers/_SUCCESS'],","     skipDuplicateMapInputs: true,","     skipDuplicateMapOutputs: true) ~> SPOGroupMembers"]}},"dependsOn":["[concat(variables('workspaceId'), '/datasets/LatestSPOGroups1')]","[concat(variables('workspaceId'), '/datasets/LatestSPOGroupDetails')]","[concat(variables('workspaceId'), '/datasets/LatestSPOGroupMembers')]"]},{"name":"[concat(parameters('workspaceName'), '/Dataflow1')]","type":"Microsoft.Synapse/workspaces/dataflows","apiVersion":"2019-06-01-preview","properties":{"type":"MappingDataFlow","typeProperties":{"sources":[{"dataset":{"referenceName":"IncomingSites1","type":"DatasetReference"},"name":"IncomingSites"},{"dataset":{"referenceName":"LatestSitesTemp1","type":"DatasetReference"},"name":"LatestSitesTemp"}],"sinks":[{"dataset":{"referenceName":"LatestSites1","type":"DatasetReference"},"name":"FullSites"},{"dataset":{"referenceName":"DeletedSitesSink1","type":"DatasetReference"},"name":"DeletedSitesSink"}],"transformations":[{"name":"GetSitesNotInDelta","description":"Data in latest that is not being updated"},{"name":"UnionExistingWithDelta","description":"Combine only in existing with incoming delta"},{"name":"SplitoutDeletes"}],"scriptLines":["source(output(","          ptenant as string,","          Id as string,","          Url as string,","          ArchiveState as string,","          RootWeb as (Configuration as integer, Id as string, Title as string, WebTemplate as string, WebTemplateId as integer, LastItemModifiedDate as string),","          WebCount as long,","          StorageQuota as long,","          StorageUsed as long,","          StorageMetrics as (MetadataSize as long, TotalFileCount as long, TotalFileStreamSize as long, TotalSize as long),","          GroupId as string,","          GeoLocation as string,","          IsInRecycleBin as boolean,","          RecycleBinItemCount as long,","          RecycleBinItemSize as long,","          SecondStageRecycleBinStorageUsage as long,","          IsTeamsConnectedSite as boolean,","          IsTeamsChannelSite as boolean,","          TeamsChannelType as string,","          IsCommunicationSite as boolean,","          IsHubSite as boolean,","          HubSiteId as string,","          IsOneDrive as boolean,","          BlockAccessFromUnmanagedDevices as boolean,","          BlockDownloadOfAllFilesOnUnmanagedDevices as boolean,","          BlockDownloadOfViewableFilesOnUnmanagedDevices as boolean,","          IsExternalSharingEnabled as boolean,","          Privacy as string,","          ShareByEmailEnabled as boolean,","          ShareByLinkEnabled as boolean,","          SiteConnectedToPrivateGroup as boolean,","          SensitivityLabelInfo as (Id as string, DisplayName as string),","          IBMode as string,","          RelatedGroupId as string,","          Owner as (AadObjectId as string, Email as string, UPN as string, Name as string),","          SecondaryContact as (AadObjectId as string, Email as string, UPN as string, Name as string),","          ReadLocked as boolean,","          ReadOnly as boolean,","          CreatedTime as string,","          LastSecurityModifiedDate as string,","          Operation as string,","          LastUserAccessDate as string,","          SnapshotDate as string","     ),","     allowSchemaDrift: true,","     validateSchema: false,","     ignoreNoFilesFound: false,","     documentForm: 'documentPerLine') ~> IncomingSites","source(output(","          ptenant as string,","          Id as string,","          Url as string,","          ArchiveState as string,","          RootWeb as (Configuration as integer, Id as string, Title as string, WebTemplate as string, WebTemplateId as integer, LastItemModifiedDate as string),","          WebCount as long,","          StorageQuota as long,","          StorageUsed as long,","          StorageMetrics as (MetadataSize as long, TotalFileCount as long, TotalFileStreamSize as long, TotalSize as long),","          GroupId as string,","          GeoLocation as string,","          IsInRecycleBin as boolean,","          RecycleBinItemCount as long,","          RecycleBinItemSize as long,","          SecondStageRecycleBinStorageUsage as long,","          IsTeamsConnectedSite as boolean,","          IsTeamsChannelSite as boolean,","          TeamsChannelType as string,","          IsCommunicationSite as boolean,","          IsHubSite as boolean,","          HubSiteId as string,","          IsOneDrive as boolean,","          BlockAccessFromUnmanagedDevices as boolean,","          BlockDownloadOfAllFilesOnUnmanagedDevices as boolean,","          BlockDownloadOfViewableFilesOnUnmanagedDevices as boolean,","          IsExternalSharingEnabled as boolean,","          Privacy as string,","          ShareByEmailEnabled as boolean,","          ShareByLinkEnabled as boolean,","          SiteConnectedToPrivateGroup as boolean,","          SensitivityLabelInfo as (Id as string, DisplayName as string),","          IBMode as string,","          RelatedGroupId as string,","          Owner as (AadObjectId as string, Email as string, UPN as string, Name as string),","          SecondaryContact as (AadObjectId as string, Email as string, UPN as string, Name as string),","          ReadLocked as boolean,","          ReadOnly as boolean,","          CreatedTime as string,","          LastSecurityModifiedDate as string,","          Operation as string,","          LastUserAccessDate as string,","          SnapshotDate as string","     ),","     allowSchemaDrift: true,","     validateSchema: false,","     ignoreNoFilesFound: false,","     documentForm: 'documentPerLine') ~> LatestSitesTemp","LatestSitesTemp, IncomingSites exists(LatestSitesTemp@Id == IncomingSites@Id,","     negate:true,","     broadcast: 'auto')~> GetSitesNotInDelta","GetSitesNotInDelta, IncomingSites union(byName: true)~> UnionExistingWithDelta","UnionExistingWithDelta split(notEquals(Operation, \"Deleted\"),","     disjoint: false) ~> SplitoutDeletes@(AllExceptDeletes, Deletes)","SplitoutDeletes@AllExceptDeletes sink(allowSchemaDrift: true,","     validateSchema: false,","     input(","          ptenant as string,","          Id as string,","          Url as string,","          ArchiveState as string,","          RootWeb as (Configuration as integer, Id as string, Title as string, WebTemplate as string, WebTemplateId as integer, LastItemModifiedDate as string),","          WebCount as long,","          StorageQuota as long,","          StorageUsed as long,","          StorageMetrics as (MetadataSize as long, TotalFileCount as long, TotalFileStreamSize as long, TotalSize as long),","          GroupId as string,","          GeoLocation as string,","          IsInRecycleBin as boolean,","          RecycleBinItemCount as long,","          RecycleBinItemSize as long,","          SecondStageRecycleBinStorageUsage as long,","          IsTeamsConnectedSite as boolean,","          IsTeamsChannelSite as boolean,","          TeamsChannelType as string,","          IsCommunicationSite as boolean,","          IsHubSite as boolean,","          HubSiteId as string,","          IsOneDrive as boolean,","          BlockAccessFromUnmanagedDevices as boolean,","          BlockDownloadOfAllFilesOnUnmanagedDevices as boolean,","          BlockDownloadOfViewableFilesOnUnmanagedDevices as boolean,","          IsExternalSharingEnabled as boolean,","          Privacy as string,","          ShareByEmailEnabled as boolean,","          ShareByLinkEnabled as boolean,","          SiteConnectedToPrivateGroup as boolean,","          SensitivityLabelInfo as (Id as string, DisplayName as string),","          IBMode as string,","          RelatedGroupId as string,","          Owner as (AadObjectId as string, Email as string, UPN as string, Name as string),","          SecondaryContact as (AadObjectId as string, Email as string, UPN as string, Name as string),","          ReadLocked as boolean,","          ReadOnly as boolean,","          CreatedTime as string,","          LastSecurityModifiedDate as string,","          Operation as string,","          LastUserAccessDate as string,","          SnapshotDate as string","     ),","     truncate: true,","     umask: 0022,","     preCommands: [],","     postCommands: ['rm  /latest/sites/_SUCCESS'],","     skipDuplicateMapInputs: true,","     skipDuplicateMapOutputs: true) ~> FullSites","SplitoutDeletes@Deletes sink(allowSchemaDrift: true,","     validateSchema: false,","     input(","          ptenant as string,","          Id as string,","          Url as string,","          ArchiveState as string,","          RootWeb as (Configuration as integer, Id as string, Title as string, WebTemplate as string, WebTemplateId as integer, LastItemModifiedDate as string),","          WebCount as long,","          StorageQuota as long,","          StorageUsed as long,","          StorageMetrics as (MetadataSize as long, TotalFileCount as long, TotalFileStreamSize as long, TotalSize as long),","          GroupId as string,","          GeoLocation as string,","          IsInRecycleBin as boolean,","          RecycleBinItemCount as long,","          RecycleBinItemSize as long,","          SecondStageRecycleBinStorageUsage as long,","          IsTeamsConnectedSite as boolean,","          IsTeamsChannelSite as boolean,","          TeamsChannelType as string,","          IsCommunicationSite as boolean,","          IsHubSite as boolean,","          HubSiteId as string,","          IsOneDrive as boolean,","          BlockAccessFromUnmanagedDevices as boolean,","          BlockDownloadOfAllFilesOnUnmanagedDevices as boolean,","          BlockDownloadOfViewableFilesOnUnmanagedDevices as boolean,","          IsExternalSharingEnabled as boolean,","          Privacy as string,","          ShareByEmailEnabled as boolean,","          ShareByLinkEnabled as boolean,","          SiteConnectedToPrivateGroup as boolean,","          SensitivityLabelInfo as (Id as string, DisplayName as string),","          IBMode as string,","          RelatedGroupId as string,","          Owner as (AadObjectId as string, Email as string, UPN as string, Name as string),","          SecondaryContact as (AadObjectId as string, Email as string, UPN as string, Name as string),","          ReadLocked as boolean,","          ReadOnly as boolean,","          CreatedTime as string,","          LastSecurityModifiedDate as string,","          Operation as string,","          LastUserAccessDate as string,","          SnapshotDate as string","     ),","     umask: 0022,","     preCommands: [],","     postCommands: ['rm  /deleted/sites/_SUCCESS'],","     skipDuplicateMapInputs: true,","     skipDuplicateMapOutputs: true) ~> DeletedSitesSink"]}},"dependsOn":["[concat(variables('workspaceId'), '/datasets/IncomingSites1')]","[concat(variables('workspaceId'), '/datasets/LatestSitesTemp1')]","[concat(variables('workspaceId'), '/datasets/LatestSites1')]","[concat(variables('workspaceId'), '/datasets/DeletedSitesSink1')]"]},{"name":"[concat(parameters('workspaceName'), '/LatestSites1')]","type":"Microsoft.Synapse/workspaces/datasets","apiVersion":"2019-06-01-preview","properties":{"linkedServiceName":{"referenceName":"[parameters('AzureDataLakeStorage')]","type":"LinkedServiceReference"},"parameters":{"StorageContainerName":{"type":"string"}},"annotations":[],"type":"Json","typeProperties":{"location":{"type":"AzureBlobFSLocation","folderPath":{"value":"@concat('latest/sites')","type":"Expression"},"fileSystem":{"value":"@dataset().StorageContainerName","type":"Expression"}}},"schema":{"type":"object","properties":{"ptenant":{"type":"string"},"Id":{"type":"string"},"Url":{"type":"string"},"ArchiveState":{"type":"string"},"RootWeb":{"type":"object","properties":{"Configuration":{"type":"integer"},"Id":{"type":"string"},"Title":{"type":"string"},"WebTemplate":{"type":"string"},"WebTemplateId":{"type":"integer"},"LastItemModifiedDate":{"type":"string"}}},"WebCount":{"type":"long"},"StorageQuota":{"type":"long"},"StorageUsed":{"type":"long"},"StorageMetrics":{"type":"object","properties":{"MetadataSize":{"type":"long"},"TotalFileCount":{"type":"long"},"TotalFileStreamSize":{"type":"long"},"TotalSize":{"type":"long"}}},"GroupId":{"type":"string"},"GeoLocation":{"type":"string"},"IsInRecycleBin":{"type":"boolean"},"RecycleBinItemCount":{"type":"long"},"RecycleBinItemSize":{"type":"long"},"SecondStageRecycleBinStorageUsage":{"type":"long"},"IsTeamsConnectedSite":{"type":"boolean"},"IsTeamsChannelSite":{"type":"boolean"},"TeamsChannelType":{"type":"string"},"IsCommunicationSite":{"type":"boolean"},"IsHubSite":{"type":"boolean"},"HubSiteId":{"type":"string"},"IsOneDrive":{"type":"boolean"},"BlockAccessFromUnmanagedDevices":{"type":"boolean"},"BlockDownloadOfAllFilesOnUnmanagedDevices":{"type":"boolean"},"BlockDownloadOfViewableFilesOnUnmanagedDevices":{"type":"boolean"},"IsExternalSharingEnabled":{"type":"boolean"},"Privacy":{"type":"string"},"ShareByEmailEnabled":{"type":"boolean"},"ShareByLinkEnabled":{"type":"boolean"},"SiteConnectedToPrivateGroup":{"type":"boolean"},"SensitivityLabelInfo":{"type":"object","properties":{"Id":{"type":"string"},"DisplayName":{"type":"string"}}},"IBMode":{"type":"string"},"RelatedGroupId":{"type":"string"},"Owner":{"type":"object","properties":{"AadObjectId":{"type":"string"},"Email":{"type":"string"},"UPN":{"type":"string"},"Name":{"type":"string"}}},"SecondaryContact":{"type":"object","properties":{"AadObjectId":{"type":"string"},"Email":{"type":"string"},"UPN":{"type":"string"},"Name":{"type":"string"}}},"ReadLocked":{"type":"boolean"},"ReadOnly":{"type":"boolean"},"CreatedTime":{"type":"string"},"LastSecurityModifiedDate":{"type":"string"},"Operation":{"type":"string"},"LastUserAccessDate":{"type":"string"},"SnapshotDate":{"type":"string"}}}},"dependsOn":[]},{"name":"[concat(parameters('workspaceName'), '/LatestSitesTemp1')]","type":"Microsoft.Synapse/workspaces/datasets","apiVersion":"2019-06-01-preview","properties":{"linkedServiceName":{"referenceName":"[parameters('AzureDataLakeStorage')]","type":"LinkedServiceReference"},"parameters":{"StorageContainerName":{"type":"string"}},"annotations":[],"type":"Json","typeProperties":{"location":{"type":"AzureBlobFSLocation","folderPath":{"value":"@concat('temp/sites')","type":"Expression"},"fileSystem":{"value":"@dataset().StorageContainerName","type":"Expression"}}},"schema":{"type":"object","properties":{"ptenant":{"type":"string"},"Id":{"type":"string"},"Url":{"type":"string"},"ArchiveState":{"type":"string"},"RootWeb":{"type":"object","properties":{"Configuration":{"type":"integer"},"Id":{"type":"string"},"Title":{"type":"string"},"WebTemplate":{"type":"string"},"WebTemplateId":{"type":"integer"},"LastItemModifiedDate":{"type":"string"}}},"WebCount":{"type":"long"},"StorageQuota":{"type":"long"},"StorageUsed":{"type":"long"},"StorageMetrics":{"type":"object","properties":{"MetadataSize":{"type":"long"},"TotalFileCount":{"type":"long"},"TotalFileStreamSize":{"type":"long"},"TotalSize":{"type":"long"}}},"GroupId":{"type":"string"},"GeoLocation":{"type":"string"},"IsInRecycleBin":{"type":"boolean"},"RecycleBinItemCount":{"type":"long"},"RecycleBinItemSize":{"type":"long"},"SecondStageRecycleBinStorageUsage":{"type":"long"},"IsTeamsConnectedSite":{"type":"boolean"},"IsTeamsChannelSite":{"type":"boolean"},"TeamsChannelType":{"type":"string"},"IsCommunicationSite":{"type":"boolean"},"IsHubSite":{"type":"boolean"},"HubSiteId":{"type":"string"},"IsOneDrive":{"type":"boolean"},"BlockAccessFromUnmanagedDevices":{"type":"boolean"},"BlockDownloadOfAllFilesOnUnmanagedDevices":{"type":"boolean"},"BlockDownloadOfViewableFilesOnUnmanagedDevices":{"type":"boolean"},"IsExternalSharingEnabled":{"type":"boolean"},"Privacy":{"type":"string"},"ShareByEmailEnabled":{"type":"boolean"},"ShareByLinkEnabled":{"type":"boolean"},"SiteConnectedToPrivateGroup":{"type":"boolean"},"SensitivityLabelInfo":{"type":"object","properties":{"Id":{"type":"string"},"DisplayName":{"type":"string"}}},"IBMode":{"type":"string"},"RelatedGroupId":{"type":"string"},"Owner":{"type":"object","properties":{"AadObjectId":{"type":"string"},"Email":{"type":"string"},"UPN":{"type":"string"},"Name":{"type":"string"}}},"SecondaryContact":{"type":"object","properties":{"AadObjectId":{"type":"string"},"Email":{"type":"string"},"UPN":{"type":"string"},"Name":{"type":"string"}}},"ReadLocked":{"type":"boolean"},"ReadOnly":{"type":"boolean"},"CreatedTime":{"type":"string"},"LastSecurityModifiedDate":{"type":"string"},"Operation":{"type":"string"},"LastUserAccessDate":{"type":"string"},"SnapshotDate":{"type":"string"}}}},"dependsOn":[]},{"name":"[concat(parameters('workspaceName'), '/LatestPermissionsTemp1')]","type":"Microsoft.Synapse/workspaces/datasets","apiVersion":"2019-06-01-preview","properties":{"linkedServiceName":{"referenceName":"[parameters('AzureDataLakeStorage')]","type":"LinkedServiceReference"},"parameters":{"StorageContainerName":{"type":"string"}},"annotations":[],"type":"Json","typeProperties":{"location":{"type":"AzureBlobFSLocation","folderPath":{"value":"@concat('temp/permissions')","type":"Expression"},"fileSystem":{"value":"@dataset().StorageContainerName","type":"Expression"}}},"schema":{"type":"object","properties":{"ptenant":{"type":"string"},"SiteId":{"type":"string"},"WebId":{"type":"string"},"ListId":{"type":"string"},"ItemType":{"type":"string"},"ItemURL":{"type":"string"},"FileExtension":{"type":"string"},"RoleDefinition":{"type":"string"},"LinkId":{"type":"string"},"ScopeId":{"type":"string"},"LinkScope":{"type":"string"},"SharedWithCount":{"type":"array","items":{"type":"object","properties":{"Type":{"type":"string"},"Count":{"type":"integer"}}}},"SharedWith":{"type":"array","items":{"type":"object","properties":{"Type":{"type":"string"},"Name":{"type":"string"},"Email":{"type":"string"},"TypeV2":{"type":"string"},"UPN":{"type":"string"},"AADObjectId":{"type":"string"},"UserCount":{"type":"integer"}}}},"TotalUserCount":{"type":"integer"},"ShareCreatedBy":{"type":"object","properties":{"Type":{"type":"string"},"Name":{"type":"string"},"Email":{"type":"string"},"UPN":{"type":"string"}}},"ShareCreatedTime":{"type":"string"},"ShareLastModifiedBy":{"type":"object","properties":{"Type":{"type":"string"},"Name":{"type":"string"},"Email":{"type":"string"},"UPN":{"type":"string"}}},"ShareLastModifiedTime":{"type":"string"},"Operation":{"type":"string"},"SnapshotDate":{"type":"string"}}}},"dependsOn":[]},{"name":"[concat(parameters('workspaceName'), '/LatestPermissions1')]","type":"Microsoft.Synapse/workspaces/datasets","apiVersion":"2019-06-01-preview","properties":{"linkedServiceName":{"referenceName":"[parameters('AzureDataLakeStorage')]","type":"LinkedServiceReference"},"parameters":{"StorageContainerName":{"type":"string"}},"annotations":[],"type":"Json","typeProperties":{"location":{"type":"AzureBlobFSLocation","folderPath":{"value":"@concat('latest/permissions')","type":"Expression"},"fileSystem":{"value":"@dataset().StorageContainerName","type":"Expression"}}},"schema":{"type":"object","properties":{"ptenant":{"type":"string"},"SiteId":{"type":"string"},"WebId":{"type":"string"},"ListId":{"type":"string"},"ItemType":{"type":"string"},"ItemURL":{"type":"string"},"FileExtension":{"type":"string"},"RoleDefinition":{"type":"string"},"LinkId":{"type":"string"},"ScopeId":{"type":"string"},"LinkScope":{"type":"string"},"SharedWithCount":{"type":"array","items":{"type":"object","properties":{"Type":{"type":"string"},"Count":{"type":"integer"}}}},"SharedWith":{"type":"array","items":{"type":"object","properties":{"Type":{"type":"string"},"Name":{"type":"string"},"Email":{"type":"string"},"TypeV2":{"type":"string"},"UPN":{"type":"string"},"AADObjectId":{"type":"string"},"UserCount":{"type":"integer"}}}},"TotalUserCount":{"type":"integer"},"ShareCreatedBy":{"type":"object","properties":{"Type":{"type":"string"},"Name":{"type":"string"},"Email":{"type":"string"},"UPN":{"type":"string"}}},"ShareCreatedTime":{"type":"string"},"ShareLastModifiedBy":{"type":"object","properties":{"Type":{"type":"string"},"Name":{"type":"string"},"Email":{"type":"string"},"UPN":{"type":"string"}}},"ShareLastModifiedTime":{"type":"string"},"Operation":{"type":"string"},"SnapshotDate":{"type":"string"}}}},"dependsOn":[]},{"name":"[concat(parameters('workspaceName'), '/MergePermissions')]","type":"Microsoft.Synapse/workspaces/dataflows","apiVersion":"2019-06-01-preview","properties":{"type":"MappingDataFlow","typeProperties":{"sources":[{"dataset":{"referenceName":"IncomingPermissions1","type":"DatasetReference"},"name":"IncomingPermissions"},{"dataset":{"referenceName":"LatestPermissionsTemp1","type":"DatasetReference"},"name":"LatestPermissionsTemp"}],"sinks":[{"dataset":{"referenceName":"LatestPermissions1","type":"DatasetReference"},"name":"FullPermissions","description":"Export data to LatestPermissions"},{"dataset":{"referenceName":"DeletedPermissionsSink1","type":"DatasetReference"},"name":"DeletedPermissionsSink"}],"transformations":[{"name":"GetPermissionsNotInDelta","description":"Data in latest that is not being updated"},{"name":"UnionExistingWithDelta","description":"Combine only in existing with incoming delta"},{"name":"SplitoutDeletes"}],"scriptLines":["source(output(","          ptenant as string,","          SiteId as string,","          WebId as string,","          ListId as string,","          ItemType as string,","          ItemURL as string,","          FileExtension as string,","          RoleDefinition as string,","          LinkId as string,","          ScopeId as string,","          LinkScope as string,","          SharedWithCount as (Type as string, Count as integer)[],","          SharedWith as (Type as string, Name as string, Email as string, TypeV2 as string, UPN as string, AADObjectId as string, UserCount as integer)[],","          TotalUserCount as integer,","          ShareCreatedBy as (Type as string, Name as string, Email as string, UPN as string),","          ShareCreatedTime as string,","          ShareLastModifiedBy as (Type as string, Name as string, Email as string, UPN as string),","          ShareLastModifiedTime as string,","          Operation as string,","          SnapshotDate as string","     ),","     allowSchemaDrift: true,","     validateSchema: false,","     ignoreNoFilesFound: false,","     documentForm: 'documentPerLine') ~> IncomingPermissions","source(output(","          ptenant as string,","          SiteId as string,","          WebId as string,","          ListId as string,","          ItemType as string,","          ItemURL as string,","          FileExtension as string,","          RoleDefinition as string,","          LinkId as string,","          ScopeId as string,","          LinkScope as string,","          SharedWithCount as (Type as string, Count as integer)[],","          SharedWith as (Type as string, Name as string, Email as string, TypeV2 as string, UPN as string, AADObjectId as string, UserCount as integer)[],","          TotalUserCount as integer,","          ShareCreatedBy as (Type as string, Name as string, Email as string, UPN as string),","          ShareCreatedTime as string,","          ShareLastModifiedBy as (Type as string, Name as string, Email as string, UPN as string),","          ShareLastModifiedTime as string,","          Operation as string,","          SnapshotDate as string","     ),","     allowSchemaDrift: true,","     validateSchema: false,","     ignoreNoFilesFound: false,","     documentForm: 'documentPerLine') ~> LatestPermissionsTemp","LatestPermissionsTemp, IncomingPermissions exists(LatestPermissionsTemp@SiteId == IncomingPermissions@SiteId","     && LatestPermissionsTemp@ScopeId == IncomingPermissions@ScopeId","     && LatestPermissionsTemp@RoleDefinition == IncomingPermissions@RoleDefinition","     && LatestPermissionsTemp@LinkId == IncomingPermissions@LinkId,","     negate:true,","     broadcast: 'auto')~> GetPermissionsNotInDelta","GetPermissionsNotInDelta, IncomingPermissions union(byName: true)~> UnionExistingWithDelta","UnionExistingWithDelta split(notEquals(Operation, \"Deleted\"),","     disjoint: false) ~> SplitoutDeletes@(AllExceptDeletes, Deletes)","SplitoutDeletes@AllExceptDeletes sink(allowSchemaDrift: true,","     validateSchema: false,","     input(","          ptenant as string,","          SiteId as string,","          WebId as string,","          ListId as string,","          ItemType as string,","          ItemURL as string,","          FileExtension as string,","          RoleDefinition as string,","          LinkId as string,","          ScopeId as string,","          LinkScope as string,","          SharedWithCount as (Type as string, Count as integer)[],","          SharedWith as (Type as string, Name as string, Email as string, TypeV2 as string, UPN as string, AADObjectId as string, UserCount as integer)[],","          TotalUserCount as integer,","          ShareCreatedBy as (Type as string, Name as string, Email as string, UPN as string),","          ShareCreatedTime as string,","          ShareLastModifiedBy as (Type as string, Name as string, Email as string, UPN as string),","          ShareLastModifiedTime as string,","          Operation as string,","          SnapshotDate as string","     ),","     truncate: true,","     umask: 0022,","     preCommands: [],","     postCommands: ['rm  /latest/permissions/_SUCCESS'],","     skipDuplicateMapInputs: true,","     skipDuplicateMapOutputs: true) ~> FullPermissions","SplitoutDeletes@Deletes sink(allowSchemaDrift: true,","     validateSchema: false,","     input(","          ptenant as string,","          SiteId as string,","          WebId as string,","          ListId as string,","          ItemType as string,","          ItemURL as string,","          FileExtension as string,","          RoleDefinition as string,","          LinkId as string,","          ScopeId as string,","          LinkScope as string,","          SharedWithCount as (Type as string, Count as integer)[],","          SharedWith as (Type as string, Name as string, Email as string, TypeV2 as string, UPN as string, AADObjectId as string, UserCount as integer)[],","          TotalUserCount as integer,","          ShareCreatedBy as (Type as string, Name as string, Email as string, UPN as string),","          ShareCreatedTime as string,","          ShareLastModifiedBy as (Type as string, Name as string, Email as string, UPN as string),","          ShareLastModifiedTime as string,","          Operation as string,","          SnapshotDate as string","     ),","     umask: 0022,","     preCommands: [],","     postCommands: ['rm  /deleted/permissions/_SUCCESS'],","     skipDuplicateMapInputs: true,","     skipDuplicateMapOutputs: true) ~> DeletedPermissionsSink"]}},"dependsOn":["[concat(variables('workspaceId'), '/datasets/IncomingPermissions1')]","[concat(variables('workspaceId'), '/datasets/LatestPermissionsTemp1')]","[concat(variables('workspaceId'), '/datasets/LatestPermissions1')]","[concat(variables('workspaceId'), '/datasets/DeletedPermissionsSink1')]"]},{"name":"[concat(parameters('workspaceName'), '/LatestSPOGroupsTemp1')]","type":"Microsoft.Synapse/workspaces/datasets","apiVersion":"2019-06-01-preview","properties":{"linkedServiceName":{"referenceName":"[parameters('AzureDataLakeStorage')]","type":"LinkedServiceReference"},"parameters":{"StorageContainerName":{"type":"string"}},"annotations":[],"type":"Json","typeProperties":{"location":{"type":"AzureBlobFSLocation","folderPath":{"value":"@concat('temp/spogroups')","type":"Expression"},"fileSystem":{"value":"@dataset().StorageContainerName","type":"Expression"}}},"schema":{"type":"object","properties":{"ptenant":{"type":"string"},"SiteId":{"type":"string"},"GroupId":{"type":"integer"},"GroupLinkId":{"type":"string"},"GroupType":{"type":"string"},"DisplayName":{"type":"string"},"Owner":{"type":"object","properties":{"Type":{"type":"string"},"AadObjectId":{"type":"string"},"Name":{"type":"string"},"Email":{"type":"string"},"TypeV2":{"type":"string"}}},"Members":{"type":"array","items":{"type":"object","properties":{"Type":{"type":"string"},"AadObjectId":{"type":"string"},"Name":{"type":"string"},"Email":{"type":"string"},"TypeV2":{"type":"string"}}}},"Operation":{"type":"string"},"SnapshotDate":{"type":"string"}}}},"dependsOn":[]},{"name":"[concat(parameters('workspaceName'), '/LatestSPOGroups1')]","type":"Microsoft.Synapse/workspaces/datasets","apiVersion":"2019-06-01-preview","properties":{"linkedServiceName":{"referenceName":"[parameters('AzureDataLakeStorage')]","type":"LinkedServiceReference"},"parameters":{"StorageContainerName":{"type":"string"}},"annotations":[],"type":"Json","typeProperties":{"location":{"type":"AzureBlobFSLocation","folderPath":{"value":"@concat('latest/spogroups')","type":"Expression"},"fileSystem":{"value":"@dataset().StorageContainerName","type":"Expression"}}},"schema":{"type":"object","properties":{"ptenant":{"type":"string"},"SiteId":{"type":"string"},"GroupId":{"type":"integer"},"GroupLinkId":{"type":"string"},"GroupType":{"type":"string"},"DisplayName":{"type":"string"},"Owner":{"type":"object","properties":{"Type":{"type":"string"},"AadObjectId":{"type":"string"},"Name":{"type":"string"},"Email":{"type":"string"},"TypeV2":{"type":"string"}}},"Members":{"type":"array","items":{"type":"object","properties":{"Type":{"type":"string"},"AadObjectId":{"type":"string"},"Name":{"type":"string"},"Email":{"type":"string"},"TypeV2":{"type":"string"}}}},"Operation":{"type":"string"},"SnapshotDate":{"type":"string"}}}},"dependsOn":[]},{"name":"[concat(parameters('workspaceName'), '/MergeSPOGroups')]","type":"Microsoft.Synapse/workspaces/dataflows","apiVersion":"2019-06-01-preview","properties":{"type":"MappingDataFlow","typeProperties":{"sources":[{"dataset":{"referenceName":"IncomingSPOGroups1","type":"DatasetReference"},"name":"IncomingSPOGroups"},{"dataset":{"referenceName":"LatestSPOGroupsTemp1","type":"DatasetReference"},"name":"LatestSPOGroupsTemp","description":"Import data from LatestSPOGroupsTemp"}],"sinks":[{"dataset":{"referenceName":"LatestSPOGroups1","type":"DatasetReference"},"name":"FullSPOGroups"},{"dataset":{"referenceName":"DeletedSPOGroupsSink1","type":"DatasetReference"},"name":"DeletedSitesSink"}],"transformations":[{"name":"GetSPOGroupsNotInDelta","description":"Data in latest that is not being updated"},{"name":"UnionExistingWithDelta","description":"Combine only in existing with incoming delta"},{"name":"SplitoutDeletes"}],"scriptLines":["source(output(","          ptenant as string,","          SiteId as string,","          GroupId as integer,","          GroupLinkId as string,","          GroupType as string,","          DisplayName as string,","          Owner as (Type as string, AadObjectId as string, Name as string, Email as string, TypeV2 as string),","          Members as (Type as string, AadObjectId as string, Name as string, Email as string, TypeV2 as string)[],","          Operation as string,","          SnapshotDate as string","     ),","     allowSchemaDrift: true,","     validateSchema: false,","     ignoreNoFilesFound: false,","     documentForm: 'documentPerLine') ~> IncomingSPOGroups","source(output(","          ptenant as string,","          SiteId as string,","          GroupId as integer,","          GroupLinkId as string,","          GroupType as string,","          DisplayName as string,","          Owner as (Type as string, AadObjectId as string, Name as string, Email as string, TypeV2 as string),","          Members as (Type as string, AadObjectId as string, Name as string, Email as string, TypeV2 as string)[],","          Operation as string,","          SnapshotDate as string","     ),","     allowSchemaDrift: true,","     validateSchema: false,","     ignoreNoFilesFound: false,","     documentForm: 'documentPerLine') ~> LatestSPOGroupsTemp","LatestSPOGroupsTemp, IncomingSPOGroups exists(LatestSPOGroupsTemp@SiteId == IncomingSPOGroups@SiteId","     && LatestSPOGroupsTemp@GroupId == IncomingSPOGroups@GroupId,","     negate:true,","     broadcast: 'auto')~> GetSPOGroupsNotInDelta","GetSPOGroupsNotInDelta, IncomingSPOGroups union(byName: true)~> UnionExistingWithDelta","UnionExistingWithDelta split(notEquals(Operation, \"Deleted\"),","     disjoint: false) ~> SplitoutDeletes@(AllExceptDeletes, Deletes)","SplitoutDeletes@AllExceptDeletes sink(allowSchemaDrift: true,","     validateSchema: false,","     input(","          ptenant as string,","          SiteId as string,","          GroupId as integer,","          GroupLinkId as string,","          GroupType as string,","          DisplayName as string,","          Owner as (Type as string, AadObjectId as string, Name as string, Email as string, TypeV2 as string),","          Members as (Type as string, AadObjectId as string, Name as string, Email as string, TypeV2 as string)[],","          Operation as string,","          SnapshotDate as string","     ),","     truncate: true,","     umask: 0022,","     preCommands: [],","     postCommands: ['rm  /latest/spogroups/_SUCCESS'],","     skipDuplicateMapInputs: true,","     skipDuplicateMapOutputs: true) ~> FullSPOGroups","SplitoutDeletes@Deletes sink(allowSchemaDrift: true,","     validateSchema: false,","     input(","          ptenant as string,","          SiteId as string,","          GroupId as integer,","          GroupLinkId as string,","          GroupType as string,","          DisplayName as string,","          Owner as (Type as string, AadObjectId as string, Name as string, Email as string, TypeV2 as string),","          Members as (Type as string, AadObjectId as string, Name as string, Email as string, TypeV2 as string)[],","          Operation as string,","          SnapshotDate as string","     ),","     umask: 0022,","     preCommands: [],","     postCommands: ['rm  /deleted/spogroups/_SUCCESS'],","     skipDuplicateMapInputs: true,","     skipDuplicateMapOutputs: true) ~> DeletedSitesSink"]}},"dependsOn":["[concat(variables('workspaceId'), '/datasets/IncomingSPOGroups1')]","[concat(variables('workspaceId'), '/datasets/LatestSPOGroupsTemp1')]","[concat(variables('workspaceId'), '/datasets/LatestSPOGroups1')]","[concat(variables('workspaceId'), '/datasets/DeletedSPOGroupsSink1')]"]},{"name":"[concat(parameters('workspaceName'), '/LatestSitesBinary1')]","type":"Microsoft.Synapse/workspaces/datasets","apiVersion":"2019-06-01-preview","properties":{"linkedServiceName":{"referenceName":"[parameters('AzureDataLakeStorage')]","type":"LinkedServiceReference"},"parameters":{"StorageContainerName":{"type":"string"}},"annotations":[],"type":"Binary","typeProperties":{"location":{"type":"AzureBlobFSLocation","folderPath":"latest/sites","fileSystem":{"value":"@dataset().StorageContainerName","type":"Expression"}}}},"dependsOn":[]},{"name":"[concat(parameters('workspaceName'), '/LatestPermissionsBinary1')]","type":"Microsoft.Synapse/workspaces/datasets","apiVersion":"2019-06-01-preview","properties":{"linkedServiceName":{"referenceName":"[parameters('AzureDataLakeStorage')]","type":"LinkedServiceReference"},"parameters":{"StorageContainerName":{"type":"string"}},"annotations":[],"type":"Binary","typeProperties":{"location":{"type":"AzureBlobFSLocation","folderPath":"latest/permissions","fileSystem":{"value":"@dataset().StorageContainerName","type":"Expression"}}}},"dependsOn":[]},{"name":"[concat(parameters('workspaceName'), '/LatestSPOGroupsBinary1')]","type":"Microsoft.Synapse/workspaces/datasets","apiVersion":"2019-06-01-preview","properties":{"linkedServiceName":{"referenceName":"[parameters('AzureDataLakeStorage')]","type":"LinkedServiceReference"},"parameters":{"StorageContainerName":{"type":"string"}},"annotations":[],"type":"Binary","typeProperties":{"location":{"type":"AzureBlobFSLocation","folderPath":{"value":"@concat('latest/spogroups')","type":"Expression"},"fileSystem":{"value":"@dataset().StorageContainerName","type":"Expression"}}}},"dependsOn":[]},{"name":"[concat(parameters('workspaceName'), '/LatestSPOGroupDetails')]","type":"Microsoft.Synapse/workspaces/datasets","apiVersion":"2019-06-01-preview","properties":{"linkedServiceName":{"referenceName":"[parameters('AzureDataLakeStorage')]","type":"LinkedServiceReference"},"parameters":{"StorageContainerName":{"type":"string"}},"annotations":[],"type":"Json","typeProperties":{"location":{"type":"AzureBlobFSLocation","folderPath":{"value":"@concat('latest/spogroupdetails')","type":"Expression"},"fileSystem":{"value":"@dataset().StorageContainerName","type":"Expression"}}},"schema":{"type":"object","properties":{"ptenant":{"type":"string"},"SiteId":{"type":"string"},"GroupId":{"type":"integer"},"GroupLinkId":{"type":"string"},"GroupType":{"type":"string"},"DisplayName":{"type":"string"},"Owner":{"type":"object","properties":{"Type":{"type":"string"},"AadObjectId":{"type":"string"},"Name":{"type":"string"},"Email":{"type":"string"},"TypeV2":{"type":"string"}}},"Operation":{"type":"string"},"SnapshotDate":{"type":"string"},"EveryoneExceptExternalsMember":{"type":"boolean"},"EveryoneMember":{"type":"boolean"},"CompositeKey":{"type":"string"}}}},"dependsOn":[]},{"name":"[concat(parameters('workspaceName'), '/LatestSPOGroupMembers')]","type":"Microsoft.Synapse/workspaces/datasets","apiVersion":"2019-06-01-preview","properties":{"linkedServiceName":{"referenceName":"[parameters('AzureDataLakeStorage')]","type":"LinkedServiceReference"},"parameters":{"StorageContainerName":{"type":"string"}},"annotations":[],"type":"Json","typeProperties":{"location":{"type":"AzureBlobFSLocation","folderPath":{"value":"@concat('latest/spogroupmembers')","type":"Expression"},"fileSystem":{"value":"@dataset().StorageContainerName","type":"Expression"}}},"schema":{}},"dependsOn":[]},{"name":"[concat(parameters('workspaceName'), '/IncomingSites1')]","type":"Microsoft.Synapse/workspaces/datasets","apiVersion":"2019-06-01-preview","properties":{"linkedServiceName":{"referenceName":"[parameters('AzureDataLakeStorage')]","type":"LinkedServiceReference"},"parameters":{"EndTime":{"type":"string"},"StorageContainerName":{"type":"string"},"RunId":{"type":"string"}},"annotations":[],"type":"Json","typeProperties":{"location":{"type":"AzureBlobFSLocation","folderPath":{"value":"@concat('raw/sites/',formatDateTime(dataset().EndTime, 'yyyy'),'/', formatDateTime(dataset().EndTime, 'MM'),'/',formatDateTime(dataset().EndTime, 'dd'),'/',dataset().RunId)","type":"Expression"},"fileSystem":{"value":"@dataset().StorageContainerName","type":"Expression"}}},"schema":{"type":"object","properties":{"ptenant":{"type":"string"},"Id":{"type":"string"},"Url":{"type":"string"},"ArchiveState":{"type":"string"},"RootWeb":{"type":"object","properties":{"Configuration":{"type":"integer"},"Id":{"type":"string"},"Title":{"type":"string"},"WebTemplate":{"type":"string"},"WebTemplateId":{"type":"integer"},"LastItemModifiedDate":{"type":"string"}}},"WebCount":{"type":"long"},"StorageQuota":{"type":"long"},"StorageUsed":{"type":"long"},"StorageMetrics":{"type":"object","properties":{"MetadataSize":{"type":"long"},"TotalFileCount":{"type":"long"},"TotalFileStreamSize":{"type":"long"},"TotalSize":{"type":"long"}}},"GroupId":{"type":"string"},"GeoLocation":{"type":"string"},"IsInRecycleBin":{"type":"boolean"},"RecycleBinItemCount":{"type":"long"},"RecycleBinItemSize":{"type":"long"},"SecondStageRecycleBinStorageUsage":{"type":"long"},"IsTeamsConnectedSite":{"type":"boolean"},"IsTeamsChannelSite":{"type":"boolean"},"TeamsChannelType":{"type":"string"},"IsCommunicationSite":{"type":"boolean"},"IsHubSite":{"type":"boolean"},"HubSiteId":{"type":"string"},"IsOneDrive":{"type":"boolean"},"BlockAccessFromUnmanagedDevices":{"type":"boolean"},"BlockDownloadOfAllFilesOnUnmanagedDevices":{"type":"boolean"},"BlockDownloadOfViewableFilesOnUnmanagedDevices":{"type":"boolean"},"IsExternalSharingEnabled":{"type":"boolean"},"Privacy":{"type":"string"},"ShareByEmailEnabled":{"type":"boolean"},"ShareByLinkEnabled":{"type":"boolean"},"SiteConnectedToPrivateGroup":{"type":"boolean"},"SensitivityLabelInfo":{"type":"object","properties":{"Id":{"type":"string"},"DisplayName":{"type":"string"}}},"IBMode":{"type":"string"},"RelatedGroupId":{"type":"string"},"Owner":{"type":"object","properties":{"AadObjectId":{"type":"string"},"Email":{"type":"string"},"UPN":{"type":"string"},"Name":{"type":"string"}}},"SecondaryContact":{"type":"object","properties":{"AadObjectId":{"type":"string"},"Email":{"type":"string"},"UPN":{"type":"string"},"Name":{"type":"string"}}},"ReadLocked":{"type":"boolean"},"ReadOnly":{"type":"boolean"},"CreatedTime":{"type":"string"},"LastSecurityModifiedDate":{"type":"string"},"Operation":{"type":"string"},"LastUserAccessDate":{"type":"string"},"SnapshotDate":{"type":"string"}}}},"dependsOn":[]},{"name":"[concat(parameters('workspaceName'), '/DeletedSitesSink1')]","type":"Microsoft.Synapse/workspaces/datasets","apiVersion":"2019-06-01-preview","properties":{"linkedServiceName":{"referenceName":"[parameters('AzureDataLakeStorage')]","type":"LinkedServiceReference"},"parameters":{"StorageContainerName":{"type":"string"}},"annotations":[],"type":"Json","typeProperties":{"location":{"type":"AzureBlobFSLocation","folderPath":{"value":"@concat('deleted/sites')","type":"Expression"},"fileSystem":{"value":"@dataset().StorageContainerName","type":"Expression"}}},"schema":{"type":"object","properties":{"ptenant":{"type":"string"},"Id":{"type":"string"},"Url":{"type":"string"},"ArchiveState":{"type":"string"},"RootWeb":{"type":"object","properties":{"Configuration":{"type":"integer"},"Id":{"type":"string"},"Title":{"type":"string"},"WebTemplate":{"type":"string"},"WebTemplateId":{"type":"integer"},"LastItemModifiedDate":{"type":"string"}}},"WebCount":{"type":"long"},"StorageQuota":{"type":"long"},"StorageUsed":{"type":"long"},"StorageMetrics":{"type":"object","properties":{"MetadataSize":{"type":"long"},"TotalFileCount":{"type":"long"},"TotalFileStreamSize":{"type":"long"},"TotalSize":{"type":"long"}}},"GroupId":{"type":"string"},"GeoLocation":{"type":"string"},"IsInRecycleBin":{"type":"boolean"},"RecycleBinItemCount":{"type":"long"},"RecycleBinItemSize":{"type":"long"},"SecondStageRecycleBinStorageUsage":{"type":"long"},"IsTeamsConnectedSite":{"type":"boolean"},"IsTeamsChannelSite":{"type":"boolean"},"TeamsChannelType":{"type":"string"},"IsCommunicationSite":{"type":"boolean"},"IsHubSite":{"type":"boolean"},"HubSiteId":{"type":"string"},"IsOneDrive":{"type":"boolean"},"BlockAccessFromUnmanagedDevices":{"type":"boolean"},"BlockDownloadOfAllFilesOnUnmanagedDevices":{"type":"boolean"},"BlockDownloadOfViewableFilesOnUnmanagedDevices":{"type":"boolean"},"IsExternalSharingEnabled":{"type":"boolean"},"Privacy":{"type":"string"},"ShareByEmailEnabled":{"type":"boolean"},"ShareByLinkEnabled":{"type":"boolean"},"SiteConnectedToPrivateGroup":{"type":"boolean"},"SensitivityLabelInfo":{"type":"object","properties":{"Id":{"type":"string"},"DisplayName":{"type":"string"}}},"IBMode":{"type":"string"},"RelatedGroupId":{"type":"string"},"Owner":{"type":"object","properties":{"AadObjectId":{"type":"string"},"Email":{"type":"string"},"UPN":{"type":"string"},"Name":{"type":"string"}}},"SecondaryContact":{"type":"object","properties":{"AadObjectId":{"type":"string"},"Email":{"type":"string"},"UPN":{"type":"string"},"Name":{"type":"string"}}},"ReadLocked":{"type":"boolean"},"ReadOnly":{"type":"boolean"},"CreatedTime":{"type":"string"},"LastSecurityModifiedDate":{"type":"string"},"Operation":{"type":"string"},"LastUserAccessDate":{"type":"string"},"SnapshotDate":{"type":"string"}}}},"dependsOn":[]},{"name":"[concat(parameters('workspaceName'), '/IncomingPermissions1')]","type":"Microsoft.Synapse/workspaces/datasets","apiVersion":"2019-06-01-preview","properties":{"linkedServiceName":{"referenceName":"[parameters('AzureDataLakeStorage')]","type":"LinkedServiceReference"},"parameters":{"StorageContainerName":{"type":"string"},"RunId":{"type":"string"},"EndTime":{"type":"string"}},"annotations":[],"type":"Json","typeProperties":{"location":{"type":"AzureBlobFSLocation","folderPath":{"value":"@concat('raw/permissions/',formatDateTime(dataset().EndTime, 'yyyy'),'/', formatDateTime(dataset().EndTime, 'MM'),'/',formatDateTime(dataset().EndTime, 'dd'),'/',dataset().RunId)","type":"Expression"},"fileSystem":{"value":"@dataset().StorageContainerName","type":"Expression"}}},"schema":{"type":"object","properties":{"ptenant":{"type":"string"},"SiteId":{"type":"string"},"WebId":{"type":"string"},"ListId":{"type":"string"},"ItemType":{"type":"string"},"ItemURL":{"type":"string"},"FileExtension":{"type":"string"},"RoleDefinition":{"type":"string"},"LinkId":{"type":"string"},"ScopeId":{"type":"string"},"LinkScope":{"type":"string"},"SharedWithCount":{"type":"array","items":{"type":"object","properties":{"Type":{"type":"string"},"Count":{"type":"integer"}}}},"SharedWith":{"type":"array","items":{"type":"object","properties":{"Type":{"type":"string"},"Name":{"type":"string"},"Email":{"type":"string"},"TypeV2":{"type":"string"},"UPN":{"type":"string"},"AADObjectId":{"type":"string"},"UserCount":{"type":"integer"}}}},"TotalUserCount":{"type":"integer"},"ShareCreatedBy":{"type":"object","properties":{"Type":{"type":"string"},"Name":{"type":"string"},"Email":{"type":"string"},"UPN":{"type":"string"}}},"ShareCreatedTime":{"type":"string"},"ShareLastModifiedBy":{"type":"object","properties":{"Type":{"type":"string"},"Name":{"type":"string"},"Email":{"type":"string"},"UPN":{"type":"string"}}},"ShareLastModifiedTime":{"type":"string"},"Operation":{"type":"string"},"SnapshotDate":{"type":"string"}}}},"dependsOn":[]},{"name":"[concat(parameters('workspaceName'), '/DeletedPermissionsSink1')]","type":"Microsoft.Synapse/workspaces/datasets","apiVersion":"2019-06-01-preview","properties":{"linkedServiceName":{"referenceName":"[parameters('AzureDataLakeStorage')]","type":"LinkedServiceReference"},"parameters":{"StorageContainerName":{"type":"string"}},"annotations":[],"type":"Json","typeProperties":{"location":{"type":"AzureBlobFSLocation","folderPath":{"value":"@concat('deleted/permissions')","type":"Expression"},"fileSystem":{"value":"@dataset().StorageContainerName","type":"Expression"}}},"schema":{"type":"object","properties":{"ptenant":{"type":"string"},"SiteId":{"type":"string"},"WebId":{"type":"string"},"ListId":{"type":"string"},"ItemType":{"type":"string"},"ItemURL":{"type":"string"},"FileExtension":{"type":"string"},"RoleDefinition":{"type":"string"},"LinkId":{"type":"string"},"ScopeId":{"type":"string"},"LinkScope":{"type":"string"},"SharedWithCount":{"type":"array","items":{"type":"object","properties":{"Type":{"type":"string"},"Count":{"type":"integer"}}}},"SharedWith":{"type":"array","items":{"type":"object","properties":{"Type":{"type":"string"},"Name":{"type":"string"},"Email":{"type":"string"},"TypeV2":{"type":"string"},"UPN":{"type":"string"},"AADObjectId":{"type":"string"},"UserCount":{"type":"integer"}}}},"TotalUserCount":{"type":"integer"},"ShareCreatedBy":{"type":"object","properties":{"Type":{"type":"string"},"Name":{"type":"string"},"Email":{"type":"string"},"UPN":{"type":"string"}}},"ShareCreatedTime":{"type":"string"},"ShareLastModifiedBy":{"type":"object","properties":{"Type":{"type":"string"},"Name":{"type":"string"},"Email":{"type":"string"},"UPN":{"type":"string"}}},"ShareLastModifiedTime":{"type":"string"},"Operation":{"type":"string"},"SnapshotDate":{"type":"string"}}}},"dependsOn":[]},{"name":"[concat(parameters('workspaceName'), '/IncomingSPOGroups1')]","type":"Microsoft.Synapse/workspaces/datasets","apiVersion":"2019-06-01-preview","properties":{"linkedServiceName":{"referenceName":"[parameters('AzureDataLakeStorage')]","type":"LinkedServiceReference"},"parameters":{"StorageContainerName":{"type":"string"},"RunId":{"type":"string"},"EndTime":{"type":"string"}},"annotations":[],"type":"Json","typeProperties":{"location":{"type":"AzureBlobFSLocation","folderPath":{"value":"@concat('raw/spogroups/',formatDateTime(dataset().EndTime, 'yyyy'),'/', formatDateTime(dataset().EndTime, 'MM'),'/',formatDateTime(dataset().EndTime, 'dd'),'/',dataset().RunId)","type":"Expression"},"fileSystem":{"value":"@dataset().StorageContainerName","type":"Expression"}}},"schema":{"type":"object","properties":{"ptenant":{"type":"string"},"SiteId":{"type":"string"},"GroupId":{"type":"integer"},"GroupLinkId":{"type":"string"},"GroupType":{"type":"string"},"DisplayName":{"type":"string"},"Owner":{"type":"object","properties":{"Type":{"type":"string"},"AadObjectId":{"type":"string"},"Name":{"type":"string"},"Email":{"type":"string"},"TypeV2":{"type":"string"}}},"Members":{"type":"array","items":{"type":"object","properties":{"Type":{"type":"string"},"AadObjectId":{"type":"string"},"Name":{"type":"string"},"Email":{"type":"string"},"TypeV2":{"type":"string"}}}},"Operation":{"type":"string"},"SnapshotDate":{"type":"string"}}}},"dependsOn":[]},{"name":"[concat(parameters('workspaceName'), '/DeletedSPOGroupsSink1')]","type":"Microsoft.Synapse/workspaces/datasets","apiVersion":"2019-06-01-preview","properties":{"linkedServiceName":{"referenceName":"[parameters('AzureDataLakeStorage')]","type":"LinkedServiceReference"},"parameters":{"StorageContainerName":{"type":"string"}},"annotations":[],"type":"Json","typeProperties":{"location":{"type":"AzureBlobFSLocation","folderPath":{"value":"@concat('deleted/spogroups')","type":"Expression"},"fileSystem":{"value":"@dataset().StorageContainerName","type":"Expression"}}},"schema":{"type":"object","properties":{"ptenant":{"type":"string"},"SiteId":{"type":"string"},"GroupId":{"type":"integer"},"GroupLinkId":{"type":"string"},"GroupType":{"type":"string"},"DisplayName":{"type":"string"},"Owner":{"type":"object","properties":{"Type":{"type":"string"},"AadObjectId":{"type":"string"},"Name":{"type":"string"},"Email":{"type":"string"},"TypeV2":{"type":"string"}}},"Members":{"type":"array","items":{"type":"object","properties":{"Type":{"type":"string"},"AadObjectId":{"type":"string"},"Name":{"type":"string"},"Email":{"type":"string"},"TypeV2":{"type":"string"}}}},"Operation":{"type":"string"},"SnapshotDate":{"type":"string"}}}},"dependsOn":[]}]}