{"$schema":"http://schema.management.azure.com/schemas/2015-01-01/deploymentTemplate.json#","contentVersion":"1.0.0.0","parameters":{"workspaceName":{"type":"string","metadata":"Workspace name","defaultValue":"grover-mgdc"},"Microsoft365First":{"type":"string"},"ServicePrincipalCon":{"type":"string"}},"variables":{"workspaceId":"[concat('Microsoft.Synapse/workspaces/', parameters('workspaceName'))]"},"resources":[{"name":"[concat(parameters('workspaceName'), '/Storage_Top1')]","type":"Microsoft.Synapse/workspaces/pipelines","apiVersion":"2019-06-01-preview","properties":{"activities":[{"name":"SitesTop1","type":"Copy","dependsOn":[],"policy":{"timeout":"0.12:00:00","retry":0,"retryIntervalInSeconds":30,"secureOutput":false,"secureInput":false},"userProperties":[],"typeProperties":{"source":{"type":"Office365Source","dateFilterColumn":"SnapshotDate","startTime":{"value":"@pipeline().parameters.StartTime","type":"Expression"},"endTime":{"value":"@pipeline().parameters.EndTime","type":"Expression"},"outputColumns":[{"name":"ptenant"},{"name":"Id"},{"name":"Url"},{"name":"ArchiveState"},{"name":"RootWeb"},{"name":"WebCount"},{"name":"StorageQuota"},{"name":"StorageUsed"},{"name":"StorageMetrics"},{"name":"GroupId"},{"name":"GeoLocation"},{"name":"IsInRecycleBin"},{"name":"RecycleBinItemCount"},{"name":"RecycleBinItemSize"},{"name":"SecondStageRecycleBinStorageUsage"},{"name":"IsTeamsConnectedSite"},{"name":"IsTeamsChannelSite"},{"name":"TeamsChannelType"},{"name":"IsCommunicationSite"},{"name":"IsHubSite"},{"name":"HubSiteId"},{"name":"IsOneDrive"},{"name":"BlockAccessFromUnmanagedDevices"},{"name":"BlockDownloadOfAllFilesOnUnmanagedDevices"},{"name":"BlockDownloadOfViewableFilesOnUnmanagedDevices"},{"name":"IsExternalSharingEnabled"},{"name":"ShareByEmailEnabled"},{"name":"ShareByLinkEnabled"},{"name":"SiteConnectedToPrivateGroup"},{"name":"SensitivityLabelInfo"},{"name":"Classification"},{"name":"IBMode"},{"name":"IBSegments"},{"name":"RelatedGroupId"},{"name":"Owner"},{"name":"SecondaryContact"},{"name":"ReadLocked"},{"name":"ReadOnly"},{"name":"CreatedTime"},{"name":"Operation"},{"name":"LastUserAccessDate"},{"name":"SnapshotDate"}],"AdditionalDataSetProperties":{"top":1}},"sink":{"type":"BinarySink","storeSettings":{"type":"AzureBlobFSWriteSettings"}},"enableStaging":false},"inputs":[{"referenceName":"Site_Perms_Sites_Source","type":"DatasetReference","parameters":{}}],"outputs":[{"referenceName":"Site_Perms_Sites_Target","type":"DatasetReference","parameters":{"StartTime":{"value":"@pipeline().parameters.StartTime","type":"Expression"},"EndTime":{"value":"@pipeline().parameters.EndTime","type":"Expression"},"RunId":{"value":"@pipeline().RunId","type":"Expression"},"StorageContainerName":{"value":"@pipeline().parameters.StorageContainerName","type":"Expression"}}}]},{"name":"ForecastNotebook","type":"SynapseNotebook","dependsOn":[{"activity":"SitesTop1","dependencyConditions":["Succeeded"]},{"activity":"FilesTop1","dependencyConditions":["Succeeded"]}],"policy":{"timeout":"0.12:00:00","retry":0,"retryIntervalInSeconds":30,"secureOutput":false,"secureInput":false},"userProperties":[],"typeProperties":{"notebook":{"referenceName":"Forecast_Storage","type":"NotebookReference"},"parameters":{"windowStartTime":{"value":{"value":"@pipeline().parameters.StartTime","type":"Expression"},"type":"string"},"windowEndTime":{"value":{"value":"@pipeline().parameters.EndTime","type":"Expression"},"type":"string"},"runId":{"value":{"value":"@pipeline().RunId","type":"Expression"},"type":"string"},"storageAccountName":{"value":{"value":"@pipeline().parameters.StorageAccountName","type":"Expression"},"type":"string"},"storageContainerName":{"value":{"value":"@pipeline().parameters.StorageContainerName","type":"Expression"},"type":"string"}},"snapshot":true,"sparkPool":{"referenceName":"sparkpoolag","type":"BigDataPoolReference"},"conf":{}}},{"name":"FilesTop1","type":"Copy","dependsOn":[],"policy":{"timeout":"0.12:00:00","retry":0,"retryIntervalInSeconds":30,"secureOutput":false,"secureInput":false},"userProperties":[],"typeProperties":{"source":{"type":"Office365Source"},"sink":{"type":"BinarySink","storeSettings":{"type":"AzureBlobFSWriteSettings"}},"enableStaging":false},"inputs":[{"referenceName":"FilesTop","type":"DatasetReference","parameters":{"StartTime":"2024-01-01T00:00:00Z","EndTime":"2024-01-01T00:00:00Z"}}],"outputs":[{"referenceName":"Storage_Files_Target","type":"DatasetReference","parameters":{"EndTime":{"value":"@pipeline().parameters.EndTime","type":"Expression"},"RunId":{"value":"@pipeline().RunId","type":"Expression"},"StorageContainerName":{"value":"@pipeline().parameters.StorageContainerName","type":"Expression"}}}]}],"policy":{"elapsedTimeMetric":{}},"parameters":{"StartTime":{"type":"string","defaultValue":"2024-02-05T00:00:00Z"},"EndTime":{"type":"string","defaultValue":"2024-02-05T00:00:00Z"},"StorageAccountName":{"type":"string","defaultValue":"mgdcag"},"StorageContainerName":{"type":"string","defaultValue":"top1-forecast"}},"variables":{"IsSuccess":{"type":"Boolean"},"StartDate":{"type":"String"},"DeltaDays":{"type":"Integer"}},"annotations":[],"lastPublishTime":"2024-02-27T09:47:55Z"},"dependsOn":["[concat(variables('workspaceId'), '/datasets/Site_Perms_Sites_Source')]","[concat(variables('workspaceId'), '/datasets/Site_Perms_Sites_Target')]","[concat(variables('workspaceId'), '/notebooks/Forecast_Storage')]","[concat(variables('workspaceId'), '/bigDataPools/sparkpoolag')]","[concat(variables('workspaceId'), '/datasets/FilesTop')]","[concat(variables('workspaceId'), '/datasets/Storage_Files_Target')]"]},{"name":"[concat(parameters('workspaceName'), '/Site_Perms_Sites_Source')]","type":"Microsoft.Synapse/workspaces/datasets","apiVersion":"2019-06-01-preview","properties":{"linkedServiceName":{"referenceName":"[parameters('Microsoft365First')]","type":"LinkedServiceReference"},"annotations":[],"type":"Office365Table","schema":[],"typeProperties":{"tableName":"BasicDataSet_v0.SharePointSites_v1"}},"dependsOn":[]},{"name":"[concat(parameters('workspaceName'), '/Site_Perms_Sites_Target')]","type":"Microsoft.Synapse/workspaces/datasets","apiVersion":"2019-06-01-preview","properties":{"linkedServiceName":{"referenceName":"[parameters('ServicePrincipalCon')]","type":"LinkedServiceReference"},"parameters":{"StartTime":{"type":"string"},"EndTime":{"type":"string"},"RunId":{"type":"string"},"StorageContainerName":{"type":"string"}},"annotations":[],"type":"Binary","typeProperties":{"location":{"type":"AzureBlobFSLocation","folderPath":{"value":"@concat('raw/sites/',formatDateTime(dataset().EndTime, 'yyyy'),'/', formatDateTime(dataset().EndTime, 'MM'),'/',formatDateTime(dataset().EndTime, 'dd'),'/',dataset().RunId)","type":"Expression"},"fileSystem":{"value":"@dataset().StorageContainerName","type":"Expression"}}}},"dependsOn":[]},{"name":"[concat(parameters('workspaceName'), '/Forecast_Storage')]","type":"Microsoft.Synapse/workspaces/notebooks","apiVersion":"2019-06-01-preview","properties":{"nbformat":4,"nbformat_minor":2,"bigDataPool":{"referenceName":"sparkpoolag","type":"BigDataPoolReference"},"sessionProperties":{"driverMemory":"28g","driverCores":4,"executorMemory":"28g","executorCores":4,"numExecutors":2,"runAsWorkspaceSystemIdentity":false,"conf":{"spark.dynamicAllocation.enabled":"false","spark.dynamicAllocation.minExecutors":"2","spark.dynamicAllocation.maxExecutors":"2","spark.autotune.trackingId":"9a72c2de-fc29-4d0a-acc3-5f0d29c95b70"}},"metadata":{"saveOutput":true,"synapse_widget":{"version":"0.1","state":{}},"enableDebugMode":false,"kernelspec":{"name":"synapse_pyspark","display_name":"Synapse PySpark"},"language_info":{"name":"scala"},"a365ComputeOptions":{"id":"/subscriptions/b3087308-e129-438c-94cf-7812be946e2b/resourceGroups/MGDC-pg/providers/Microsoft.Synapse/workspaces/grover-mgdc/bigDataPools/sparkpoolag","name":"sparkpoolag","type":"Spark","endpoint":"https://grover-mgdc.dev.azuresynapse.net/livyApi/versions/2019-11-01-preview/sparkPools/sparkpoolag","auth":{"type":"AAD","authResource":"https://dev.azuresynapse.net"},"sparkVersion":"3.3","nodeCount":3,"cores":4,"memory":28,"automaticScaleJobs":false},"sessionKeepAliveTimeout":30},"cells":[{"cell_type":"code","metadata":{"microsoft":{"language":"scala"}},"source":["%%spark\r\n","println(\"Application Id: \" + spark.sparkContext.applicationId )\r\n","println(\"Application Name: \" + spark.sparkContext.appName)"],"outputs":[{"output_type":"display_data","data":{"application/vnd.livy.statement-meta+json":{"spark_pool":"sparkpoolag","session_id":"29","statement_id":2,"statement_ids":[2],"state":"finished","livy_statement_state":"available","queued_time":"2024-05-21T10:54:04.6652283Z","session_start_time":"2024-05-21T10:54:04.7140302Z","execution_start_time":"2024-05-21T10:56:49.3424396Z","execution_finish_time":"2024-05-21T10:56:51.2505105Z","spark_jobs":null,"parent_msg_id":"a2a394d1-188e-4196-b0d1-e7104b571ba7"},"text/plain":"StatementMeta(sparkpoolag, 29, 2, Finished, Available)"},"metadata":{}},{"name":"stdout","output_type":"stream","text":"Application Id: application_1716288926325_0001\nApplication Name: Forecast_Storage_sparkpoolag_1716288844\n"}],"execution_count":1},{"cell_type":"markdown","metadata":{"nteract":{"transient":{"deleting":false}}},"source":["# Debug Variables\r\n","\r\n","these are taken from the pipiline normamly"]},{"cell_type":"code","metadata":{"jupyter":{"source_hidden":false,"outputs_hidden":false},"nteract":{"transient":{"deleting":false}}},"source":["\r\n","var windowStartTime = \"2024-04-30T00:00:00Z\" ;\r\n","var windowEndTime = \"2024-05-10T00:00:00Z\" ;\r\n","var runId = \"332e72b9-f77c-4e8f-b52c-60fe3321273e\" ;\r\n","var storageAccountName = \"mgdcag\" ;\r\n","var storageContainerName = \"storage-optimization\" ;\r\n","\r\n","// If start and end date are the same we are performing a full pull\r\n","val fullPull: Boolean = windowStartTime == windowEndTime"],"outputs":[{"output_type":"display_data","data":{"application/vnd.livy.statement-meta+json":{"spark_pool":"sparkpoolag","session_id":"29","statement_id":3,"statement_ids":[3],"state":"finished","livy_statement_state":"available","queued_time":"2024-05-21T11:00:12.5157449Z","session_start_time":null,"execution_start_time":"2024-05-21T11:00:12.6868194Z","execution_finish_time":"2024-05-21T11:00:14.5362647Z","spark_jobs":null,"parent_msg_id":"8efdf48d-89f6-44c4-a448-602bba833d64"},"text/plain":"StatementMeta(sparkpoolag, 29, 3, Finished, Available)"},"metadata":{}},{"name":"stdout","output_type":"stream","text":"windowStartTime: String = 2024-04-30T00:00:00Z\nwindowEndTime: String = 2024-05-10T00:00:00Z\nrunId: String = 332e72b9-f77c-4e8f-b52c-60fe3321273e\nstorageAccountName: String = mgdcag\nstorageContainerName: String = storage-optimization\nfullPull: Boolean = false\n"}],"execution_count":2},{"cell_type":"code","metadata":{"jupyter":{"source_hidden":false,"outputs_hidden":false},"nteract":{"transient":{"deleting":false}}},"source":["import java.text.SimpleDateFormat\r\n","import java.time.LocalDateTime\r\n","import java.time.format.DateTimeFormatter\r\n","import java.time.temporal.ChronoUnit\r\n","import org.apache.spark.sql.types._\r\n","import org.apache.spark.sql.{DataFrame, Row, SparkSession}\r\n","\r\n","val standardDatePattern: String = \"yyyy-MM-dd'T'HH:mm:ss'Z'\"\r\n","val windowStartDateTimeLocal: LocalDateTime =\r\n","      LocalDateTime.parse(windowStartTime, DateTimeFormatter.ofPattern(standardDatePattern))\r\n","val windowEndTimeLocal: LocalDateTime =\r\n","      LocalDateTime.parse(windowEndTime, DateTimeFormatter.ofPattern(standardDatePattern))\r\n","\r\n","// set your storage account connection\r\n","\r\n","val timeDirFormatter = DateTimeFormatter.ofPattern(\"yyyy/MM/dd\")\r\n","val yearMonthDayFormat = windowStartDateTimeLocal.format(timeDirFormatter).stripSuffix(\"/\")\r\n","val yearMonthDayFormatEnd = windowEndTimeLocal.format(timeDirFormatter).stripSuffix(\"/\")\r\n","\r\n","val adls_path = f\"abfss://$storageContainerName@$storageAccountName.dfs.core.windows.net\"\r\n","val metadataPath = \"metadata/JobMetadata/\"\r\n","\r\n","val spSitesJobMetadata = adls_path + s\"/raw/sites/$yearMonthDayFormatEnd/$runId/$metadataPath\"\r\n","val spFilesJobMetadata = adls_path + s\"/raw/files/$yearMonthDayFormatEnd/$runId/$metadataPath\"\r\n","\r\n","\r\n","spark.conf.set(\"mapreduce.fileoutputcommitter.marksuccessfuljobs\", \"false\")"],"outputs":[{"output_type":"display_data","data":{"application/vnd.livy.statement-meta+json":{"spark_pool":"sparkpoolag","session_id":"29","statement_id":4,"statement_ids":[4],"state":"finished","livy_statement_state":"available","queued_time":"2024-05-21T11:00:12.5815915Z","session_start_time":null,"execution_start_time":"2024-05-21T11:00:14.7019035Z","execution_finish_time":"2024-05-21T11:00:20.1926663Z","spark_jobs":null,"parent_msg_id":"fc998f0f-d2e2-4fe2-bc90-23c99882a524"},"text/plain":"StatementMeta(sparkpoolag, 29, 4, Finished, Available)"},"metadata":{}},{"name":"stdout","output_type":"stream","text":"import java.text.SimpleDateFormat\nimport java.time.LocalDateTime\nimport java.time.format.DateTimeFormatter\nimport java.time.temporal.ChronoUnit\nimport org.apache.spark.sql.types._\nimport org.apache.spark.sql.{DataFrame, Row, SparkSession}\nstandardDatePattern: String = yyyy-MM-dd'T'HH:mm:ss'Z'\nwindowStartDateTimeLocal: java.time.LocalDateTime = 2024-04-30T00:00\nwindowEndTimeLocal: java.time.LocalDateTime = 2024-05-10T00:00\ntimeDirFormatter: java.time.format.DateTimeFormatter = Value(YearOfEra,4,19,EXCEEDS_PAD)'/'Value(MonthOfYear,2)'/'Value(DayOfMonth,2)\nyearMonthDayFormat: String = 2024/04/30\nyearMonthDayFormatEnd: String = 2024/05/10\nadls_path: String = abfss://storage-optimization@mgdcag.dfs.core.windows.net\nmetadataPath: String = metadata/JobMetadata/\nspSitesJobMetadata: String = abfss://storage-optimization@mgdcag.dfs.core.windows.net/raw/sites/2024/05/10/332e72b9-f77c-4e8f-b52c-60fe3321273e/metadata/JobMetadata/\nspFilesJobMetadata: String = abfss://storage-optimization@mgdcag.dfs.core.windows.net/raw/files/2024/05/10/332e72b9-f77c-4e8f-b52c-60fe3321273e/metadata/JobMetadata/\n"}],"execution_count":3},{"cell_type":"markdown","metadata":{"nteract":{"transient":{"deleting":false}}},"source":["## Read in the metadata\r\n","\r\n",""]},{"cell_type":"code","metadata":{"jupyter":{"source_hidden":false,"outputs_hidden":false},"nteract":{"transient":{"deleting":false}}},"source":["val sitesMetadataDF = spark\r\n","    .read\r\n","    .format(\"json\")\r\n","    .option(\"recursiveFileLookup\", \"false\")\r\n","    .load(spSitesJobMetadata)\r\n","\r\n","val filesMetadataDF = spark\r\n","    .read\r\n","    .format(\"json\")\r\n","    .option(\"recursiveFileLookup\", \"false\")\r\n","    .load(spFilesJobMetadata)\r\n","\r\n","//var combinedDF = sitesMetadataDF//.union(filesMetadataDF)\r\n","var combinedDF = sitesMetadataDF.union(filesMetadataDF)\r\n","\r\n","var simplifiedDF = combinedDF.select(\"TableName\", \"TotalRowCount\", \"NumberOfRowsExtracted\", \"ExtractionMode\")\r\n","\r\n","\r\n","var totalForecast = simplifiedDF\r\n",""],"outputs":[{"output_type":"display_data","data":{"application/vnd.livy.statement-meta+json":{"spark_pool":"sparkpoolag","session_id":"29","statement_id":6,"statement_ids":[6],"state":"finished","livy_statement_state":"available","queued_time":"2024-05-21T11:01:22.2379319Z","session_start_time":null,"execution_start_time":"2024-05-21T11:01:22.3885622Z","execution_finish_time":"2024-05-21T11:01:25.3053499Z","spark_jobs":null,"parent_msg_id":"9c913523-e429-41f3-895f-e7a9e3fd9362"},"text/plain":"StatementMeta(sparkpoolag, 29, 6, Finished, Available)"},"metadata":{}},{"name":"stdout","output_type":"stream","text":"sitesMetadataDF: org.apache.spark.sql.DataFrame = [ApplicationId: string, ColumnsRequested: string ... 12 more fields]\nfilesMetadataDF: org.apache.spark.sql.DataFrame = [ApplicationId: string, ColumnsRequested: string ... 12 more fields]\ncombinedDF: org.apache.spark.sql.Dataset[org.apache.spark.sql.Row] = [ApplicationId: string, ColumnsRequested: string ... 12 more fields]\nsimplifiedDF: org.apache.spark.sql.DataFrame = [TableName: string, NumberOfRowsExtracted: bigint ... 1 more field]\ntotalForecast: org.apache.spark.sql.DataFrame = [TableName: string, NumberOfRowsExtracted: bigint ... 1 more field]\n"}],"execution_count":5},{"cell_type":"code","metadata":{"jupyter":{"source_hidden":false,"outputs_hidden":false},"nteract":{"transient":{"deleting":false}}},"source":["totalForecast.show(6, false)"],"outputs":[{"output_type":"display_data","data":{"application/vnd.livy.statement-meta+json":{"spark_pool":"sparkpoolag","session_id":"29","statement_id":7,"statement_ids":[7],"state":"finished","livy_statement_state":"available","queued_time":"2024-05-21T11:01:29.8918493Z","session_start_time":null,"execution_start_time":"2024-05-21T11:01:30.0796102Z","execution_finish_time":"2024-05-21T11:01:32.8961189Z","spark_jobs":null,"parent_msg_id":"213a9e1b-40d2-4883-9fe4-e453b7aa11b6"},"text/plain":"StatementMeta(sparkpoolag, 29, 7, Finished, Available)"},"metadata":{}},{"name":"stdout","output_type":"stream","text":"+----------------------------------+---------------------+--------------+\n|TableName                         |NumberOfRowsExtracted|ExtractionMode|\n+----------------------------------+---------------------+--------------+\n|BasicDataSet_v0.SharePointSites_v1|216                  |Delta         |\n|BasicDataSet_v0.SharePointFiles_v1|36                   |Delta         |\n+----------------------------------+---------------------+--------------+\n\n"}],"execution_count":6}]},"dependsOn":[]},{"name":"[concat(parameters('workspaceName'), '/sparkpoolag')]","type":"Microsoft.Synapse/workspaces/bigDataPools","apiVersion":"2019-06-01-preview","properties":{"autoPause":{"enabled":true,"delayInMinutes":15},"autoScale":{"enabled":true,"maxNodeCount":10,"minNodeCount":3},"nodeCount":0,"nodeSize":"Small","nodeSizeFamily":"MemoryOptimized","sparkVersion":"3.3","isComputeIsolationEnabled":false,"sessionLevelPackagesEnabled":true,"annotations":[]},"dependsOn":[],"location":"westeurope"},{"name":"[concat(parameters('workspaceName'), '/FilesTop')]","type":"Microsoft.Synapse/workspaces/datasets","apiVersion":"2019-06-01-preview","properties":{"linkedServiceName":{"referenceName":"[parameters('Microsoft365First')]","type":"LinkedServiceReference"},"parameters":{"StartTime":{"type":"string","defaultValue":"2024-01-01T00:00:00Z"},"EndTime":{"type":"string","defaultValue":"2024-01-01T00:00:00Z"}},"annotations":[],"type":"Office365Table","structure":[{"name":"ptenant","type":"string","description":"Id of the tenant"},{"name":"SiteId","type":"string","description":"The id of the Site containing this file"},{"name":"Author","type":"string","description":"The author of the file."},{"name":"Dirname","type":"string","description":"Folder path of the document"},{"name":"Extension","type":"string","description":"The file extension, not including the leading period"},{"name":"Filename","type":"string","description":"The name of the file, including the extension"},{"name":"IsLabelEncrypted","type":"boolean","description":"True if the file has a sensitivity label with encryption enabled"},{"name":"ItemId","type":"string","description":"The id of the item. Combine with SiteId to get a globally unique id."},{"name":"ListId","type":"string","description":"The id of the List containing this file"},{"name":"ListServerTemplate","type":"string","description":"The name of the server template used for the List containing this file"},{"name":"MajorVersion","type":"int32","description":"The major version number of the file"},{"name":"MinorVersion","type":"int32","description":"The minor version number of the file"},{"name":"ModifiedBy","type":"datetime","description":"The last person to modify the file."},{"name":"Operation","type":"string","description":"Extraction mode of this row. Gives info about row extracted with full mode ('Full') or delta mode ('Created', 'Updated' or 'Deleted')"},{"name":"ScopeId","type":"string","description":"The id of the security scope controlling permissions for the file"},{"name":"SensitivityLabelInfo","type":"string","description":"Sensitivity Label for the site. Format: STRUCT<`Displayname`:STRING, `Id`:STRING>"},{"name":"SiteUrl","type":"string","description":"The URL of the site containing this file"},{"name":"SizeInBytes","type":"int64","description":"The size in bytes of the current version of the file"},{"name":"SizeInBytesWithVersions","type":"int64","description":"The size in bytes of all file versions and metadata"},{"name":"TimeCreated","type":"datetime","description":"The date and time when the file was created, in UTC"},{"name":"TimeLastModified","type":"datetime","description":"The date and time when the file was last modified, in UTC"},{"name":"WebId","type":"string","description":"The id of the Web containing this file"},{"name":"WebTemplateId","type":"int32","description":"The id of the template used for the Web containing this file"},{"name":"SnapshotDate","type":"datetime","description":"The date this dataset was generated"}],"typeProperties":{"tableName":"BasicDataSet_v0.SharePointFiles_v1","dateFilterColumn":"SnapshotDate","startTime":{"value":"@dataset().StartTime","type":"Expression"},"endTime":{"value":"@dataset().EndTime","type":"Expression"},"AdditionalDataSetProperties":{"top":1}}},"dependsOn":[]},{"name":"[concat(parameters('workspaceName'), '/Storage_Files_Target')]","type":"Microsoft.Synapse/workspaces/datasets","apiVersion":"2019-06-01-preview","properties":{"linkedServiceName":{"referenceName":"[parameters('ServicePrincipalCon')]","type":"LinkedServiceReference"},"parameters":{"EndTime":{"type":"string"},"RunId":{"type":"string"},"StorageContainerName":{"type":"string"}},"annotations":[],"type":"Binary","typeProperties":{"location":{"type":"AzureBlobFSLocation","folderPath":{"value":"@concat('raw/files/',formatDateTime(dataset().EndTime, 'yyyy'),'/', formatDateTime(dataset().EndTime, 'MM'),'/',formatDateTime(dataset().EndTime, 'dd'),'/',dataset().RunId)","type":"Expression"},"fileSystem":{"value":"@dataset().StorageContainerName","type":"Expression"}}}},"dependsOn":[]}]}