{"$schema":"http://schema.management.azure.com/schemas/2015-01-01/deploymentTemplate.json#","contentVersion":"1.0.0.0","parameters":{"workspaceName":{"type":"string","metadata":"Workspace name","defaultValue":"synapse-mgdc-us"},"Microsoft365":{"type":"string"},"AzureDataLakeStorage":{"type":"string"}},"variables":{"workspaceId":"[concat('Microsoft.Synapse/workspaces/', parameters('workspaceName'))]"},"resources":[{"name":"[concat(parameters('workspaceName'), '/Storage_Top1')]","type":"Microsoft.Synapse/workspaces/pipelines","apiVersion":"2019-06-01-preview","properties":{"activities":[{"name":"SitesTop1","type":"Copy","dependsOn":[],"policy":{"timeout":"0.12:00:00","retry":0,"retryIntervalInSeconds":30,"secureOutput":false,"secureInput":false},"userProperties":[],"typeProperties":{"source":{"type":"Office365Source","dateFilterColumn":"SnapshotDate","startTime":{"value":"@pipeline().parameters.StartTime","type":"Expression"},"endTime":{"value":"@pipeline().parameters.EndTime","type":"Expression"},"outputColumns":[{"name":"ptenant"},{"name":"Id"},{"name":"Url"},{"name":"ArchiveState"},{"name":"RootWeb"},{"name":"WebCount"},{"name":"StorageQuota"},{"name":"StorageUsed"},{"name":"StorageMetrics"},{"name":"GroupId"},{"name":"GeoLocation"},{"name":"IsInRecycleBin"},{"name":"RecycleBinItemCount"},{"name":"RecycleBinItemSize"},{"name":"SecondStageRecycleBinStorageUsage"},{"name":"IsTeamsConnectedSite"},{"name":"IsTeamsChannelSite"},{"name":"TeamsChannelType"},{"name":"IsCommunicationSite"},{"name":"IsHubSite"},{"name":"HubSiteId"},{"name":"IsOneDrive"},{"name":"BlockAccessFromUnmanagedDevices"},{"name":"BlockDownloadOfAllFilesOnUnmanagedDevices"},{"name":"BlockDownloadOfViewableFilesOnUnmanagedDevices"},{"name":"IsExternalSharingEnabled"},{"name":"ShareByEmailEnabled"},{"name":"ShareByLinkEnabled"},{"name":"SiteConnectedToPrivateGroup"},{"name":"SensitivityLabelInfo"},{"name":"Classification"},{"name":"IBMode"},{"name":"IBSegments"},{"name":"RelatedGroupId"},{"name":"Owner"},{"name":"SecondaryContact"},{"name":"ReadLocked"},{"name":"ReadOnly"},{"name":"CreatedTime"},{"name":"Operation"},{"name":"LastUserAccessDate"},{"name":"SnapshotDate"}],"AdditionalDataSetProperties":{"top":1}},"sink":{"type":"BinarySink","storeSettings":{"type":"AzureBlobFSWriteSettings"}},"enableStaging":false},"inputs":[{"referenceName":"Site_Perms_Sites_Source","type":"DatasetReference","parameters":{}}],"outputs":[{"referenceName":"Site_Perms_Sites_Target","type":"DatasetReference","parameters":{"StartTime":{"value":"@pipeline().parameters.StartTime","type":"Expression"},"EndTime":{"value":"@pipeline().parameters.EndTime","type":"Expression"},"RunId":{"value":"@pipeline().RunId","type":"Expression"},"StorageContainerName":{"value":"@pipeline().parameters.StorageContainerName","type":"Expression"}}}]},{"name":"ForecastNotebook","type":"SynapseNotebook","dependsOn":[{"activity":"SitesTop1","dependencyConditions":["Succeeded"]},{"activity":"FilesTop1","dependencyConditions":["Succeeded"]}],"policy":{"timeout":"0.12:00:00","retry":0,"retryIntervalInSeconds":30,"secureOutput":false,"secureInput":false},"userProperties":[],"typeProperties":{"notebook":{"referenceName":"Forecast_Storage","type":"NotebookReference"},"parameters":{"windowStartTime":{"value":{"value":"@pipeline().parameters.StartTime","type":"Expression"},"type":"string"},"windowEndTime":{"value":{"value":"@pipeline().parameters.EndTime","type":"Expression"},"type":"string"},"runId":{"value":{"value":"@pipeline().RunId","type":"Expression"},"type":"string"},"storageAccountName":{"value":{"value":"@pipeline().parameters.StorageAccountName","type":"Expression"},"type":"string"},"storageContainerName":{"value":{"value":"@pipeline().parameters.StorageContainerName","type":"Expression"},"type":"string"}},"snapshot":true,"conf":{}}},{"name":"FilesTop1","type":"Copy","dependsOn":[],"policy":{"timeout":"0.12:00:00","retry":0,"retryIntervalInSeconds":30,"secureOutput":false,"secureInput":false},"userProperties":[],"typeProperties":{"source":{"type":"Office365Source"},"sink":{"type":"BinarySink","storeSettings":{"type":"AzureBlobFSWriteSettings"}},"enableStaging":false},"inputs":[{"referenceName":"FilesTop","type":"DatasetReference","parameters":{"StartTime":"2024-01-01T00:00:00Z","EndTime":"2024-01-01T00:00:00Z"}}],"outputs":[{"referenceName":"Storage_Files_Target","type":"DatasetReference","parameters":{"EndTime":{"value":"@pipeline().parameters.EndTime","type":"Expression"},"RunId":{"value":"@pipeline().RunId","type":"Expression"},"StorageContainerName":{"value":"@pipeline().parameters.StorageContainerName","type":"Expression"}}}]}],"policy":{"elapsedTimeMetric":{}},"parameters":{"StartTime":{"type":"string","defaultValue":"2024-07-01T00:00:00Z"},"EndTime":{"type":"string","defaultValue":"2024-07-01T00:00:00Z"},"StorageAccountName":{"type":"string","defaultValue":"agmgdcstorage"},"StorageContainerName":{"type":"string","defaultValue":"forecast-storage"}},"variables":{"IsSuccess":{"type":"Boolean"},"StartDate":{"type":"String"},"DeltaDays":{"type":"Integer"}},"annotations":[],"lastPublishTime":"2024-07-19T16:10:14Z"},"dependsOn":["[concat(variables('workspaceId'), '/datasets/Site_Perms_Sites_Source')]","[concat(variables('workspaceId'), '/datasets/Site_Perms_Sites_Target')]","[concat(variables('workspaceId'), '/notebooks/Forecast_Storage')]","[concat(variables('workspaceId'), '/datasets/FilesTop')]","[concat(variables('workspaceId'), '/datasets/Storage_Files_Target')]"]},{"name":"[concat(parameters('workspaceName'), '/Site_Perms_Sites_Source')]","type":"Microsoft.Synapse/workspaces/datasets","apiVersion":"2019-06-01-preview","properties":{"linkedServiceName":{"referenceName":"[parameters('Microsoft365')]","type":"LinkedServiceReference"},"annotations":[],"type":"Office365Table","schema":[],"typeProperties":{"tableName":"BasicDataSet_v0.SharePointSites_v1"}},"dependsOn":[]},{"name":"[concat(parameters('workspaceName'), '/Site_Perms_Sites_Target')]","type":"Microsoft.Synapse/workspaces/datasets","apiVersion":"2019-06-01-preview","properties":{"linkedServiceName":{"referenceName":"[parameters('AzureDataLakeStorage')]","type":"LinkedServiceReference"},"parameters":{"StartTime":{"type":"string"},"EndTime":{"type":"string"},"RunId":{"type":"string"},"StorageContainerName":{"type":"string"}},"annotations":[],"type":"Binary","typeProperties":{"location":{"type":"AzureBlobFSLocation","folderPath":{"value":"@concat('raw/sites/',formatDateTime(dataset().EndTime, 'yyyy'),'/', formatDateTime(dataset().EndTime, 'MM'),'/',formatDateTime(dataset().EndTime, 'dd'),'/',dataset().RunId)","type":"Expression"},"fileSystem":{"value":"@dataset().StorageContainerName","type":"Expression"}}}},"dependsOn":[]},{"name":"[concat(parameters('workspaceName'), '/Forecast_Storage')]","type":"Microsoft.Synapse/workspaces/notebooks","apiVersion":"2019-06-01-preview","properties":{"nbformat":4,"nbformat_minor":2,"bigDataPool":{"referenceName":"sparkpoolag","type":"BigDataPoolReference"},"sessionProperties":{"driverMemory":"28g","driverCores":4,"executorMemory":"28g","executorCores":4,"numExecutors":2,"runAsWorkspaceSystemIdentity":false,"conf":{"spark.dynamicAllocation.enabled":"false","spark.dynamicAllocation.minExecutors":"2","spark.dynamicAllocation.maxExecutors":"2","spark.autotune.trackingId":"fb90c016-48a3-4978-b243-5ddb7d50c222"}},"metadata":{"saveOutput":false,"enableDebugMode":false,"language_info":{"name":"scala"},"a365ComputeOptions":{"id":"/subscriptions/883b3a73-b22e-4240-b95c-58d0ba2173bd/resourceGroups/mgdc/providers/Microsoft.Synapse/workspaces/synapse-mgdc-us/bigDataPools/sparkpoolag","name":"sparkpoolag","type":"Spark","endpoint":"https://synapse-mgdc-us.dev.azuresynapse.net/livyApi/versions/2019-11-01-preview/sparkPools/sparkpoolag","auth":{"type":"AAD","authResource":"https://dev.azuresynapse.net","authHeader":null},"sparkVersion":"3.4","nodeCount":10,"cores":4,"memory":28,"extraHeader":null},"sessionKeepAliveTimeout":30},"cells":[{"cell_type":"code","metadata":{"microsoft":{"language":"scala"}},"source":["%%spark\r\n","println(\"Application Id: \" + spark.sparkContext.applicationId )\r\n","println(\"Application Name: \" + spark.sparkContext.appName)"],"outputs":[],"execution_count":1},{"cell_type":"markdown","metadata":{"nteract":{"transient":{"deleting":false}}},"source":["# Debug Variables\r\n","\r\n","these are taken from the pipiline normamly"]},{"cell_type":"code","metadata":{"jupyter":{"source_hidden":false,"outputs_hidden":false},"nteract":{"transient":{"deleting":false}}},"source":["\r\n","// var windowStartTime = \"2024-04-30T00:00:00Z\" ;\r\n","// var windowEndTime = \"2024-05-10T00:00:00Z\" ;\r\n","// var runId = \"332e72b9-f77c-4e8f-b52c-60fe3321273e\" ;\r\n","// var storageAccountName = \"mgdcag\" ;\r\n","// var storageContainerName = \"storage-optimization\" ;\r\n","\r\n","// If start and end date are the same we are performing a full pull\r\n","val fullPull: Boolean = windowStartTime == windowEndTime"],"outputs":[],"execution_count":2},{"cell_type":"code","metadata":{"jupyter":{"source_hidden":false,"outputs_hidden":false},"nteract":{"transient":{"deleting":false}}},"source":["import java.text.SimpleDateFormat\r\n","import java.time.LocalDateTime\r\n","import java.time.format.DateTimeFormatter\r\n","import java.time.temporal.ChronoUnit\r\n","import org.apache.spark.sql.types._\r\n","import org.apache.spark.sql.{DataFrame, Row, SparkSession}\r\n","\r\n","val standardDatePattern: String = \"yyyy-MM-dd'T'HH:mm:ss'Z'\"\r\n","val windowStartDateTimeLocal: LocalDateTime =\r\n","      LocalDateTime.parse(windowStartTime, DateTimeFormatter.ofPattern(standardDatePattern))\r\n","val windowEndTimeLocal: LocalDateTime =\r\n","      LocalDateTime.parse(windowEndTime, DateTimeFormatter.ofPattern(standardDatePattern))\r\n","\r\n","// set your storage account connection\r\n","\r\n","val timeDirFormatter = DateTimeFormatter.ofPattern(\"yyyy/MM/dd\")\r\n","val yearMonthDayFormat = windowStartDateTimeLocal.format(timeDirFormatter).stripSuffix(\"/\")\r\n","val yearMonthDayFormatEnd = windowEndTimeLocal.format(timeDirFormatter).stripSuffix(\"/\")\r\n","\r\n","val adls_path = f\"abfss://$storageContainerName@$storageAccountName.dfs.core.windows.net\"\r\n","val metadataPath = \"metadata/JobMetadata/\"\r\n","\r\n","val spSitesJobMetadata = adls_path + s\"/raw/sites/$yearMonthDayFormatEnd/$runId/$metadataPath\"\r\n","val spFilesJobMetadata = adls_path + s\"/raw/files/$yearMonthDayFormatEnd/$runId/$metadataPath\"\r\n","\r\n","\r\n","spark.conf.set(\"mapreduce.fileoutputcommitter.marksuccessfuljobs\", \"false\")"],"outputs":[],"execution_count":3},{"cell_type":"markdown","metadata":{"nteract":{"transient":{"deleting":false}}},"source":["## Read in the metadata\r\n","\r\n",""]},{"cell_type":"code","metadata":{"jupyter":{"source_hidden":false,"outputs_hidden":false},"nteract":{"transient":{"deleting":false}}},"source":["val sitesMetadataDF = spark\r\n","    .read\r\n","    .format(\"json\")\r\n","    .option(\"recursiveFileLookup\", \"false\")\r\n","    .load(spSitesJobMetadata)\r\n","\r\n","val filesMetadataDF = spark\r\n","    .read\r\n","    .format(\"json\")\r\n","    .option(\"recursiveFileLookup\", \"false\")\r\n","    .load(spFilesJobMetadata)\r\n","\r\n","//var combinedDF = sitesMetadataDF//.union(filesMetadataDF)\r\n","var combinedDF = sitesMetadataDF.union(filesMetadataDF)\r\n","\r\n","var simplifiedDF = combinedDF.select(\"TableName\", \"TotalRowCount\", \"NumberOfRowsExtracted\", \"ExtractionMode\")\r\n","\r\n","\r\n","var totalForecast = simplifiedDF\r\n",""],"outputs":[],"execution_count":5},{"cell_type":"code","metadata":{"jupyter":{"source_hidden":false,"outputs_hidden":false},"nteract":{"transient":{"deleting":false}}},"source":["totalForecast.show(6, false)"],"outputs":[],"execution_count":6}]},"dependsOn":[]},{"name":"[concat(parameters('workspaceName'), '/FilesTop')]","type":"Microsoft.Synapse/workspaces/datasets","apiVersion":"2019-06-01-preview","properties":{"linkedServiceName":{"referenceName":"[parameters('Microsoft365')]","type":"LinkedServiceReference"},"parameters":{"StartTime":{"type":"string","defaultValue":"2024-01-01T00:00:00Z"},"EndTime":{"type":"string","defaultValue":"2024-01-01T00:00:00Z"}},"annotations":[],"type":"Office365Table","structure":[{"name":"ptenant","type":"string","description":"Id of the tenant"},{"name":"SiteId","type":"string","description":"The id of the Site containing this file"},{"name":"Author","type":"string","description":"The author of the file."},{"name":"Dirname","type":"string","description":"Folder path of the document"},{"name":"Extension","type":"string","description":"The file extension, not including the leading period"},{"name":"Filename","type":"string","description":"The name of the file, including the extension"},{"name":"IsLabelEncrypted","type":"boolean","description":"True if the file has a sensitivity label with encryption enabled"},{"name":"ItemId","type":"string","description":"The id of the item. Combine with SiteId to get a globally unique id."},{"name":"ListId","type":"string","description":"The id of the List containing this file"},{"name":"ListServerTemplate","type":"string","description":"The name of the server template used for the List containing this file"},{"name":"MajorVersion","type":"int32","description":"The major version number of the file"},{"name":"MinorVersion","type":"int32","description":"The minor version number of the file"},{"name":"ModifiedBy","type":"datetime","description":"The last person to modify the file."},{"name":"Operation","type":"string","description":"Extraction mode of this row. Gives info about row extracted with full mode ('Full') or delta mode ('Created', 'Updated' or 'Deleted')"},{"name":"ScopeId","type":"string","description":"The id of the security scope controlling permissions for the file"},{"name":"SensitivityLabelInfo","type":"string","description":"Sensitivity Label for the site. Format: STRUCT<`Displayname`:STRING, `Id`:STRING>"},{"name":"SiteUrl","type":"string","description":"The URL of the site containing this file"},{"name":"SizeInBytes","type":"int64","description":"The size in bytes of the current version of the file"},{"name":"SizeInBytesWithVersions","type":"int64","description":"The size in bytes of all file versions and metadata"},{"name":"TimeCreated","type":"datetime","description":"The date and time when the file was created, in UTC"},{"name":"TimeLastModified","type":"datetime","description":"The date and time when the file was last modified, in UTC"},{"name":"WebId","type":"string","description":"The id of the Web containing this file"},{"name":"WebTemplateId","type":"int32","description":"The id of the template used for the Web containing this file"},{"name":"SnapshotDate","type":"datetime","description":"The date this dataset was generated"}],"typeProperties":{"tableName":"BasicDataSet_v0.SharePointFiles_v1","dateFilterColumn":"SnapshotDate","startTime":{"value":"@dataset().StartTime","type":"Expression"},"endTime":{"value":"@dataset().EndTime","type":"Expression"},"AdditionalDataSetProperties":{"top":1}}},"dependsOn":[]},{"name":"[concat(parameters('workspaceName'), '/Storage_Files_Target')]","type":"Microsoft.Synapse/workspaces/datasets","apiVersion":"2019-06-01-preview","properties":{"linkedServiceName":{"referenceName":"[parameters('AzureDataLakeStorage')]","type":"LinkedServiceReference"},"parameters":{"EndTime":{"type":"string"},"RunId":{"type":"string"},"StorageContainerName":{"type":"string"}},"annotations":[],"type":"Binary","typeProperties":{"location":{"type":"AzureBlobFSLocation","folderPath":{"value":"@concat('raw/files/',formatDateTime(dataset().EndTime, 'yyyy'),'/', formatDateTime(dataset().EndTime, 'MM'),'/',formatDateTime(dataset().EndTime, 'dd'),'/',dataset().RunId)","type":"Expression"},"fileSystem":{"value":"@dataset().StorageContainerName","type":"Expression"}}}},"dependsOn":[]}]}